source_id,lensComponentSourceId,_source_rank,epoch_obs_jd,flux_obs,flux_obs_error,n_points_in_bin,pre_bin_index,pre_bin_start_day,pre_bin_end_day,isFluxCalibrated
362059596955069568,362059596955069633,1,2457021.3508338523,539.0377502441406,19.14656114578247,2,0,2457021.313830232,2457025.313830232,True
362059596955069568,362059596955069633,1,2457049.052128099,525.353759765625,10.825481414794922,1,6,2457045.313830232,2457049.313830232,True
362059596955069568,362059596955069633,1,2457072.837147925,527.0116271972656,8.471341133117676,2,12,2457069.313830232,2457073.313830232,True
362059596955069568,362059596955069633,1,2457199.5547880367,545.162109375,9.93143081665039,1,44,2457197.313830232,2457201.313830232,True
362059596955069568,362059596955069633,1,2457231.327570496,532.7589111328125,8.074826955795288,2,52,2457229.313830232,2457233.313830232,True
362059596955069568,362059596955069633,1,2457253.576221412,518.1901702880859,7.7236762046813965,2,58,2457253.313830232,2457257.313830232,True
362059596955069568,362059596955069633,1,2457351.675276334,530.9081787109375,10.067313194274902,5,82,2457349.313830232,2457353.313830232,True
362059596955069568,362059596955069633,1,2457429.130338533,522.899658203125,9.665202617645264,2,101,2457425.313830232,2457429.313830232,True
362059596955069568,362059596955069633,1,2457447.6350383023,536.3770141601562,8.82942533493042,2,106,2457445.313830232,2457449.313830232,True
362059596955069568,362059596955069633,1,2457575.8906858005,531.7083129882812,11.583026885986328,2,138,2457573.313830232,2457577.313830232,True
362059596955069568,362059596955069633,1,2457611.330034795,531.52685546875,8.48464584350586,1,147,2457609.313830232,2457613.313830232,True
362059596955069568,362059596955069633,1,2457737.26251821,534.2672119140625,8.380938529968262,1,178,2457733.313830232,2457737.313830232,True
362059596955069568,362059596955069633,1,2457737.43867583,520.8846435546875,8.790731430053711,1,179,2457737.313830232,2457741.313830232,True
362059596955069568,362059596955069633,1,2457772.4090792183,547.1428833007812,20.543092727661133,1,187,2457769.313830232,2457773.313830232,True
362059596955069568,362059596955069633,1,2457819.3140150546,531.4684099469866,11.355123111179896,7,199,2457817.313830232,2457821.313830232,True
362059596955069568,362059596955069633,1,2457899.5083613885,520.435661315918,9.974907398223877,4,219,2457897.313830232,2457901.313830232,True
362059596955069568,362059596955069633,1,2457952.2466194546,535.7189331054688,8.377083539962769,2,232,2457949.313830232,2457953.313830232,True
362059596955069568,362059596955069633,1,2457991.9640641147,527.7057189941406,7.771380186080933,2,242,2457989.313830232,2457993.313830232,True
362059596955069568,362059596955069633,1,2458002.289910395,549.5587565104166,46.80092430114746,3,245,2458001.313830232,2458005.313830232,True
362059596955069568,362059596955069633,1,2458116.6087332917,521.4332275390625,7.0484137535095215,1,273,2458113.313830232,2458117.313830232,True
362059596955069568,362059596955069633,1,2458148.051696082,535.8145446777344,10.234260082244873,2,281,2458145.313830232,2458149.313830232,True
362059596955069568,362059596955069633,1,2458273.9307560255,537.6350402832031,9.747942447662354,2,313,2458273.313830232,2458277.313830232,True
362059596955069568,362059596955069633,1,2458296.808223001,539.1734313964844,7.9608001708984375,2,318,2458293.313830232,2458297.313830232,True
362059596955069568,362059596955069633,1,2458328.507743966,526.7088012695312,15.2620210647583,1,326,2458325.313830232,2458329.313830232,True
362059596955069568,362059596955069633,1,2458472.6162422453,542.4103698730469,18.32870578765869,2,362,2458469.313830232,2458473.313830232,True
362059596955069568,362059596955069633,1,2458495.8608748503,523.3054504394531,8.386533737182617,2,368,2458493.313830232,2458497.313830232,True
362059596955069568,362059596955069633,1,2458649.604355828,518.1487884521484,16.151562213897705,2,407,2458649.313830232,2458653.313830232,True
362059596955069568,362059596955069633,1,2458677.312147669,528.051025390625,9.024423599243164,1,413,2458673.313830232,2458677.313830232,True
362059596955069568,362059596955069633,1,2458677.386154409,538.7582397460938,9.955400466918944,1,414,2458677.313830232,2458681.313830232,True
362059596955069568,362059596955069633,1,2458709.458520204,540.2057495117188,8.859473705291748,2,422,2458709.313830232,2458713.313830232,True
362059596955069568,362059596955069633,1,2458834.332544549,528.5995483398438,8.303447723388672,1,453,2458833.313830232,2458837.313830232,True
362059596955069568,362059596955069633,1,2458860.447962043,536.3677368164062,7.326135635375977,1,459,2458857.313830232,2458861.313830232,True
362059596955069568,362059596955069635,0,2457021.3508337387,447.0047607421875,8.44484281539917,2,31,2457019.3414654755,2457023.3414654755,True
362059596955069568,362059596955069635,0,2457072.8248132947,452.27584682422633,11.613354715188862,3,44,2457071.3414654755,2457075.3414654755,
362059596955069568,362059596955069635,0,2457199.554787923,451.96099853515625,8.275969505310059,1,76,2457199.3414654755,2457203.3414654755,True
362059596955069568,362059596955069635,0,2457231.290567188,450.0902404785156,7.4708733558654785,1,83,2457227.3414654755,2457231.3414654755,True
362059596955069568,362059596955069635,0,2457231.3645740766,447.8498840332031,7.934304237365723,1,84,2457231.3414654755,2457235.3414654755,True
362059596955069568,362059596955069635,0,2457429.1303385836,426.9405822753906,27.118957519531254,2,133,2457427.3414654755,2457431.3414654755,True
362059596955069568,362059596955069635,0,2457447.635038166,455.5576477050781,7.963641166687012,2,138,2457447.3414654755,2457451.3414654755,True
362059596955069568,362059596955069635,0,2457575.890685698,456.45115661621094,10.584428787231445,2,170,2457575.3414654755,2457579.3414654755,True
362059596955069568,362059596955069635,0,2457611.330034943,442.0643615722656,6.976741313934326,1,178,2457607.3414654755,2457611.3414654755,True
362059596955069568,362059596955069635,0,2457737.350597134,446.2165222167969,9.73476505279541,2,210,2457735.3414654755,2457739.3414654755,True
362059596955069568,362059596955069635,0,2457772.409079082,443.9500732421875,9.9960298538208,1,219,2457771.3414654755,2457775.3414654755,True
362059596955069568,362059596955069635,0,2457819.112170634,457.6832046508789,9.527535676956177,4,230,2457815.3414654755,2457819.3414654755,True
362059596955069568,362059596955069635,0,2457819.583140711,461.9309590657552,13.397745768229166,3,231,2457819.3414654755,2457823.3414654755,True
362059596955069568,362059596955069635,0,2457899.2951993453,466.8345336914063,8.35122013092041,1,250,2457895.3414654755,2457899.3414654755,True
362059596955069568,362059596955069635,0,2457899.579415278,454.7538655598958,9.942354202270508,3,251,2457899.3414654755,2457903.3414654755,True
362059596955069568,362059596955069635,0,2457952.246619352,458.7349395751953,8.387284278869629,2,264,2457951.3414654755,2457955.3414654755,True
362059596955069568,362059596955069635,0,2457991.9640642568,460.0862274169922,8.275897026062012,2,274,2457991.3414654755,2457995.3414654755,True
362059596955069568,362059596955069635,0,2458097.8213882963,471.5117492675781,27.86085620779936,2,300,2458095.3414654755,2458099.3414654755,False
362059596955069568,362059596955069635,0,2458116.608733405,456.6490783691406,7.765265464782715,1,305,2458115.3414654755,2458119.3414654755,True
362059596955069568,362059596955069635,0,2458148.051695934,460.0660095214844,9.805962085723877,2,313,2458147.3414654755,2458151.3414654755,True
362059596955069568,362059596955069635,0,2458273.930755918,456.5019226074219,8.387518644332886,2,344,2458271.3414654755,2458275.3414654755,True
362059596955069568,362059596955069635,0,2458296.8082231204,458.96533203125,9.04935073852539,2,350,2458295.3414654755,2458299.3414654755,True
362059596955069568,362059596955069635,0,2458472.616242143,449.36090087890625,7.156026601791382,2,394,2458471.3414654755,2458475.3414654755,True
362059596955069568,362059596955069635,0,2458495.860874947,462.14508056640625,9.196269512176514,2,400,2458495.3414654755,2458499.3414654755,True
362059596955069568,362059596955069635,0,2458649.6043557143,452.8241424560547,8.074333906173706,2,438,2458647.3414654755,2458651.3414654755,True
362059596955069568,362059596955069635,0,2458677.349151175,453.98205566406256,8.358564853668213,2,445,2458675.3414654755,2458679.3414654755,True
362059596955069568,362059596955069635,0,2458709.458520352,456.7497100830078,14.731153011322021,2,453,2458707.3414654755,2458711.3414654755,True
362059596955069568,362059596955069635,0,2458834.3325446625,458.9007568359375,9.076515197753906,1,484,2458831.3414654755,2458835.3414654755,True
362059596955069568,362059596955069635,0,2458860.447961906,462.8138732910156,8.20578670501709,1,491,2458859.3414654755,2458863.3414654755,True
362059596955069568,362059596955069637,2,2457021.350833113,104.78326034545898,6.3743577003479,2,0,2457021.3138294923,2457025.3138294923,True
362059596955069568,362059596955069637,2,2457049.052127473,96.6158218383789,8.296345710754395,1,6,2457045.3138294923,2457049.3138294923,True
362059596955069568,362059596955069637,2,2457072.8741508066,102.07243347167967,5.499950885772705,1,12,2457069.3138294923,2457073.3138294923,True
362059596955069568,362059596955069637,2,2457199.5547885145,93.43669128417967,5.53861665725708,1,44,2457197.3138294923,2457201.3138294923,True
362059596955069568,362059596955069637,2,2457231.3645745544,86.32888793945312,3.581194877624512,1,52,2457229.3138294923,2457233.3138294923,True
362059596955069568,362059596955069637,2,2457253.6132255844,89.9146728515625,4.035792350769043,1,58,2457253.3138294923,2457257.3138294923,True
362059596955069568,362059596955069637,2,2457351.6826765696,98.18110847473145,4.973418474197388,4,82,2457349.3138294923,2457353.3138294923,True
362059596955069568,362059596955069637,2,2457429.093334184,88.90214538574219,4.612051486968994,1,101,2457425.3138294923,2457429.3138294923,True
362059596955069568,362059596955069637,2,2457447.6350376653,101.34333419799805,4.628535270690918,2,106,2457445.3138294923,2457449.3138294923,True
362059596955069568,362059596955069637,2,2457737.2625177437,100.17552947998048,4.187502861022949,1,178,2457733.3138294923,2457737.3138294923,True
362059596955069568,362059596955069637,2,2457737.438675364,101.13607788085938,7.978524684906006,1,179,2457737.3138294923,2457741.3138294923,True
362059596955069568,362059596955069637,2,2457812.483150281,100.86691665649414,4.80122172832489,2,197,2457809.3138294923,2457813.3138294923,True
362059596955069568,362059596955069637,2,2457819.112169957,93.94907569885254,6.725522041320801,4,199,2457817.3138294923,2457821.3138294923,True
362059596955069568,362059596955069637,2,2457899.4373085075,100.79337565104167,6.581216812133789,3,219,2457897.3138294923,2457901.3138294923,True
362059596955069568,362059596955069637,2,2457952.2466200003,112.21180725097656,6.4409754276275635,2,232,2457949.3138294923,2457953.3138294923,True
362059596955069568,362059596955069637,2,2457991.964064706,102.27515411376953,4.3375537395477295,2,242,2457989.3138294923,2457993.3138294923,True
362059596955069568,362059596955069637,2,2458002.255860356,113.15132904052734,6.268784999847412,1,245,2458001.3138294923,2458005.3138294923,True
362059596955069568,362059596955069637,2,2458097.8583911094,109.21100616455078,4.5512566566467285,1,269,2458097.3138294923,2458101.3138294923,True
362059596955069568,362059596955069637,2,2458148.051695479,107.27409744262695,6.481917381286621,2,281,2458145.3138294923,2458149.3138294923,True
362059596955069568,362059596955069637,2,2458273.9307565093,111.2269058227539,5.281300067901611,2,313,2458273.3138294923,2458277.3138294923,True
362059596955069568,362059596955069637,2,2458296.80822374,110.54613494873047,4.387666463851929,2,318,2458293.3138294923,2458297.3138294923,True
362059596955069568,362059596955069637,2,2458328.50774458,119.68853759765624,5.793583393096924,1,326,2458325.3138294923,2458329.3138294923,True
362059596955069568,362059596955069637,2,2458472.6162414607,103.46686553955078,4.1594332456588745,2,362,2458469.3138294923,2458473.3138294923,True
362059596955069568,362059596955069637,2,2458495.897877777,116.18084716796876,4.70402193069458,1,368,2458493.3138294923,2458497.3138294923,True
362059596955069568,362059596955069637,2,2458649.641359818,116.7815170288086,4.935271739959717,1,407,2458649.3138294923,2458653.3138294923,True
362059596955069568,362059596955069637,2,2458677.3121483284,126.7161865234375,5.044271469116211,1,413,2458673.3138294923,2458677.3138294923,True
362059596955069568,362059596955069637,2,2458677.386155069,117.38619232177734,5.838835716247559,1,414,2458677.3138294923,2458681.3138294923,True
362059596955069568,362059596955069637,2,2458709.495524149,124.8996353149414,8.866445541381836,1,422,2458709.3138294923,2458713.3138294923,True
534928457206279296,534928457206279361,4,2457029.6191041656,140.2434310913086,5.236848592758179,2,0,2457029.582100795,2457033.582100795,True
534928457206279296,534928457206279361,4,2457084.0911100972,136.26251220703125,4.6702210903167725,2,13,2457081.582100795,2457085.582100795,True
534928457206279296,534928457206279361,4,2457120.037670196,148.06198120117188,10.88449764251709,1,22,2457117.582100795,2457121.582100795,True
534928457206279296,534928457206279361,4,2457145.0782063273,146.2061996459961,6.650427579879761,2,28,2457141.582100795,2457145.582100795,True
534928457206279296,534928457206279361,4,2457221.3142271023,138.56684112548828,6.026147127151489,2,47,2457217.582100795,2457221.582100795,True
534928457206279296,534928457206279361,4,2457254.837356441,144.75682067871094,4.961019992828369,1,56,2457253.582100795,2457257.582100795,True
534928457206279296,534928457206279361,4,2457291.7686544447,141.8060760498047,5.876687526702881,2,65,2457289.582100795,2457293.582100795,True
534928457206279296,534928457206279361,4,2457310.7322424264,144.6060333251953,5.119179248809815,1,70,2457309.582100795,2457313.582100795,True
534928457206279296,534928457206279361,4,2457352.497063362,136.28240966796875,5.347580909729004,1,80,2457349.582100795,2457353.582100795,True
534928457206279296,534928457206279361,4,2457365.8388284286,135.17464447021484,5.422987699508667,2,84,2457365.582100795,2457369.582100795,True
534928457206279296,534928457206279361,4,2457428.6939015538,140.75411987304688,5.450687885284424,1,99,2457425.582100795,2457429.582100795,True
534928457206279296,534928457206279361,4,2457524.3406068697,137.1110076904297,5.00161600112915,1,123,2457521.582100795,2457525.582100795,True
534928457206279296,534928457206279361,4,2457571.4879574953,138.2057647705078,6.477233648300171,2,135,2457569.582100795,2457573.582100795,True
534928457206279296,534928457206279361,4,2457670.0582932597,137.43405151367188,6.178826093673706,2,160,2457669.582100795,2457673.582100795,True
534928457206279296,534928457206279361,4,2457686.773658469,136.6209259033203,6.194125652313232,1,164,2457685.582100795,2457689.582100795,True
534928457206279296,534928457206279361,4,2457728.536493255,139.04147338867188,7.341722011566162,1,174,2457725.582100795,2457729.582100795,True
534928457206279296,534928457206279361,4,2457743.0396263907,135.49920654296875,4.155938625335693,1,178,2457741.582100795,2457745.582100795,True
534928457206279296,534928457206279361,4,2457807.468422492,135.0152587890625,5.817105770111084,1,194,2457805.582100795,2457809.582100795,True
534928457206279296,534928457206279361,4,2457837.743617631,136.2396240234375,10.219467163085938,2,202,2457837.582100795,2457841.582100795,True
534928457206279296,534928457206279361,4,2457904.734346468,138.76018524169922,4.869771242141724,2,218,2457901.582100795,2457905.582100795,True
534928457206279296,534928457206279361,4,2457949.2558294013,148.39370727539062,5.835867881774902,1,229,2457945.582100795,2457949.582100795,True
534928457206279296,534928457206279361,4,2458047.941817999,135.37713623046875,5.6053571701049805,1,254,2458045.582100795,2458049.582100795,True
534928457206279296,534928457206279361,4,2458062.695175255,135.85348510742188,6.895137310028076,1,258,2458061.582100795,2458065.582100795,True
534928457206279296,534928457206279361,4,2458104.384036862,141.83253479003906,7.55560827255249,1,268,2458101.582100795,2458105.582100795,True
534928457206279296,534928457206279361,4,2458120.598981183,148.16268157958984,27.23517894744873,2,272,2458117.582100795,2458121.582100795,True
534928457206279296,534928457206279361,4,2458186.5105521376,142.4944610595703,5.448647975921631,1,289,2458185.582100795,2458189.582100795,True
534928457206279296,534928457206279361,4,2458261.5638321145,148.6501922607422,4.26984167098999,1,307,2458257.582100795,2458261.582100795,True
534928457206279296,534928457206279361,4,2458261.739990087,147.9321746826172,6.106463432312012,1,308,2458261.582100795,2458265.582100795,True
534928457206279296,534928457206279361,4,2458285.746076934,137.9796600341797,5.008671760559082,1,314,2458285.582100795,2458289.582100795,True
534928457206279296,534928457206279361,4,2458326.730049887,143.70547485351562,5.138289928436279,1,324,2458325.582100795,2458329.582100795,True
534928457206279296,534928457206279361,4,2458360.5364228184,143.14332580566406,5.622391700744629,1,332,2458357.582100795,2458361.582100795,True
534928457206279296,534928457206279361,4,2458384.70759838,141.3409881591797,6.2592453956604,1,338,2458381.582100795,2458385.582100795,True
534928457206279296,534928457206279361,4,2458425.4808641085,143.65765380859375,6.083188533782959,1,348,2458421.582100795,2458425.582100795,True
534928457206279296,534928457206279361,4,2458438.822657957,142.26724243164062,5.820105314254761,2,352,2458437.582100795,2458441.582100795,True
534928457206279296,534928457206279361,4,2458480.1013173223,144.2906036376953,5.238404750823975,1,362,2458477.582100795,2458481.582100795,True
534928457206279296,534928457206279361,4,2458566.1280288566,137.07980346679688,6.649744033813477,1,384,2458565.582100795,2458569.582100795,True
534928457206279296,534928457206279361,4,2458593.0197454826,141.4607696533203,5.630017439524333,3,390,2458589.582100795,2458593.582100795,True
534928457206279296,534928457206279361,4,2458641.0053580194,143.0819346110026,6.5992452303568525,3,402,2458637.582100795,2458641.582100795,True
534928457206279296,534928457206279361,4,2458720.0036992496,143.11776733398438,5.162527084350586,1,422,2458717.582100795,2458721.582100795,True
534928457206279296,534928457206279361,4,2458753.5251699756,140.83902740478516,5.650383234024048,2,430,2458749.582100795,2458753.582100795,True
534928457206279296,534928457206279361,4,2458780.1853213636,137.8899688720703,5.281988620758057,2,437,2458777.582100795,2458781.582100795,True
534928457206279296,534928457206279361,4,2458826.3867242457,142.7953643798828,6.481935501098633,2,449,2458825.582100795,2458829.582100795,True
534928457206279296,534928457206279361,4,2458850.666084587,143.53963470458984,4.889070749282837,2,455,2458849.582100795,2458853.582100795,True
534928457206279296,534928457206279363,3,2457029.5821007723,161.7967071533203,4.491978645324707,1,0,2457029.5821007723,2457033.5821007723,True
534928457206279296,534928457206279363,3,2457084.091110331,164.5880584716797,23.245753288269043,2,13,2457081.5821007723,2457085.5821007723,True
534928457206279296,534928457206279363,3,2457120.0376701844,141.21707153320312,11.90008544921875,1,22,2457117.5821007723,2457121.5821007723,True
534928457206279296,534928457206279363,3,2457145.0782066346,134.30242919921875,6.515374422073364,2,28,2457141.5821007723,2457145.5821007723,True
534928457206279296,534928457206279363,3,2457221.277223254,134.66741943359375,5.160298824310303,1,47,2457217.5821007723,2457221.5821007723,True
534928457206279296,534928457206279363,3,2457291.7686541546,127.67025756835938,5.619054317474365,2,65,2457289.5821007723,2457293.5821007723,True
534928457206279296,534928457206279363,3,2457352.4970630887,106.93894958496094,9.032543182373049,1,80,2457349.5821007723,2457353.5821007723,True
534928457206279296,534928457206279363,3,2457365.7507490665,106.0769271850586,5.495513916015625,1,84,2457365.5821007723,2457369.5821007723,True
534928457206279296,534928457206279363,3,2457428.6939012925,89.71345520019531,4.976500511169434,1,99,2457425.5821007723,2457429.5821007723,True
534928457206279296,534928457206279363,3,2457524.377610621,102.87799835205078,6.153065204620361,2,123,2457521.5821007723,2457525.5821007723,True
534928457206279296,534928457206279363,3,2457571.487957814,104.10036849975586,5.665050983428955,2,135,2457569.5821007723,2457573.5821007723,True
534928457206279296,534928457206279363,3,2457728.5364930388,79.99085235595703,4.105573177337647,1,174,2457725.5821007723,2457729.5821007723,True
534928457206279296,534928457206279363,3,2457743.039626084,90.41962432861328,3.6547677516937256,1,178,2457741.5821007723,2457745.5821007723,True
534928457206279296,534928457206279363,3,2457949.255829708,82.16886138916016,6.673685073852539,1,229,2457945.5821007723,2457949.5821007723,True
534928457206279296,534928457206279363,3,2458120.6359841893,79.09349060058594,4.0494303703308105,1,272,2458117.5821007723,2458121.5821007723,True
534928457206279296,534928457206279363,3,2458326.804057185,96.2365951538086,4.720865249633789,1,324,2458325.5821007723,2458329.5821007723,True
534928457206279296,534928457206279363,3,2458384.707598494,101.68255615234376,6.680246829986572,1,338,2458381.5821007723,2458385.5821007723,True
534928457206279296,534928457206279363,3,2458566.054022173,102.59244537353516,4.053546905517578,1,384,2458565.5821007723,2458569.5821007723,True
534928457206279296,534928457206279363,3,2458593.090799615,109.02334213256836,4.6108551025390625,2,390,2458589.5821007723,2458593.5821007723,True
534928457206279296,534928457206279363,3,2458720.003699045,115.96392059326172,5.03070068359375,1,422,2458717.5821007723,2458721.5821007723,True
534928457206279296,534928457206279363,3,2458753.525170078,115.13249206542969,6.0154736042022705,2,430,2458749.5821007723,2458753.5821007723,True
534928457206279296,534928457206279363,3,2458780.1853210507,106.76728057861328,3.9812581539154053,2,437,2458777.5821007723,2458781.5821007723,True
534928457206279296,534928457206279363,3,2458826.386723944,98.50387573242188,4.54676365852356,2,449,2458825.5821007723,2458829.5821007723,True
586555269774257280,586555269774257345,5,2456956.9987519816,333.5327706400593,22.660688978547,2,0,2456956.9617484976,2456960.9617484976,False
586555269774257280,586555269774257345,5,2456984.9502151506,414.2532958984375,10.820262908935549,1,6,2456980.9617484976,2456984.9617484976,True
586555269774257280,586555269774257345,5,2457138.724970616,338.93560791015625,7.91251802444458,1,45,2457136.9617484976,2457140.9617484976,True
586555269774257280,586555269774257345,5,2457170.0339022432,524.9707641601562,35.64017109143948,1,53,2457168.9617484976,2457172.9617484976,False
586555269774257280,586555269774257345,5,2457332.333748969,361.6526534536738,21.825906615396217,1,93,2457328.9617484976,2457332.9617484976,False
586555269774257280,586555269774257345,5,2457365.027131968,410.2818298339844,13.690371036529541,2,102,2457364.9617484976,2457368.9617484976,True
586555269774257280,586555269774257345,5,2457514.5976895844,322.6947937011719,11.667236328125,1,139,2457512.9617484976,2457516.9617484976,True
586555269774257280,586555269774257345,5,2457551.162245248,352.834834315164,19.6913583014262,2,148,2457548.9617484976,2457552.9617484976,
586555269774257280,586555269774257345,5,2457564.792621819,714.7833627089132,31.99339345582184,2,151,2457560.9617484976,2457564.9617484976,False
586555269774257280,586555269774257345,5,2457661.2965570167,664.7683334505683,17.429678721924947,3,176,2457660.9617484976,2457664.9617484976,
586555269774257280,586555269774257345,5,2457670.44334238,424.3749491373698,16.50825087229411,3,178,2457668.9617484976,2457672.9617484976,True
586555269774257280,586555269774257345,5,2457707.882215726,356.7780258355219,22.697030739748275,1,187,2457704.9617484976,2457708.9617484976,False
586555269774257280,586555269774257345,5,2457748.7841358227,297.9393615722656,38.92596054077149,1,197,2457744.9617484976,2457748.9617484976,True
586555269774257280,586555269774257345,5,2457749.6874780823,638.2138858529779,23.71891595575356,8,198,2457748.9617484976,2457752.9617484976,
586555269774257280,586555269774257345,5,2457841.307696469,392.9518738261497,28.70357949415224,4,221,2457840.9617484976,2457844.9617484976,
586555269774257280,586555269774257345,5,2457854.563256287,341.633742406417,17.533912497059166,2,224,2457852.9617484976,2457856.9617484976,
586555269774257280,586555269774257345,5,2457890.629870328,307.4653625488281,9.911172866821287,1,233,2457888.9617484976,2457892.9617484976,True
586555269774257280,586555269774257345,5,2458033.842367796,521.8408772958865,25.72056061664913,2,269,2458032.9617484976,2458036.9617484976,False
586555269774257280,586555269774257345,5,2458051.6833406314,405.6700134277344,9.641855239868164,1,273,2458048.9617484976,2458052.9617484976,True
586555269774257280,586555269774257345,5,2458083.414105573,224.82032775878903,8.746441841125488,1,281,2458080.9617484976,2458084.9617484976,True
586555269774257280,586555269774257345,5,2458235.6922777607,329.86813159900623,22.59198644299377,1,319,2458232.9617484976,2458236.9617484976,False
586555269774257280,586555269774257345,5,2458266.4653437044,341.47442626953125,11.33435344696045,2,327,2458264.9617484976,2458268.9617484976,True
586555269774257280,586555269774257345,5,2458431.5095659057,353.3661804199219,12.374733924865723,2,368,2458428.9617484976,2458432.9617484976,True
586555269774257280,586555269774257345,5,2458458.7123915795,308.39019816622465,21.1989327430456,1,375,2458456.9617484976,2458460.9617484976,False
586555269774257280,586555269774257345,5,2458589.5252353707,322.5523223876953,11.528149604797363,2,408,2458588.9617484976,2458592.9617484976,True
586555269774257280,586555269774257345,5,2458615.9819863755,269.63824462890625,7.980490684509277,1,414,2458612.9617484976,2458616.9617484976,True
586555269774257280,586555269774257345,5,2458776.6211171495,377.5832214355469,11.650110721588135,2,454,2458772.9617484976,2458776.9617484976,True
586555269774257280,586555269774257345,5,2458802.6627754346,222.12230682373047,10.750942707061768,2,461,2458800.9617484976,2458804.9617484976,True
586555269774257280,586555269774257345,5,2458827.201090019,363.08921813964844,13.631748676300049,2,467,2458824.9617484976,2458828.9617484976,True
586555269774257280,586555269774257347,6,2456956.9987520613,253.2608642578125,9.84551191329956,2,0,2456956.961748577,2456960.961748577,True
586555269774257280,586555269774257347,6,2457138.76197435,464.45013427734375,20.079279899597168,2,45,2457136.961748577,2457140.961748577,True
586555269774257280,586555269774257347,6,2457170.033902164,246.7032470703125,6.800247669219971,1,53,2457168.961748577,2457172.961748577,True
586555269774257280,586555269774257347,6,2457332.3337490484,255.2968901479591,6.235057421085733,1,93,2457328.961748577,2457332.961748577,False
586555269774257280,586555269774257347,6,2457365.0271318774,482.6066436767578,29.76401376724243,2,102,2457364.961748577,2457368.961748577,True
586555269774257280,586555269774257347,6,2457514.597689698,532.1591796875,27.30548667907715,1,139,2457512.961748577,2457516.961748577,True
586555269774257280,586555269774257347,6,2457551.0371631295,235.00382232666016,6.963334321975708,2,148,2457548.961748577,2457552.961748577,True
586555269774257280,586555269774257347,6,2457564.7215682124,531.1030883789062,14.78406842549642,3,151,2457560.961748577,2457564.961748577,True
586555269774257280,586555269774257347,6,2457661.2055248017,558.296630859375,11.399349212646484,2,176,2457660.961748577,2457664.961748577,True
586555269774257280,586555269774257347,6,2457670.551399877,469.7513122558594,16.251054128011067,3,178,2457668.961748577,2457672.961748577,True
586555269774257280,586555269774257347,6,2457707.882215806,248.90997314453125,8.358172416687012,1,187,2457704.961748577,2457708.961748577,True
586555269774257280,586555269774257347,6,2457748.784135777,956.4720458984376,29.07945442199707,1,197,2457744.961748577,2457748.961748577,True
586555269774257280,586555269774257347,6,2457749.6303648227,568.9674428304037,25.70539728800456,6,198,2457748.961748577,2457752.961748577,True
586555269774257280,586555269774257347,6,2457841.307696529,792.8262405395508,15.502083778381348,4,221,2457840.961748577,2457844.961748577,True
586555269774257280,586555269774257347,6,2457854.4751771074,209.1067657470703,9.230483055114746,1,224,2457852.961748577,2457856.961748577,True
586555269774257280,586555269774257347,6,2457890.62987043,483.173583984375,13.286054611206056,1,233,2457888.961748577,2457892.961748577,True
586555269774257280,586555269774257347,6,2458033.8423678298,219.79721069335938,14.993181467056274,2,269,2458032.961748577,2458036.961748577,True
586555269774257280,586555269774257347,6,2458051.683340529,462.8753356933594,47.24352264404297,1,273,2458048.961748577,2458052.961748577,True
586555269774257280,586555269774257347,6,2458266.428340408,482.9124145507813,14.112201690673828,1,327,2458264.961748577,2458268.961748577,True
586555269774257280,586555269774257347,6,2458431.5095658028,503.6918640136719,17.453205108642578,2,368,2458428.961748577,2458432.961748577,True
586555269774257280,586555269774257347,6,2458589.525235473,487.598876953125,19.96555519104004,2,408,2458588.961748577,2458592.961748577,True
586555269774257280,586555269774257347,6,2458776.621117047,486.7266082763672,18.835601329803467,2,454,2458772.961748577,2458776.961748577,True
586555269774257280,586555269774257347,6,2458827.164086563,429.3953247070313,13.018807411193848,1,467,2458824.961748577,2458828.961748577,True
646821082640500352,646821082640500419,8,2456981.9746557875,175.23619079589844,7.974835634231567,2,0,2456981.9376523034,2456985.9376523034,True
646821082640500352,646821082640500419,8,2457003.597407749,179.4241180419922,6.600238800048828,2,5,2457001.9376523034,2457005.9376523034,True
646821082640500352,646821082640500419,8,2457174.133843731,179.77654266357422,6.202791929244995,2,48,2457173.9376523034,2457177.9376523034,True
646821082640500352,646821082640500419,8,2457328.7488538194,183.01791381835935,6.2754340171813965,1,86,2457325.9376523034,2457329.9376523034,True
646821082640500352,646821082640500419,8,2457377.7301911344,179.3921661376953,7.510338306427002,1,98,2457373.9376523034,2457377.9376523034,True
646821082640500352,646821082640500419,8,2457471.0109139606,176.70399475097656,6.582453489303589,2,122,2457469.9376523034,2457473.9376523034,True
646821082640500352,646821082640500419,8,2457477.727853956,176.12752532958984,6.055978775024414,2,123,2457473.9376523034,2457477.9376523034,True
646821082640500352,646821082640500419,8,2457517.610236857,168.1906280517578,6.240013599395752,1,133,2457513.9376523034,2457517.9376523034,True
646821082640500352,646821082640500419,8,2457556.7895015823,175.58851623535156,6.750921726226807,3,143,2457553.9376523034,2457557.9376523034,True
646821082640500352,646821082640500419,8,2457566.3780925404,182.80176798502603,6.874877134958903,3,146,2457565.9376523034,2457569.9376523034,True
646821082640500352,646821082640500419,8,2457657.5445821416,180.26802673339844,6.92865743637085,5,168,2457653.9376523034,2457657.9376523034,True
646821082640500352,646821082640500419,8,2457704.3343621166,180.34882354736328,8.255017757415771,2,180,2457701.9376523034,2457705.9376523034,True
646821082640500352,646821082640500419,8,2457749.558072884,184.99155044555664,12.287828922271729,4,191,2457745.9376523034,2457749.9376523034,True
646821082640500352,646821082640500419,8,2457842.984065167,185.07940673828125,7.104273319244385,1,215,2457841.9376523034,2457845.9376523034,True
646821082640500352,646821082640500419,8,2457859.3259961307,187.0633087158203,5.6837158203125,2,219,2457857.9376523034,2457861.9376523034,True
646821082640500352,646821082640500419,8,2458029.578401911,179.14996337890625,7.103965997695923,2,261,2458025.9376523034,2458029.9376523034,True
646821082640500352,646821082640500419,8,2458048.4199470887,166.4390411376953,4.4315032958984375,1,266,2458045.9376523034,2458049.9376523034,True
646821082640500352,646821082640500419,8,2458079.902954483,172.37008666992188,8.550344467163086,1,274,2458077.9376523034,2458081.9376523034,True
646821082640500352,646821082640500419,8,2458217.24186182,180.11300659179688,5.482392072677612,2,308,2458213.9376523034,2458217.9376523034,True
646821082640500352,646821082640500419,8,2458239.5274484134,176.61996459960938,4.613074779510498,1,314,2458237.9376523034,2458241.9376523034,True
646821082640500352,646821082640500419,8,2458269.691282475,177.90919494628906,5.580517768859863,1,321,2458265.9376523034,2458269.9376523034,True
646821082640500352,646821082640500419,8,2458404.125602723,178.6712646484375,6.020130157470703,2,355,2458401.9376523034,2458405.9376523034,True
646821082640500352,646821082640500419,8,2458455.0244251327,175.4555206298828,5.57762622833252,1,368,2458453.9376523034,2458457.9376523034,True
646821082640500352,646821082640500419,8,2458619.743068011,179.8446502685547,7.119178771972656,1,409,2458617.9376523034,2458621.9376523034,True
646821082640500352,646821082640500419,8,2458645.313690233,168.52215576171875,6.890794277191162,1,415,2458641.9376523034,2458645.9376523034,True
646821082640500352,646821082640500419,8,2458779.398535888,178.92469787597656,4.804241180419922,1,449,2458777.9376523034,2458781.9376523034,True
646821082640500352,646821082640500419,8,2458830.191641499,177.5618438720703,5.592073678970337,2,462,2458829.9376523034,2458833.9376523034,True
658626465973611648,658626465973611713,10,2456922.031122881,245.8392105102539,7.498086929321289,2,0,2456921.906040234,2456925.906040234,True
658626465973611648,658626465973611713,10,2456986.2657913524,238.8241729736328,6.820301532745361,1,16,2456985.906040234,2456989.906040234,True
658626465973611648,658626465973611713,10,2457002.2328810086,239.82704162597656,6.640529632568359,2,20,2457001.906040234,2457005.906040234,True
658626465973611648,658626465973611713,10,2457174.5344102043,246.8482818603516,6.397410392761231,1,63,2457173.906040234,2457177.906040234,True
658626465973611648,658626465973611713,10,2457282.737679827,244.36433029174805,6.42226779460907,4,90,2457281.906040234,2457285.906040234,True
658626465973611648,658626465973611713,10,2457290.8232039707,246.63923645019528,6.865383625030518,2,92,2457289.906040234,2457293.906040234,True
658626465973611648,658626465973611713,10,2457329.0846786774,245.2667694091797,7.837830543518066,1,101,2457325.906040234,2457329.906040234,True
658626465973611648,658626465973611713,10,2457369.3966860687,240.78834915161133,6.526238918304443,8,111,2457365.906040234,2457369.906040234,True
658626465973611648,658626465973611713,10,2457371.5045138365,243.44846388872932,6.2911772166981415,17,112,2457369.906040234,2457373.906040234,True
658626465973611648,658626465973611713,10,2457464.336308917,237.23023223876953,6.628770589828491,2,135,2457461.906040234,2457465.906040234,True
658626465973611648,658626465973611713,10,2457478.1284111477,241.82655334472656,7.358304500579834,1,139,2457477.906040234,2457481.906040234,True
658626465973611648,658626465973611713,10,2457654.790334767,241.13690694173178,8.306905269622803,3,183,2457653.906040234,2457657.906040234,True
658626465973611648,658626465973611713,10,2457672.651719916,232.55123901367188,8.870279312133789,1,187,2457669.906040234,2457673.906040234,True
658626465973611648,658626465973611713,10,2457704.6332069626,247.7570037841797,5.548048496246338,1,195,2457701.906040234,2457705.906040234,True
658626465973611648,658626465973611713,10,2457837.9015245987,230.0470123291016,7.497218608856201,1,228,2457833.906040234,2457837.906040234,True
658626465973611648,658626465973611713,10,2457837.9755313164,238.69635009765625,6.117651462554932,1,229,2457837.906040234,2457841.906040234,True
658626465973611648,658626465973611713,10,2457858.9390682094,245.35968780517578,6.232167720794678,2,234,2457857.906040234,2457861.906040234,True
658626465973611648,658626465973611713,10,2457889.425430268,240.3175811767578,6.752352714538574,2,241,2457885.906040234,2457889.906040234,True
658626465973611648,658626465973611713,10,2458029.2148425966,243.7229232788086,7.111170530319214,2,276,2458025.906040234,2458029.906040234,True
658626465973611648,658626465973611713,10,2458212.735557706,255.99680252848646,7.969060231347504,2,322,2458209.906040234,2458213.906040234,
658626465973611648,658626465973611713,10,2458239.191620746,246.1222686767578,9.182852745056152,1,329,2458237.906040234,2458241.906040234,True
658626465973611648,658626465973611713,10,2458264.9734873977,242.00130462646484,6.303357124328613,2,335,2458261.906040234,2458265.906040234,True
658626465973611648,658626465973611713,10,2458404.299393792,252.16622924804688,7.649081230163574,1,370,2458401.906040234,2458405.906040234,True
658626465973611648,658626465973611713,10,2458432.5377633395,237.81320190429688,9.713677406311035,1,377,2458429.906040234,2458433.906040234,True
658626465973611648,658626465973611713,10,2458454.748939009,246.6854019165039,7.524726152420044,2,383,2458453.906040234,2458457.906040234,True
658626465973611648,658626465973611713,10,2458619.5182096586,241.07477569580078,7.901395559310913,2,424,2458617.906040234,2458621.906040234,True
658626465973611648,658626465973611713,10,2458639.8072859733,241.8719482421875,8.598297119140625,1,429,2458637.906040234,2458641.906040234,True
658626465973611648,658626465973611713,10,2458775.323954845,237.1397247314453,6.23750114440918,1,463,2458773.906040234,2458777.906040234,True
658626465973611648,658626465973611713,10,2458806.131146871,253.8091583251953,7.230226039886475,1,471,2458805.906040234,2458809.906040234,True
658626465973611648,658626465973611713,10,2458824.941071278,247.35968017578125,5.992425441741943,2,475,2458821.906040234,2458825.906040234,True
658626465973611648,658626465973611715,9,2456922.048147227,179.05267842610678,8.448758125305176,3,0,2456921.906039233,2456925.906039233,True
658626465973611648,658626465973611715,9,2456986.265790204,174.76734924316406,10.57056713104248,1,16,2456985.906039233,2456989.906039233,True
658626465973611648,658626465973611715,9,2457002.2328800242,167.39735412597656,5.799666166305542,2,20,2457001.906039233,2457005.906039233,True
658626465973611648,658626465973611715,9,2457174.534411012,177.1932373046875,7.093591213226318,1,63,2457173.906039233,2457177.906039233,True
658626465973611648,658626465973611715,9,2457282.7376786415,195.83354568481445,6.731156706809998,4,90,2457281.906039233,2457285.906039233,True
658626465973611648,658626465973611715,9,2457290.8232027367,188.55716705322266,6.163588285446167,2,92,2457289.906039233,2457293.906039233,True
658626465973611648,658626465973611715,9,2457329.0846780515,175.8828125,4.575397491455078,1,101,2457325.906039233,2457329.906039233,True
658626465973611648,658626465973611715,9,2457369.3966848073,188.3147678375244,7.065810978412628,8,111,2457365.906039233,2457369.906039233,True
658626465973611648,658626465973611715,9,2457371.504512584,181.2142998190487,5.492414698881261,17,112,2457369.906039233,2457373.906039233,True
658626465973611648,658626465973611715,9,2457464.3363101794,183.58157348632812,6.4121925830841064,2,135,2457461.906039233,2457465.906039233,True
658626465973611648,658626465973611715,9,2457478.128411932,185.7442169189453,4.873121738433838,1,139,2457477.906039233,2457481.906039233,True
658626465973611648,658626465973611715,9,2457654.773308415,174.85016632080078,7.086147785186768,2,183,2457653.906039233,2457657.906039233,True
658626465973611648,658626465973611715,9,2457672.651718768,175.22256469726562,8.526763916015625,1,187,2457669.906039233,2457673.906039233,True
658626465973611648,658626465973611715,9,2457704.6332063256,162.05712890625,4.644453048706055,1,195,2457701.906039233,2457705.906039233,True
658626465973611648,658626465973611715,9,2457837.9755325336,157.97833251953125,4.532211780548096,1,229,2457837.906039233,2457841.906039233,True
658626465973611648,658626465973611715,9,2457858.939068863,142.7228012084961,5.420559883117676,2,234,2457857.906039233,2457861.906039233,True
658626465973611648,658626465973611715,9,2457889.425431388,143.2202606201172,7.847977161407471,2,241,2457885.906039233,2457889.906039233,True
658626465973611648,658626465973611715,9,2458029.17783847,147.75465393066406,5.330495357513428,1,276,2458025.906039233,2458029.906039233,True
658626465973611648,658626465973611715,9,2458079.9516684213,177.03162384033203,5.520445108413696,2,289,2458077.906039233,2458081.906039233,True
658626465973611648,658626465973611715,9,2458212.7355588777,143.10660552978516,5.710198640823364,2,322,2458209.906039233,2458213.906039233,True
658626465973611648,658626465973611715,9,2458239.1916213604,153.8079376220703,5.818696975708008,1,329,2458237.906039233,2458241.906039233,True
658626465973611648,658626465973611715,9,2458264.9734885693,163.1350555419922,5.304342269897461,2,335,2458261.906039233,2458265.906039233,True
658626465973611648,658626465973611715,9,2458404.299393109,164.7972412109375,6.817737102508545,1,370,2458401.906039233,2458405.906039233,True
658626465973611648,658626465973611715,9,2458432.5377622363,161.25534057617188,8.637621879577637,1,377,2458429.906039233,2458433.906039233,True
658626465973611648,658626465973611715,9,2458454.7489382066,163.8493881225586,6.062923908233643,2,383,2458453.906039233,2458457.906039233,True
658626465973611648,658626465973611715,9,2458619.481206953,181.9246368408203,6.477592468261719,1,424,2458617.906039233,2458621.906039233,True
658626465973611648,658626465973611715,9,2458639.770284053,184.3435516357422,7.047688245773315,2,429,2458637.906039233,2458641.906039233,True
658626465973611648,658626465973611715,9,2458775.323953719,169.3955841064453,5.408704280853272,1,463,2458773.906039233,2458777.906039233,True
658626465973611648,658626465973611715,9,2458824.9040665315,172.368896484375,5.670910835266113,1,475,2458821.906039233,2458825.906039233,True
732123458171165824,732123458171165889,11,2456978.012639222,252.1568756103516,7.8990478515625,1,0,2456978.012639222,2456982.012639222,True
732123458171165824,732123458171165889,11,2457005.838852106,238.3550567626953,7.675151824951171,2,6,2457002.012639222,2457006.012639222,True
732123458171165824,732123458171165889,11,2457145.988322075,264.2948913574219,7.4340362548828125,1,41,2457142.012639222,2457146.012639222,True
732123458171165824,732123458171165889,11,2457172.305382782,252.64788818359372,8.317445755004883,1,48,2457170.012639222,2457174.012639222,True
732123458171165824,732123458171165889,11,2457199.763003365,272.93479919433594,7.054919958114624,2,55,2457198.012639222,2457202.012639222,True
732123458171165824,732123458171165889,11,2457329.9884191984,282.2974548339844,6.81672477722168,1,87,2457326.012639222,2457330.012639222,True
732123458171165824,732123458171165889,11,2457380.7973263403,284.5531005859375,6.042391777038574,1,100,2457378.012639222,2457382.012639222,True
732123458171165824,732123458171165889,11,2457521.5725632235,290.6509704589844,7.65839409828186,2,135,2457518.012639222,2457522.012639222,True
732123458171165824,732123458171165889,11,2457552.9339620536,289.950439453125,8.514020442962646,2,143,2457550.012639222,2457554.012639222,True
732123458171165824,732123458171165889,11,2457575.2403208357,293.41668701171875,8.102054754892984,3,149,2457574.012639222,2457578.012639222,True
732123458171165824,732123458171165889,11,2457705.573981601,285.42138671875,8.22170352935791,2,181,2457702.012639222,2457706.012639222,True
732123458171165824,732123458171165889,11,2457737.01730525,273.96014404296875,6.412062644958496,1,189,2457734.012639222,2457738.012639222,True
732123458171165824,732123458171165889,11,2457755.305375055,282.34523010253906,11.820875883102417,2,194,2457754.012639222,2457758.012639222,True
732123458171165824,732123458171165889,11,2457849.9564590333,234.83899688720703,8.583455085754395,2,217,2457846.012639222,2457850.012639222,True
732123458171165824,732123458171165889,11,2457850.2066252716,234.10302734374997,5.971576452255249,2,218,2457850.012639222,2457854.012639222,True
732123458171165824,732123458171165889,11,2457856.9604954347,233.95169067382812,5.8633952140808105,4,219,2457854.012639222,2457858.012639222,True
732123458171165824,732123458171165889,11,2457897.678103542,243.62420654296875,6.031301021575928,2,229,2457894.012639222,2457898.012639222,True
732123458171165824,732123458171165889,11,2457934.837879698,238.60628255208334,7.462514718373616,3,239,2457934.012639222,2457938.012639222,True
732123458171165824,732123458171165889,11,2457949.0695290687,246.04276529947916,7.448047161102295,3,242,2457946.012639222,2457950.012639222,True
732123458171165824,732123458171165889,11,2458037.186295618,238.62868717738561,29.509225368499756,14,264,2458034.012639222,2458038.012639222,True
732123458171165824,732123458171165889,11,2458038.771462707,228.87869262695312,6.759926709261808,11,265,2458038.012639222,2458042.012639222,True
732123458171165824,732123458171165889,11,2458081.216756115,211.02310180664065,6.369316577911377,1,275,2458078.012639222,2458082.012639222,True
732123458171165824,732123458171165889,11,2458116.613677287,204.70803833007807,6.750382423400879,1,284,2458114.012639222,2458118.012639222,True
732123458171165824,732123458171165889,11,2458128.9052733453,208.80030822753906,7.287282943725586,2,287,2458126.012639222,2458130.012639222,True
732123458171165824,732123458171165889,11,2458222.7469269666,204.1755142211914,5.387208938598633,2,311,2458222.012639222,2458226.012639222,True
732123458171165824,732123458171165889,11,2458238.250880046,208.2675323486328,6.438751935958862,2,315,2458238.012639222,2458242.012639222,True
732123458171165824,732123458171165889,11,2458273.7637245734,212.05325317382807,8.431815147399902,1,323,2458270.012639222,2458274.012639222,True
732123458171165824,732123458171165889,11,2458406.562354356,218.10473124186197,9.10408322016398,3,357,2458406.012639222,2458410.012639222,True
732123458171165824,732123458171165889,11,2458423.996303209,206.58226013183594,6.04514217376709,2,361,2458422.012639222,2458426.012639222,True
732123458171165824,732123458171165889,11,2458456.764897664,222.10284423828125,7.165550231933594,1,369,2458454.012639222,2458458.012639222,True
732123458171165824,732123458171165889,11,2458597.0408424344,228.08920288085938,6.742918968200684,2,404,2458594.012639222,2458598.012639222,True
732123458171165824,732123458171165889,11,2458618.503398029,234.82989501953125,12.217798233032228,1,410,2458618.012639222,2458622.012639222,True
732123458171165824,732123458171165889,11,2458649.988720644,247.6509552001953,6.560086727142334,1,417,2458646.012639222,2458650.012639222,True
732123458171165824,732123458171165889,11,2458650.062727646,249.0057678222656,6.192893505096436,1,418,2458650.012639222,2458654.012639222,True
732123458171165824,732123458171165889,11,2458783.9904889916,264.3404541015625,7.934581756591797,2,451,2458782.012639222,2458786.012639222,True
732123458171165824,732123458171165889,11,2458834.6616692585,249.2745361328125,9.528883934020996,1,464,2458834.012639222,2458838.012639222,True
732123458171165824,732123458171165891,12,2457005.7507736883,142.44252014160156,5.093782901763916,1,0,2457005.7507736883,2457009.7507736883,True
732123458171165824,732123458171165891,12,2457145.98832302,142.37522888183594,5.623269081115723,1,35,2457145.7507736883,2457149.7507736883,True
732123458171165824,732123458171165891,12,2457172.305382247,145.4944610595703,5.147077560424805,1,41,2457169.7507736883,2457173.7507736883,True
732123458171165824,732123458171165891,12,2457199.763004491,143.62710571289062,4.9156365394592285,2,48,2457197.7507736883,2457201.7507736883,True
732123458171165824,732123458171165891,12,2457329.9884198126,145.0145263671875,5.623936176300049,1,81,2457329.7507736883,2457333.7507736883,True
732123458171165824,732123458171165891,12,2457380.797326568,147.62750244140625,5.084848403930664,1,93,2457377.7507736883,2457381.7507736883,True
732123458171165824,732123458171165891,12,2457521.5725642527,144.13005828857422,6.456148624420166,2,128,2457517.7507736883,2457521.7507736883,True
732123458171165824,732123458171165891,12,2457552.845882834,148.54893493652344,4.5818352699279785,1,136,2457549.7507736883,2457553.7507736883,True
732123458171165824,732123458171165891,12,2457575.240321932,147.48554484049478,6.200328509012858,3,142,2457573.7507736883,2457577.7507736883,True
732123458171165824,732123458171165891,12,2457705.610985653,150.0726776123047,6.8669023513793945,1,174,2457701.7507736883,2457705.7507736883,True
732123458171165824,732123458171165891,12,2457755.3053750442,136.85456085205078,6.788235664367676,2,187,2457753.7507736883,2457757.7507736883,True
732123458171165824,732123458171165891,12,2457850.1109019457,143.51876831054688,5.442800839742024,3,211,2457849.7507736883,2457853.7507736883,True
732123458171165824,732123458171165891,12,2457856.9604949458,145.0177345275879,5.602458953857422,4,212,2457853.7507736883,2457857.7507736883,True
732123458171165824,732123458171165891,12,2457897.6781046283,145.92504119873047,5.868675231933594,2,222,2457893.7507736883,2457897.7507736883,True
732123458171165824,732123458171165891,12,2457934.8378796256,138.94833374023438,5.673128128051758,3,232,2457933.7507736883,2457937.7507736883,True
732123458171165824,732123458171165891,12,2457949.0031672837,149.17111206054688,5.530694961547852,2,235,2457945.7507736883,2457949.7507736883,True
732123458171165824,732123458171165891,12,2458037.088530512,144.46782476251775,7.2618772766806865,11,257,2458033.7507736883,2458037.7507736883,True
732123458171165824,732123458171165891,12,2458038.5747884833,142.8483975728353,6.652530074119568,12,258,2458037.7507736883,2458041.7507736883,True
732123458171165824,732123458171165891,12,2458081.17975324,143.3624267578125,6.132260322570801,2,268,2458077.7507736883,2458081.7507736883,True
732123458171165824,732123458171165891,12,2458116.6506797704,148.83900451660156,5.760124444961548,2,277,2458113.7507736883,2458117.7507736883,True
732123458171165824,732123458171165891,12,2458128.905272987,146.98169708251953,5.689675569534302,2,280,2458125.7507736883,2458129.7507736883,True
732123458171165824,732123458171165891,12,2458222.7469275184,143.01058197021484,4.828485488891602,2,304,2458221.7507736883,2458225.7507736883,True
732123458171165824,732123458171165891,12,2458238.250879432,140.92596435546875,5.920905351638794,2,308,2458237.7507736883,2458241.7507736883,True
732123458171165824,732123458171165891,12,2458406.562354811,144.60314432779947,4.804713884989421,3,350,2458405.7507736883,2458409.7507736883,True
732123458171165824,732123458171165891,12,2458423.9592988607,143.7572021484375,5.355001926422119,1,354,2458421.7507736883,2458425.7507736883,True
732123458171165824,732123458171165891,12,2458456.7648981754,145.42050170898438,5.633352756500244,1,362,2458453.7507736883,2458457.7507736883,True
732123458171165824,732123458171165891,12,2458597.0408432363,142.0018539428711,4.6367669105529785,2,397,2458593.7507736883,2458597.7507736883,True
732123458171165824,732123458171165891,12,2458618.503397426,143.44776916503906,9.227289199829102,1,403,2458617.7507736883,2458621.7507736883,True
732123458171165824,732123458171165891,12,2458650.0257252706,138.24285888671875,5.072901964187622,2,411,2458649.7507736883,2458653.7507736883,True
732123458171165824,732123458171165891,12,2458783.9024091065,144.59268188476562,5.2365007400512695,1,444,2458781.7507736883,2458785.7507736883,True
732123458171165824,732123458171165891,12,2458834.6616681325,146.8314666748047,5.17786979675293,1,457,2458833.7507736883,2458837.7507736883,True
759634476048509952,759634476048510017,14,2456975.970321347,1532.6887817382812,14.976634502410889,2,0,2456975.933317584,2456979.933317584,True
759634476048509952,759634476048510017,14,2457004.9936586027,1511.6668701171875,10.626387596130373,1,7,2457003.933317584,2457007.933317584,True
759634476048509952,759634476048510017,14,2457173.4884755616,1577.8636474609375,17.619644165039062,1,49,2457171.933317584,2457175.933317584,True
759634476048509952,759634476048510017,14,2457202.7674912624,1687.5391235351562,38.48202657699585,2,56,2457199.933317584,2457203.933317584,True
759634476048509952,759634476048510017,14,2457355.5106726456,1605.6806030273438,41.33146095275879,2,94,2457351.933317584,2457355.933317584,True
759634476048509952,759634476048510017,14,2457380.2901188256,1634.643310546875,16.484182357788086,1,101,2457379.933317584,2457383.933317584,True
759634476048509952,759634476048510017,14,2457553.8161987625,1667.50390625,11.962223052978516,2,144,2457551.933317584,2457555.933317584,True
759634476048509952,759634476048510017,14,2457578.779378539,1564.6339111328125,13.721966743469238,1,150,2457575.933317584,2457579.933317584,True
759634476048509952,759634476048510017,14,2457704.10407434,1686.947998046875,13.49306869506836,1,182,2457703.933317584,2457707.933317584,True
759634476048509952,759634476048510017,14,2457734.800130076,1626.5322265625,32.580687522888184,2,189,2457731.933317584,2457735.933317584,True
759634476048509952,759634476048510017,14,2457755.298361378,1636.74853515625,29.923878192901615,2,194,2457751.933317584,2457755.933317584,True
759634476048509952,759634476048510017,14,2457850.4637995167,1370.3765258789062,13.982204914093018,2,218,2457847.933317584,2457851.933317584,True
759634476048509952,759634476048510017,14,2457859.718363185,1355.7944261487844,11.785202559311813,2,220,2457855.933317584,2457859.933317584,
759634476048509952,759634476048510017,14,2457899.895929461,1344.95556640625,12.366129875183104,1,230,2457895.933317584,2457899.933317584,True
759634476048509952,759634476048510017,14,2457935.129093097,1283.11767578125,12.46072769165039,1,239,2457931.933317584,2457935.933317584,True
759634476048509952,759634476048510017,14,2457954.1720111077,1378.4149169921875,13.49828290939331,2,244,2457951.933317584,2457955.933317584,True
759634476048509952,759634476048510017,14,2458079.959832509,1431.3514404296875,13.714444160461426,1,276,2458079.933317584,2458083.933317584,True
759634476048509952,759634476048510017,14,2458113.896336543,1387.6111450195312,15.551985740661621,2,284,2458111.933317584,2458115.933317584,True
759634476048509952,759634476048510017,14,2458129.7740570805,1398.4296264648438,12.969491481781006,2,288,2458127.933317584,2458131.933317584,True
759634476048509952,759634476048510017,14,2458224.0041668657,1410.779052734375,12.494221210479736,2,312,2458223.933317584,2458227.933317584,True
759634476048509952,759634476048510017,14,2458239.970880022,1508.08984375,18.38872528076172,1,316,2458239.933317584,2458243.933317584,True
759634476048509952,759634476048510017,14,2458276.194263046,1685.78466796875,16.2122859954834,1,325,2458275.933317584,2458279.933317584,True
759634476048509952,759634476048510017,14,2458320.5430132127,1856.648682221101,15.247052298877122,9,336,2458319.933317584,2458323.933317584,
759634476048509952,759634476048510017,14,2458325.7170719714,1845.583964029948,32.02271811167399,12,337,2458323.933317584,2458327.933317584,True
759634476048509952,759634476048510017,14,2458404.221215053,1859.7305954327564,13.007476362264716,3,357,2458403.933317584,2458407.933317584,
759634476048509952,759634476048510017,14,2458421.4894690206,1802.2390747070312,15.758705139160156,2,361,2458419.933317584,2458423.933317584,True
759634476048509952,759634476048510017,14,2458455.757895005,1745.4957275390625,15.412249565124512,1,369,2458451.933317584,2458455.933317584,True
759634476048509952,759634476048510017,14,2458493.256249983,1716.771728515625,14.73631223042806,3,379,2458491.933317584,2458495.933317584,True
759634476048509952,759634476048510017,14,2458503.3147701533,1654.86572265625,13.277093410491942,2,381,2458499.933317584,2458503.933317584,True
759634476048509952,759634476048510017,14,2458598.797529117,1653.62109375,14.95190715789795,2,405,2458595.933317584,2458599.933317584,True
759634476048509952,759634476048510017,14,2458619.7972091557,1584.6418352884223,11.890031757717708,2,410,2458615.933317584,2458619.933317584,
759634476048509952,759634476048510017,14,2458652.529979272,1612.99658203125,15.057777881622314,2,419,2458651.933317584,2458655.933317584,True
759634476048509952,759634476048510017,14,2458687.591749455,1641.9676513671875,17.22883701324463,2,427,2458683.933317584,2458687.933317584,True
759634476048509952,759634476048510017,14,2458785.7361718174,1721.3850254174577,10.746205250412011,2,452,2458783.933317584,2458787.933317584,
759634476048509952,759634476048510017,14,2458806.3524780185,1590.64111328125,40.04484176635742,1,457,2458803.933317584,2458807.933317584,True
759634476048509952,759634476048510017,14,2458836.9845644333,1685.9403076171875,12.452627182006836,1,465,2458835.933317584,2458839.933317584,True
759634476048509952,759634476048510019,13,2456975.970320374,129.8930778503418,5.452704668045044,2,0,2456975.933316617,2456979.933316617,True
759634476048509952,759634476048510019,13,2457004.993658193,68.5299301147461,1.3685898780822754,1,7,2457003.933316617,2457007.933316617,True
759634476048509952,759634476048510019,13,2457202.7674921276,152.422119140625,6.062084436416626,2,56,2457199.933316617,2457203.933316617,True
759634476048509952,759634476048510019,13,2457328.3054276025,70.01322937011719,4.8118767738342285,1,88,2457327.933316617,2457331.933316617,True
759634476048509952,759634476048510019,13,2457355.5106717134,154.44924926757812,7.960943937301635,2,94,2457351.933316617,2457355.933316617,True
759634476048509952,759634476048510019,13,2457380.290118291,66.5386734008789,4.419003009796143,1,101,2457379.933316617,2457383.933316617,True
759634476048509952,759634476048510019,13,2457578.779379392,151.22720336914062,7.39902925491333,1,150,2457575.933316617,2457579.933316617,True
759634476048509952,759634476048510019,13,2457734.8371325764,155.8525848388672,7.494237422943115,1,189,2457731.933316617,2457735.933316617,True
759634476048509952,759634476048510019,13,2457755.3353641112,79.97272491455078,5.356528282165527,1,194,2457751.933316617,2457755.933316617,True
759634476048509952,759634476048510019,13,2457850.5008034897,76.59317016601562,5.733517169952393,1,218,2457847.933316617,2457851.933316617,True
759634476048509952,759634476048510019,13,2457935.2031004527,109.57288809045626,7.235265446708294,1,239,2457931.933316617,2457935.933316617,False
759634476048509952,759634476048510019,13,2457954.1720120003,160.1533203125,9.368082046508789,2,244,2457951.933316617,2457955.933316617,True
759634476048509952,759634476048510019,13,2458079.959832282,64.2410659790039,3.259920358657837,1,276,2458079.933316617,2458083.933316617,True
759634476048509952,759634476048510019,13,2458113.896335667,150.27374267578125,7.673396348953247,2,284,2458111.933316617,2458115.933316617,True
759634476048509952,759634476048510019,13,2458320.801980621,96.9225082397461,6.918120622634888,2,336,2458319.933316617,2458323.933316617,True
759634476048509952,759634476048510019,13,2458325.7047382984,125.59029642740886,8.481757958730062,3,337,2458323.933316617,2458327.933316617,True
759634476048509952,759634476048510019,13,2458493.3102779537,162.59823608398438,6.308162689208984,2,379,2458491.933316617,2458495.933316617,True
759634476048509952,759634476048510019,13,2458503.226690314,89.33879852294922,6.481425285339356,1,381,2458499.933316617,2458503.933316617,True
759634476048509952,759634476048510019,13,2458652.49297684,154.59707641601562,5.254939556121826,1,419,2458651.933316617,2458655.933316617,True
759634476048509952,759634476048510019,13,2458687.628753752,87.5431137084961,4.82882833480835,1,427,2458683.933316617,2458687.933316617,True
759634476048509952,759634476048510019,13,2458836.984563546,152.8820037841797,6.653591632843018,1,465,2458835.933316617,2458839.933316617,True
768228877406799488,768228877406799553,16,2457004.2404305707,68.49376678466797,3.1391050815582275,1,0,2457004.2404305707,2457008.2404305707,True
768228877406799488,768228877406799553,16,2457045.446877363,60.276180267333984,3.641653060913086,1,10,2457044.2404305707,2457048.2404305707,True
768228877406799488,768228877406799553,16,2457148.4978760434,96.7037353515625,81.85572814941406,1,36,2457148.2404305707,2457152.2404305707,True
768228877406799488,768228877406799553,16,2457476.964433944,86.67955932617187,5.258304023742676,5,118,2457476.2404305707,2457480.2404305707,True
768228877406799488,768228877406799553,16,2457480.7122110846,87.94918441772461,4.623969793319702,2,119,2457480.2404305707,2457484.2404305707,True
768228877406799488,768228877406799553,16,2457524.368286101,84.19634246826172,7.517107009887695,1,130,2457524.2404305707,2457528.2404305707,True
768228877406799488,768228877406799553,16,2457956.212525355,76.6634750366211,7.42485237121582,1,237,2457952.2404305707,2457956.2404305707,True
768228877406799488,768228877406799553,16,2458028.7203629105,66.85601806640625,3.748451232910156,1,256,2458028.2404305707,2458032.2404305707,True
768228877406799488,768228877406799553,16,2458037.188458767,78.54777526855469,6.107954978942871,2,258,2458036.2404305707,2458040.2404305707,True
768228877406799488,768228877406799553,16,2458078.9569721823,74.71955108642578,5.179547309875488,1,268,2458076.2404305707,2458080.2404305707,True
768228877406799488,768228877406799553,16,2458224.044739734,100.26000213623048,6.969767093658447,1,304,2458220.2404305707,2458224.2404305707,True
768228877406799488,768228877406799553,16,2458241.223599757,106.6559829711914,8.184409141540527,1,309,2458240.2404305707,2458244.2404305707,True
768228877406799488,768228877406799553,16,2458319.774228663,113.68323211669922,5.990029907226562,5,328,2458316.2404305707,2458320.2404305707,True
768228877406799488,768228877406799553,16,2458330.4289603513,116.94177436828613,7.030895709991455,4,331,2458328.2404305707,2458332.2404305707,True
768228877406799488,768228877406799553,16,2458401.855029381,118.6125717163086,8.006268739700317,2,349,2458400.2404305707,2458404.2404305707,True
768228877406799488,768228877406799553,16,2458420.94870529,114.79273223876952,4.696076393127441,1,354,2458420.2404305707,2458424.2404305707,True
768228877406799488,768228877406799553,16,2458491.719119328,97.52915954589844,8.084758758544922,1,371,2458488.2404305707,2458492.2404305707,True
768228877406799488,768228877406799553,16,2458503.6865041237,114.21355056762695,4.520705699920654,2,374,2458500.2404305707,2458504.2404305707,True
768228877406799488,768228877406799553,16,2458620.8369879434,113.71612548828124,4.798707008361816,1,404,2458620.2404305707,2458624.2404305707,True
768228877406799488,768228877406799553,16,2458688.0955738453,117.50459671020508,10.573946952819824,2,420,2458684.2404305707,2458688.2404305707,True
768228877406799488,768228877406799553,16,2458837.9829517,96.60001373291016,4.205197811126709,1,458,2458836.2404305707,2458840.2404305707,True
842636299591976576,842636299591976641,19,2456976.17083406,142.3177490234375,6.256807804107666,1,0,2456976.17083406,2456980.17083406,True
842636299591976576,842636299591976641,19,2457000.987440191,158.1951446533203,6.571171760559082,1,6,2457000.17083406,2457004.17083406,True
842636299591976576,842636299591976641,19,2457042.9942796007,151.84529622395834,6.289422353108724,3,16,2457040.17083406,2457044.17083406,True
842636299591976576,842636299591976641,19,2457048.639610241,144.20373026529947,5.017427921295166,3,18,2457048.17083406,2457052.17083406,True
842636299591976576,842636299591976641,19,2457095.8300403794,154.2462387084961,4.7311694622039795,2,29,2457092.17083406,2457096.17083406,True
842636299591976576,842636299591976641,19,2457107.334490479,149.2484588623047,4.882191896438599,2,32,2457104.17083406,2457108.17083406,True
842636299591976576,842636299591976641,19,2457147.2563428013,149.2447052001953,5.006735801696777,1,42,2457144.17083406,2457148.17083406,True
842636299591976576,842636299591976641,19,2457204.780740807,146.3795623779297,6.49571681022644,2,57,2457204.17083406,2457208.17083406,True
842636299591976576,842636299591976641,19,2457267.276695504,150.1020851135254,6.758491098880768,8,72,2457264.17083406,2457268.17083406,True
842636299591976576,842636299591976641,19,2457276.8234721487,148.3656986781529,6.801728452954974,7,75,2457276.17083406,2457280.17083406,True
842636299591976576,842636299591976641,19,2457323.229856427,144.70382690429688,5.801281452178955,1,86,2457320.17083406,2457324.17083406,True
842636299591976576,842636299591976641,19,2457355.034766896,147.23385620117188,7.877156734466553,1,94,2457352.17083406,2457356.17083406,True
842636299591976576,842636299591976641,19,2457376.2819180484,141.5015869140625,5.139089107513428,1,100,2457376.17083406,2457380.17083406,True
842636299591976576,842636299591976641,19,2457470.657165998,151.74220275878906,6.21491003036499,1,123,2457468.17083406,2457472.17083406,True
842636299591976576,842636299591976641,19,2457486.248387712,147.1562271118164,6.21776008605957,2,127,2457484.17083406,2457488.17083406,True
842636299591976576,842636299591976641,19,2457523.627489227,149.77120971679688,9.710447311401367,1,136,2457520.17083406,2457524.17083406,True
842636299591976576,842636299591976641,19,2457559.253685657,144.09837341308594,5.18916670481364,3,145,2457556.17083406,2457560.17083406,True
842636299591976576,842636299591976641,19,2457581.8301356705,142.80947875976562,5.709927558898926,2,151,2457580.17083406,2457584.17083406,True
842636299591976576,842636299591976641,19,2457643.2005057726,143.3174819946289,5.478144884109497,2,166,2457640.17083406,2457644.17083406,True
842636299591976576,842636299591976641,19,2457661.4578075744,144.8343505859375,5.386176586151123,4,171,2457660.17083406,2457664.17083406,True
842636299591976576,842636299591976641,19,2457699.5278820293,148.3524627685547,6.972153186798096,1,180,2457696.17083406,2457700.17083406,True
842636299591976576,842636299591976641,19,2457751.5011185845,143.67135620117188,5.482686519622803,1,193,2457748.17083406,2457752.17083406,True
842636299591976576,842636299591976641,19,2457845.9326385064,145.48880004882812,4.391981601715088,1,217,2457844.17083406,2457848.17083406,True
842636299591976576,842636299591976641,19,2457865.2569105034,145.31057739257812,4.650209903717041,1,222,2457864.17083406,2457868.17083406,True
842636299591976576,842636299591976641,19,2457941.8578634793,142.32762145996094,6.423510233561198,3,241,2457940.17083406,2457944.17083406,True
842636299591976576,842636299591976641,19,2457958.532380064,147.38194274902344,8.047168095906576,3,245,2457956.17083406,2457960.17083406,True
842636299591976576,842636299591976641,19,2458019.806995433,148.49018096923828,6.690196514129639,2,260,2458016.17083406,2458020.17083406,True
842636299591976576,842636299591976641,19,2458042.935539527,151.03990173339844,4.637623071670532,2,266,2458040.17083406,2458044.17083406,True
842636299591976576,842636299591976641,19,2458075.632606989,144.0642547607422,7.03443717956543,1,274,2458072.17083406,2458076.17083406,True
842636299591976576,842636299591976641,19,2458126.349795077,141.9198455810547,7.294943332672119,1,287,2458124.17083406,2458128.17083406,True
842636299591976576,842636299591976641,19,2458221.476415121,136.79331970214844,4.3484978675842285,1,311,2458220.17083406,2458224.17083406,True
842636299591976576,842636299591976641,19,2458244.722923507,135.95416259765625,6.837129592895508,1,317,2458244.17083406,2458248.17083406,True
842636299591976576,842636299591976641,19,2458277.207325792,143.09689331054688,5.709298133850098,1,325,2458276.17083406,2458280.17083406,True
842636299591976576,842636299591976641,19,2458330.250625896,148.10755484444755,6.706996117319379,28,338,2458328.17083406,2458332.17083406,True
842636299591976576,842636299591976641,19,2458333.3251808523,145.60946206485525,6.764339559218463,17,339,2458332.17083406,2458336.17083406,True
842636299591976576,842636299591976641,19,2458396.481096698,150.1536636352539,8.067941904067993,2,355,2458396.17083406,2458400.17083406,True
842636299591976576,842636299591976641,19,2458423.015243645,145.80075073242188,5.5702104568481445,1,361,2458420.17083406,2458424.17083406,True
842636299591976576,842636299591976641,19,2458490.6717478177,142.68097686767578,6.314513683319092,2,378,2458488.17083406,2458492.17083406,True
842636299591976576,842636299591976641,19,2458500.8011479788,144.28286743164062,5.851309776306152,2,381,2458500.17083406,2458504.17083406,True
842636299591976576,842636299591976641,19,2458547.7285686294,144.22964096069336,5.367739796638489,4,392,2458544.17083406,2458548.17083406,True
842636299591976576,842636299591976641,19,2458554.7864228766,147.07930501302084,6.152768611907959,3,394,2458552.17083406,2458556.17083406,True
842636299591976576,842636299591976641,19,2458597.308549412,146.29259490966797,5.348329305648804,2,405,2458596.17083406,2458600.17083406,True
842636299591976576,842636299591976641,19,2458624.263543599,138.6100311279297,5.912023544311523,1,412,2458624.17083406,2458628.17083406,True
842636299591976576,842636299591976641,19,2458654.043132456,144.70008850097656,7.8092286586761475,2,419,2458652.17083406,2458656.17083406,True
842636299591976576,842636299591976641,19,2458685.0311310235,147.99774678548178,6.536334991455078,3,427,2458684.17083406,2458688.17083406,True
842636299591976576,842636299591976641,19,2458734.309139434,147.26654052734375,6.109088738759358,3,439,2458732.17083406,2458736.17083406,True
842636299591976576,842636299591976641,19,2458741.994090204,144.96388244628906,7.437999248504639,2,441,2458740.17083406,2458744.17083406,True
842636299591976576,842636299591976641,19,2458784.385210227,146.95660400390625,7.247424602508545,1,452,2458784.17083406,2458788.17083406,True
842636299591976576,842636299591976641,19,2458810.678791637,139.89588928222656,4.063168048858643,1,458,2458808.17083406,2458812.17083406,True
842636299591976576,842636299591976641,19,2458838.473406695,143.7593994140625,5.646937847137451,1,465,2458836.17083406,2458840.17083406,True
842636299591976576,842636299591976643,20,2457000.9874403398,58.061126708984375,4.696877956390381,1,0,2457000.9874403398,2457004.9874403398,True
842636299591976576,842636299591976643,20,2457042.8985563517,52.77749061584473,4.320459008216858,2,10,2457040.9874403398,2457044.9874403398,True
842636299591976576,842636299591976643,20,2457107.371493605,49.16746520996094,4.387760162353516,1,26,2457104.9874403398,2457108.9874403398,True
842636299591976576,842636299591976643,20,2457204.817744604,49.15519332885742,5.765093326568604,1,50,2457200.9874403398,2457204.9874403398,True
842636299591976576,842636299591976643,20,2457267.2819818673,47.296988351004465,4.853727068219866,7,66,2457264.9874403398,2457268.9874403398,True
842636299591976576,842636299591976643,20,2457276.5137820104,57.83797740936279,4.436785936355591,4,68,2457272.9874403398,2457276.9874403398,True
842636299591976576,842636299591976643,20,2457277.1947000194,56.7741756439209,3.611384391784668,2,69,2457276.9874403398,2457280.9874403398,True
842636299591976576,842636299591976643,20,2457323.229856712,55.74138641357422,3.86370849609375,1,80,2457320.9874403398,2457324.9874403398,True
842636299591976576,842636299591976643,20,2457355.0347665776,59.74477005004883,6.330687999725342,1,88,2457352.9874403398,2457356.9874403398,True
842636299591976576,842636299591976643,20,2457470.6201623324,50.22224044799805,4.768537163734436,2,117,2457468.9874403398,2457472.9874403398,True
842636299591976576,842636299591976643,20,2457486.248387399,54.2168083190918,4.00261926651001,2,121,2457484.9874403398,2457488.9874403398,True
842636299591976576,842636299591976643,20,2457523.6274895114,70.39513397216797,5.32028341293335,1,130,2457520.9874403398,2457524.9874403398,True
842636299591976576,842636299591976643,20,2457559.361742831,60.622291564941406,5.27868127822876,1,139,2457556.9874403398,2457560.9874403398,True
842636299591976576,842636299591976643,20,2457581.8301360346,47.6512508392334,4.252561807632446,2,145,2457580.9874403398,2457584.9874403398,True
842636299591976576,842636299591976643,20,2457643.1124275373,45.89297866821289,5.218022346496582,1,160,2457640.9874403398,2457644.9874403398,True
842636299591976576,842636299591976643,20,2457941.9659209265,67.61572265625,6.907551288604736,1,235,2457940.9874403398,2457944.9874403398,True
842636299591976576,842636299591976643,20,2458019.7189171053,47.23131942749024,4.154707908630371,1,254,2458016.9874403398,2458020.9874403398,True
842636299591976576,842636299591976643,20,2458042.97254304,52.153018951416016,4.013217449188232,1,260,2458040.9874403398,2458044.9874403398,True
842636299591976576,842636299591976643,20,2458075.6326072165,60.26491165161133,5.913398265838623,1,268,2458072.9874403398,2458076.9874403398,True
842636299591976576,842636299591976643,20,2458328.518611334,56.20916748046875,4.636734962463379,1,331,2458324.9874403398,2458328.9874403398,True
842636299591976576,842636299591976643,20,2458330.745417595,59.98507499694824,13.348259607950846,6,332,2458328.9874403398,2458332.9874403398,True
842636299591976576,842636299591976643,20,2458333.6639860277,56.505472819010414,17.136038144429524,3,333,2458332.9874403398,2458336.9874403398,True
842636299591976576,842636299591976643,20,2458422.9412365854,48.46875,3.566559076309204,1,355,2458420.9874403398,2458424.9874403398,True
842636299591976576,842636299591976643,20,2458597.271546252,51.65845489501953,3.792990922927856,1,399,2458596.9874403398,2458600.9874403398,True
842636299591976576,842636299591976643,20,2458624.337550385,46.62611770629883,3.4986777305603027,1,405,2458620.9874403398,2458624.9874403398,True
842636299591976576,842636299591976643,20,2458685.139188209,51.50545120239258,4.109877586364746,1,421,2458684.9874403398,2458688.9874403398,True
842636299591976576,842636299591976643,20,2458734.4512471026,57.18963241577149,4.963619232177734,1,433,2458732.9874403398,2458736.9874403398,True
842636299591976576,842636299591976643,20,2458742.031093989,46.32717514038086,4.511351108551025,1,435,2458740.9874403398,2458744.9874403398,True
928565336620746368,928565336620746433,22,2456983.2085390296,109.80284118652344,5.348672151565552,2,0,2456983.171535324,2456987.171535324,True
928565336620746368,928565336620746433,22,2456995.925927354,113.0900650024414,4.964648246765137,1,3,2456995.171535324,2456999.171535324,True
928565336620746368,928565336620746433,22,2457089.061145211,122.32622146606445,6.881662845611572,2,26,2457087.171535324,2457091.171535324,True
928565336620746368,928565336620746433,22,2457105.850898075,123.16719818115234,7.103946685791016,1,30,2457103.171535324,2457107.171535324,True
928565336620746368,928565336620746433,22,2457322.999549574,121.30618286132812,12.575892448425291,1,84,2457319.171535324,2457323.171535324,True
928565336620746368,928565336620746433,22,2457365.9034904637,120.70710889030906,5.3836679879356835,17,95,2457363.171535324,2457367.171535324,True
928565336620746368,928565336620746433,22,2457367.250790745,122.7000732421875,6.54362678527832,2,96,2457367.171535324,2457371.171535324,True
928565336620746368,928565336620746433,22,2457463.6052007503,119.84520721435545,5.065072298049927,2,120,2457463.171535324,2457467.171535324,True
928565336620746368,928565336620746433,22,2457485.603186231,136.97740936279297,30.383355855941772,2,125,2457483.171535324,2457487.171535324,True
928565336620746368,928565336620746433,22,2457516.37629827,117.23523712158205,4.721442222595215,1,133,2457515.171535324,2457519.171535324,True
928565336620746368,928565336620746433,22,2457645.8467407366,130.95102310180664,5.91393256187439,2,165,2457643.171535324,2457647.171535324,True
928565336620746368,928565336620746433,22,2457838.921482973,136.5775604248047,5.404126167297363,1,213,2457835.171535324,2457839.171535324,True
928565336620746368,928565336620746433,22,2457865.4502016893,137.5582046508789,5.351460695266724,2,220,2457863.171535324,2457867.171535324,True
928565336620746368,928565336620746433,22,2458021.489636922,115.527587890625,5.842469692230225,1,259,2458019.171535324,2458023.171535324,True
928565336620746368,928565336620746433,22,2458073.724413994,112.11200714111328,4.054527759552002,1,272,2458071.171535324,2458075.171535324,True
928565336620746368,928565336620746433,22,2458214.5055664135,102.83221817016602,4.224114179611206,2,307,2458211.171535324,2458215.171535324,True
928565336620746368,928565336620746433,22,2458245.777972073,96.8012237548828,5.407776355743408,1,315,2458243.171535324,2458247.171535324,True
928565336620746368,928565336620746433,22,2458397.4644628908,103.47321319580078,6.478809833526611,1,353,2458395.171535324,2458399.171535324,True
928565336620746368,928565336620746433,22,2458429.9811188844,106.2978286743164,4.944738149642944,2,361,2458427.171535324,2458431.171535324,True
928565336620746368,928565336620746433,22,2458448.445201265,98.9585952758789,5.482703685760498,1,366,2458447.171535324,2458451.171535324,True
928565336620746368,928565336620746433,22,2458552.123142951,104.4469223022461,5.312437534332275,1,392,2458551.171535324,2458555.171535324,True
928565336620746368,928565336620746433,22,2458627.78434187,109.95049667358398,4.307362794876099,2,411,2458627.171535324,2458631.171535324,True
928565336620746368,928565336620746433,22,2458641.9159092056,112.01451110839844,5.796159982681274,4,414,2458639.171535324,2458643.171535324,True
928565336620746368,928565336620746433,22,2458739.5119617325,112.07365417480469,5.438395977020264,2,439,2458739.171535324,2458743.171535324,True
928565336620746368,928565336620746433,22,2458814.125457907,108.8987808227539,6.07416296005249,1,457,2458811.171535324,2458815.171535324,True
928565336620746368,928565336620746433,22,2458826.5848727725,105.15327453613281,5.995469093322754,2,460,2458823.171535324,2458827.171535324,True
1002696639653430912,1002696639653430977,23,2456906.7279605195,258.31249237060547,9.11558723449707,2,0,2456906.639881857,2456910.639881857,True
1002696639653430912,1002696639653430977,23,2456942.773347633,264.689208984375,6.74062442779541,1,9,2456942.639881857,2456946.639881857,True
1002696639653430912,1002696639653430977,23,2456982.44543747,263.8854675292969,7.73568868637085,2,18,2456978.639881857,2456982.639881857,True
1002696639653430912,1002696639653430977,23,2456982.6585986423,255.45713806152344,6.954367160797119,1,19,2456982.639881857,2456986.639881857,True
1002696639653430912,1002696639653430977,23,2456991.3788137925,265.17637125651044,7.64547872543335,3,21,2456990.639881857,2456994.639881857,True
1002696639653430912,1002696639653430977,23,2457086.3569705114,252.6478729248047,8.497634887695312,1,44,2457082.639881857,2457086.639881857,True
1002696639653430912,1002696639653430977,23,2457110.3515905403,239.48291015625,8.592925071716309,1,50,2457106.639881857,2457110.639881857,True
1002696639653430912,1002696639653430977,23,2457263.7973482776,249.70953369140625,6.876049518585205,2,89,2457262.639881857,2457266.639881857,True
1002696639653430912,1002696639653430977,23,2457291.5421078885,250.80523681640625,8.168205499649048,2,96,2457290.639881857,2457294.639881857,True
1002696639653430912,1002696639653430977,23,2457318.5699879997,237.3435516357422,5.194210529327393,1,102,2457314.639881857,2457318.639881857,True
1002696639653430912,1002696639653430977,23,2457417.2343302323,215.6811023288303,7.4856432808770075,18,127,2457414.639881857,2457418.639881857,True
1002696639653430912,1002696639653430977,23,2457418.911865459,218.67839813232422,6.490905165672302,4,128,2457418.639881857,2457422.639881857,True
1002696639653430912,1002696639653430977,23,2457461.90280188,213.1890106201172,7.845999717712402,1,138,2457458.639881857,2457462.639881857,True
1002696639653430912,1002696639653430977,23,2457490.105238167,204.5541763305664,6.811110019683838,2,145,2457486.639881857,2457490.639881857,True
1002696639653430912,1002696639653430977,23,2457516.8522488545,200.5674285888672,6.3356897830963135,2,152,2457514.639881857,2457518.639881857,True
1002696639653430912,1002696639653430977,23,2457640.3093495616,191.86178588867188,6.126752853393555,1,183,2457638.639881857,2457642.639881857,True
1002696639653430912,1002696639653430977,23,2457788.6969524557,173.0169219970703,4.960381031036377,2,220,2457786.639881857,2457790.639881857,True
1002696639653430912,1002696639653430977,23,2457799.133658373,169.33811950683594,4.899679183959961,2,223,2457798.639881857,2457802.639881857,True
1002696639653430912,1002696639653430977,23,2457837.7569930614,166.5751953125,9.718839645385742,1,232,2457834.639881857,2457838.639881857,True
1002696639653430912,1002696639653430977,23,2457870.491621591,173.1824493408203,8.005885124206543,1,240,2457866.639881857,2457870.639881857,True
1002696639653430912,1002696639653430977,23,2457892.9584531104,173.25859832763672,7.115695238113403,2,246,2457890.639881857,2457894.639881857,True
1002696639653430912,1002696639653430977,23,2457965.947747629,185.9555648803711,7.600633811950684,10,264,2457962.639881857,2457966.639881857,True
1002696639653430912,1002696639653430977,23,2457968.347927979,185.7353628653067,7.409663694876212,27,265,2457966.639881857,2457970.639881857,True
1002696639653430912,1002696639653430977,23,2458016.702257941,193.54070281982425,6.294061899185181,2,277,2458014.639881857,2458018.639881857,True
1002696639653430912,1002696639653430977,23,2458050.429207859,204.677001953125,6.908411026000977,2,285,2458046.639881857,2458050.639881857,True
1002696639653430912,1002696639653430977,23,2458069.216829201,197.44635009765625,5.817050933837891,1,290,2458066.639881857,2458070.639881857,True
1002696639653430912,1002696639653430977,23,2458162.79454259,185.5318374633789,5.867425203323364,2,314,2458162.639881857,2458166.639881857,True
1002696639653430912,1002696639653430977,23,2458252.570678502,201.86375427246094,7.286619504292806,3,336,2458250.639881857,2458254.639881857,True
1002696639653430912,1002696639653430977,23,2458268.381900008,188.85704803466797,7.518236517906189,4,340,2458266.639881857,2458270.639881857,True
1002696639653430912,1002696639653430977,23,2458337.9401721205,194.08121236165366,5.326818466186523,3,357,2458334.639881857,2458338.639881857,True
1002696639653430912,1002696639653430977,23,2458356.1430489784,193.2888526916504,8.338413953781128,4,362,2458354.639881857,2458358.639881857,True
1002696639653430912,1002696639653430977,23,2458393.0004464886,192.74793243408203,5.8894195556640625,2,371,2458390.639881857,2458394.639881857,True
1002696639653430912,1002696639653430977,23,2458429.505158575,179.78553771972656,8.39007568359375,1,380,2458426.639881857,2458430.639881857,True
1002696639653430912,1002696639653430977,23,2458443.846923802,187.57474517822266,5.312155723571777,2,384,2458442.639881857,2458446.639881857,True
1002696639653430912,1002696639653430977,23,2458537.5502179964,169.12353515625,5.613274574279785,1,407,2458534.639881857,2458538.639881857,True
1002696639653430912,1002696639653430977,23,2458557.3365510637,176.0880355834961,5.512231826782227,2,412,2458554.639881857,2458558.639881857,True
1002696639653430912,1002696639653430977,23,2458590.279131422,180.9104156494141,4.860344409942627,1,420,2458586.639881857,2458590.639881857,True
1002696639653430912,1002696639653430977,23,2458777.36822708,181.77024841308597,5.290286064147949,1,467,2458774.639881857,2458778.639881857,True
1065585960278240384,1065585960278240449,25,2456943.4350916003,30861.6796875,80.7190933227539,1,9,2456940.874305838,2456944.874305838,True
1065585960278240384,1065585960278240449,25,2456976.948431562,30859.927734375,77.97289276123047,2,18,2456976.874305838,2456980.874305838,True
1065585960278240384,1065585960278240449,25,2456997.409792406,30883.08984375,82.9681396484375,1,23,2456996.874305838,2457000.874305838,True
1065585960278240384,1065585960278240449,25,2457039.887220719,30863.6630859375,81.46295547485352,2,33,2457036.874305838,2457040.874305838,True
1065585960278240384,1065585960278240449,25,2457047.9622986303,30941.897135416668,94.39845530192058,3,35,2457044.874305838,2457048.874305838,True
1065585960278240384,1065585960278240449,25,2457091.3291679835,30848.69140625,80.83431625366211,2,46,2457088.874305838,2457092.874305838,True
1065585960278240384,1065585960278240449,25,2457110.3664370994,30839.4140625,89.52132415771484,1,51,2457108.874305838,2457112.874305838,True
1065585960278240384,1065585960278240449,25,2457145.838901142,30825.091796875,87.34123992919922,1,60,2457144.874305838,2457148.874305838,True
1065585960278240384,1065585960278240449,25,2457206.29171597,30877.9208984375,84.29652404785156,2,75,2457204.874305838,2457208.874305838,True
1065585960278240384,1065585960278240449,25,2457261.210489498,30951.873697916668,81.95677185058594,3,89,2457260.874305838,2457264.874305838,True
1065585960278240384,1065585960278240449,25,2457285.410562222,30954.5244140625,80.93927764892578,2,95,2457284.874305838,2457288.874305838,True
1065585960278240384,1065585960278240449,25,2457319.982606306,30874.158203125,78.95655822753906,1,103,2457316.874305838,2457320.874305838,True
1065585960278240384,1065585960278240449,25,2457355.4879150926,30865.416015625,78.518798828125,2,112,2457352.874305838,2457356.874305838,True
1065585960278240384,1065585960278240449,25,2457372.739144166,30863.1484375,78.24035263061523,2,116,2457368.874305838,2457372.874305838,True
1065585960278240384,1065585960278240449,25,2457416.1038715374,30879.132161458332,82.6916987101237,3,127,2457412.874305838,2457416.874305838,True
1065585960278240384,1065585960278240449,25,2457424.5540273413,30920.80078125,81.27785873413086,2,129,2457420.874305838,2457424.874305838,True
1065585960278240384,1065585960278240449,25,2457467.085411409,30869.458984375,90.00971221923828,1,140,2457464.874305838,2457468.874305838,True
1065585960278240384,1065585960278240449,25,2457489.332426423,30954.513671875,87.89671325683594,1,146,2457488.874305838,2457492.874305838,True
1065585960278240384,1065585960278240449,25,2457522.8129400485,30860.095703125,79.03096771240234,1,154,2457520.874305838,2457524.874305838,True
1065585960278240384,1065585960278240449,25,2457565.512587301,30938.754557291668,85.83237711588542,3,165,2457564.874305838,2457568.874305838,True
1065585960278240384,1065585960278240449,25,2457584.804741943,30879.033203125,78.98324584960938,1,169,2457580.874305838,2457584.874305838,True
1065585960278240384,1065585960278240449,25,2457585.0208566594,30929.897135416668,81.81956736246745,3,170,2457584.874305838,2457588.874305838,True
1065585960278240384,1065585960278240449,25,2457696.191337549,30893.21484375,79.53292846679688,2,197,2457692.874305838,2457696.874305838,True
1065585960278240384,1065585960278240449,25,2457747.993115968,30903.59375,79.742431640625,1,210,2457744.874305838,2457748.874305838,True
1065585960278240384,1065585960278240449,25,2457791.712821281,30835.435546875,83.48374557495117,2,221,2457788.874305838,2457792.874305838,True
1065585960278240384,1065585960278240449,25,2457801.8993948745,30941.1357421875,80.84695816040039,2,224,2457800.874305838,2457804.874305838,True
1065585960278240384,1065585960278240449,25,2457842.974139831,30782.0029296875,85.12212371826172,2,234,2457840.874305838,2457844.874305838,True
1065585960278240384,1065585960278240449,25,2457868.504293255,30836.009765625,77.98387145996094,1,240,2457864.874305838,2457868.874305838,True
1065585960278240384,1065585960278240449,25,2457899.918692349,30844.03125,82.21687316894531,1,248,2457896.874305838,2457900.874305838,True
1065585960278240384,1065585960278240449,25,2457948.4989323504,30902.446484375,80.41293029785156,5,260,2457944.874305838,2457948.874305838,True
1065585960278240384,1065585960278240449,25,2457965.200018473,30929.698567708332,80.56192016601562,6,265,2457964.874305838,2457968.874305838,True
1065585960278240384,1065585960278240449,25,2458045.429023811,30906.5703125,116.8596076965332,2,285,2458044.874305838,2458048.874305838,True
1065585960278240384,1065585960278240449,25,2458072.206555801,30835.697265625,80.5118637084961,1,291,2458068.874305838,2458072.874305838,True
1065585960278240384,1065585960278240449,25,2458111.585712945,30817.63671875,85.47196197509766,1,301,2458108.874305838,2458112.874305838,True
1065585960278240384,1065585960278240449,25,2458123.1268544532,30942.0458984375,78.02957153320312,2,304,2458120.874305838,2458124.874305838,True
1065585960278240384,1065585960278240449,25,2458219.056659136,30810.11328125,81.70574188232422,1,328,2458216.874305838,2458220.874305838,True
1065585960278240384,1065585960278240449,25,2458248.2220582617,30889.23046875,75.86272430419922,1,335,2458244.874305838,2458248.874305838,True
1065585960278240384,1065585960278240449,25,2458277.217563156,30795.548828125,82.0030517578125,1,343,2458276.874305838,2458280.874305838,True
1065585960278240384,1065585960278240449,25,2458330.1619548076,30887.26513671875,94.28743362426758,4,356,2458328.874305838,2458332.874305838,True
1065585960278240384,1065585960278240449,25,2458347.626336838,30905.10302734375,79.33399391174316,4,360,2458344.874305838,2458348.874305838,True
1065585960278240384,1065585960278240449,25,2458392.9856017265,30936.1171875,80.00388717651367,2,372,2458392.874305838,2458396.874305838,True
1065585960278240384,1065585960278240449,25,2458424.4699347606,30810.73828125,82.41075134277344,2,379,2458420.874305838,2458424.874305838,True
1065585960278240384,1065585960278240449,25,2458448.001501457,30820.701171875,80.22885131835938,1,385,2458444.874305838,2458448.874305838,True
1065585960278240384,1065585960278240449,25,2458489.1609171797,30855.1845703125,80.64221954345703,2,396,2458488.874305838,2458492.874305838,True
1065585960278240384,1065585960278240449,25,2458498.415151611,30943.611328125,80.54677963256836,2,398,2458496.874305838,2458500.874305838,True
1065585960278240384,1065585960278240449,25,2458558.101748905,30888.771484375,81.18975448608398,2,413,2458556.874305838,2458560.874305838,True
1065585960278240384,1065585960278240449,25,2458595.5662722327,30826.5390625,77.72577667236328,2,422,2458592.874305838,2458596.874305838,True
1065585960278240384,1065585960278240449,25,2458628.4271277944,30812.0859375,77.83076477050781,2,430,2458624.874305838,2458628.874305838,True
1065585960278240384,1065585960278240449,25,2458654.6787197436,30894.60498046875,81.19356346130371,4,437,2458652.874305838,2458656.874305838,True
1065585960278240384,1065585960278240449,25,2458728.7720989385,30838.33984375,79.97821807861328,1,455,2458724.874305838,2458728.874305838,True
1065585960278240384,1065585960278240449,25,2458782.588123002,30765.064453125,82.10859298706055,2,469,2458780.874305838,2458784.874305838,True
1065585960278240384,1065585960278240449,25,2458814.6453968054,30862.322265625,79.47444915771484,2,477,2458812.874305838,2458816.874305838,True
1065585960278240384,1065585960278240449,25,2458839.105678101,30865.647135416668,77.12535603841145,3,483,2458836.874305838,2458840.874305838,True
1065585960278240384,1065585960278240451,26,2456943.435091441,94.9421157836914,7.019235134124756,1,0,2456943.435091441,2456947.435091441,True
1065585960278240384,1065585960278240451,26,2456997.4097915874,90.82795715332033,6.345763206481934,1,13,2456995.435091441,2456999.435091441,True
1065585960278240384,1065585960278240451,26,2457039.887220515,86.58517074584961,4.125960350036621,2,24,2457039.435091441,2457043.435091441,True
1065585960278240384,1065585960278240451,26,2457048.0163265048,81.5784683227539,6.356476545333862,2,26,2457047.435091441,2457051.435091441,True
1065585960278240384,1065585960278240451,26,2457110.3664371334,102.11173248291016,4.015275478363037,1,41,2457107.435091441,2457111.435091441,True
1065585960278240384,1065585960278240451,26,2457145.838902007,87.1875991821289,5.10213565826416,1,50,2457143.435091441,2457147.435091441,True
1065585960278240384,1065585960278240451,26,2457206.2917164024,88.91092681884766,5.050365924835205,2,65,2457203.435091441,2457207.435091441,True
1065585960278240384,1065585960278240451,26,2457261.1564610377,87.61939239501953,8.474344730377197,2,79,2457259.435091441,2457263.435091441,True
1065585960278240384,1065585960278240451,26,2457319.9826060217,79.32003021240234,9.500106811523438,1,94,2457319.435091441,2457323.435091441,True
1065585960278240384,1065585960278240451,26,2457424.554026818,88.43328094482422,5.888346195220947,2,120,2457423.435091441,2457427.435091441,True
1065585960278240384,1065585960278240451,26,2457489.332426594,89.95130920410156,7.063645362854004,1,136,2457487.435091441,2457491.435091441,True
1065585960278240384,1065585960278240451,26,2457565.495562994,91.91477966308594,5.491516828536987,2,155,2457563.435091441,2457567.435091441,True
1065585960278240384,1065585960278240451,26,2457584.966827954,87.54253387451172,5.93095064163208,2,160,2457583.435091441,2457587.435091441,True
1065585960278240384,1065585960278240451,26,2457696.279416024,77.25774383544922,9.281241416931152,1,188,2457695.435091441,2457699.435091441,True
1065585960278240384,1065585960278240451,26,2457747.9931150125,97.8093719482422,4.686172962188721,1,201,2457747.435091441,2457751.435091441,True
1065585960278240384,1065585960278240451,26,2457791.712821571,85.63044357299805,4.631116151809692,2,212,2457791.435091441,2457795.435091441,True
1065585960278240384,1065585960278240451,26,2457801.9874728373,97.12249755859376,5.227164268493652,1,214,2457799.435091441,2457803.435091441,True
1065585960278240384,1065585960278240451,26,2457843.011144276,82.02385711669922,4.70265531539917,1,224,2457839.435091441,2457843.435091441,True
1065585960278240384,1065585960278240451,26,2457868.5042935847,87.1874771118164,6.089940547943115,1,231,2457867.435091441,2457871.435091441,True
1065585960278240384,1065585960278240451,26,2457948.453834037,90.75992329915364,5.631723880767822,3,251,2457947.435091441,2457951.435091441,True
1065585960278240384,1065585960278240451,26,2458111.622715627,85.86538696289062,3.8843307495117188,2,292,2458111.435091441,2458115.435091441,True
1065585960278240384,1065585960278240451,26,2458123.126853509,93.10369110107422,5.79589581489563,2,294,2458119.435091441,2458123.435091441,True
1065585960278240384,1065585960278240451,26,2458330.205995805,92.8417739868164,4.145487785339356,1,346,2458327.435091441,2458331.435091441,True
1065585960278240384,1065585960278240451,26,2458347.7514185095,89.3502197265625,4.708475232124329,2,351,2458347.435091441,2458351.435091441,True
1065585960278240384,1065585960278240451,26,2458448.001500774,87.15264129638672,3.994110345840454,1,376,2458447.435091441,2458451.435091441,True
1065585960278240384,1065585960278240451,26,2458489.197920124,90.7051773071289,4.430073261260986,1,386,2458487.435091441,2458491.435091441,True
1065585960278240384,1065585960278240451,26,2458498.3781474787,96.19940185546876,5.415969371795654,1,388,2458495.435091441,2458499.435091441,True
1065585960278240384,1065585960278240451,26,2458558.1017487803,87.95068740844727,4.93584418296814,2,403,2458555.435091441,2458559.435091441,True
1065585960278240384,1065585960278240451,26,2458654.803802592,89.80929565429688,5.111474990844727,2,427,2458651.435091441,2458655.435091441,True
1065585960278240384,1065585960278240451,26,2458728.772098188,94.33531951904295,6.721618175506592,1,446,2458727.435091441,2458731.435091441,True
1065585960278240384,1065585960278240451,26,2458839.139728405,86.7918701171875,3.867429256439209,1,473,2458835.435091441,2458839.435091441,True
1283010910042315904,1283010910042315969,27,2456913.4279809142,295.359130859375,11.161341667175293,2,0,2456913.339901916,2456917.339901916,True
1283010910042315904,1283010910042315969,27,2457036.709063356,307.4797668457031,11.5108003616333,1,30,2457033.339901916,2457037.339901916,True
1283010910042315904,1283010910042315969,27,2457062.163760187,298.75384521484375,8.513610601425171,2,37,2457061.339901916,2457065.339901916,True
1283010910042315904,1283010910042315969,27,2457103.863827347,296.056640625,7.33245062828064,2,47,2457101.339901916,2457105.339901916,True
1283010910042315904,1283010910042315969,27,2457111.5469189794,315.8767598470052,26.69190565745036,3,49,2457109.339901916,2457113.339901916,True
1283010910042315904,1283010910042315969,27,2457159.5473857494,301.12867736816406,7.69098687171936,2,61,2457157.339901916,2457161.339901916,True
1283010910042315904,1283010910042315969,27,2457171.3021157077,302.66839599609375,7.371958494186401,2,64,2457169.339901916,2457173.339901916,True
1283010910042315904,1283010910042315969,27,2457212.5104163513,310.8902130126953,8.854021549224854,2,74,2457209.339901916,2457213.339901916,True
1283010910042315904,1283010910042315969,27,2457242.9989658482,305.87892150878906,7.352842569351196,2,82,2457241.339901916,2457245.339901916,True
1283010910042315904,1283010910042315969,27,2457270.247260781,299.936279296875,8.253015279769897,2,89,2457269.339901916,2457273.339901916,True
1283010910042315904,1283010910042315969,27,2457328.9192289305,305.6454569498698,7.46118688583374,6,103,2457325.339901916,2457329.339901916,True
1283010910042315904,1283010910042315969,27,2457329.5786883887,306.0714569091797,7.647183179855347,2,104,2457329.339901916,2457333.339901916,True
1283010910042315904,1283010910042315969,27,2457338.692119368,301.9215342203776,7.409766276677449,6,106,2457337.339901916,2457341.339901916,True
1283010910042315904,1283010910042315969,27,2457384.605090913,299.8103942871094,9.516153335571289,2,117,2457381.339901916,2457385.339901916,True
1283010910042315904,1283010910042315969,27,2457415.6753576915,295.74835205078125,8.250255584716797,1,125,2457413.339901916,2457417.339901916,True
1283010910042315904,1283010910042315969,27,2457437.708550981,304.620361328125,7.121983289718628,2,131,2457437.339901916,2457441.339901916,True
1283010910042315904,1283010910042315969,27,2457482.8257808844,297.98416573660717,7.453669139317104,7,142,2457481.339901916,2457485.339901916,True
1283010910042315904,1283010910042315969,27,2457485.904452135,299.10330963134766,7.728555619716644,8,143,2457485.339901916,2457489.339901916,True
1283010910042315904,1283010910042315969,27,2457534.837592747,304.3242645263672,6.1734161376953125,2,155,2457533.339901916,2457537.339901916,True
1283010910042315904,1283010910042315969,27,2457550.466208402,301.6895751953125,6.884117126464844,2,159,2457549.339901916,2457553.339901916,True
1283010910042315904,1283010910042315969,27,2457589.0575307347,314.5550994873047,19.498488903045654,2,168,2457585.339901916,2457589.339901916,True
1283010910042315904,1283010910042315969,27,2457647.0464043207,302.2699890136719,9.569657802581787,2,183,2457645.339901916,2457649.339901916,True
1283010910042315904,1283010910042315969,27,2457705.28932498,306.53858947753906,8.265762567520142,2,197,2457701.339901916,2457705.339901916,True
1283010910042315904,1283010910042315969,27,2457760.7780382046,303.6398468017578,8.181106328964233,2,211,2457757.339901916,2457761.339901916,True
1283010910042315904,1283010910042315969,27,2457794.3090824117,300.1340637207031,6.890625953674316,2,220,2457793.339901916,2457797.339901916,True
1283010910042315904,1283010910042315969,27,2457813.0593107603,299.51495361328125,8.039357423782349,2,224,2457809.339901916,2457813.339901916,True
1283010910042315904,1283010910042315969,27,2457929.901076267,294.14483642578125,8.950139999389648,1,254,2457929.339901916,2457933.339901916,True
1283010910042315904,1283010910042315969,27,2458005.5205872296,300.48944091796875,8.595704555511475,2,273,2458005.339901916,2458009.339901916,True
1283010910042315904,1283010910042315969,27,2458023.9030200923,304.03973388671875,7.604919910430908,2,277,2458021.339901916,2458025.339901916,True
1283010910042315904,1283010910042315969,27,2458081.824729308,302.00815836588544,7.546799023946126,3,292,2458081.339901916,2458085.339901916,True
1283010910042315904,1283010910042315969,27,2458103.89947509,300.3028259277344,7.628240346908569,2,297,2458101.339901916,2458105.339901916,True
1283010910042315904,1283010910042315969,27,2458136.845784036,315.5592956542969,7.894835948944092,1,305,2458133.339901916,2458137.339901916,True
1283010910042315904,1283010910042315969,27,2458188.138131648,310.2533264160156,6.597640037536621,1,318,2458185.339901916,2458189.339901916,True
1283010910042315904,1283010910042315969,27,2458236.4827768872,304.84949747721356,11.875521024068197,9,330,2458233.339901916,2458237.339901916,True
1283010910042315904,1283010910042315969,27,2458239.0358601585,303.7052192687988,7.018556714057922,8,331,2458237.339901916,2458241.339901916,True
1283010910042315904,1283010910042315969,27,2458286.230628025,295.50340270996094,6.698561429977417,2,343,2458285.339901916,2458289.339901916,True
1283010910042315904,1283010910042315969,27,2458309.441087977,304.5360107421875,8.194733619689941,1,349,2458309.339901916,2458313.339901916,True
1283010910042315904,1283010910042315969,27,2458342.711071699,300.10145568847656,6.898279666900635,2,357,2458341.339901916,2458345.339901916,True
1283010910042315904,1283010910042315969,27,2458400.798112206,306.6629638671875,6.914941946665446,3,371,2458397.339901916,2458401.339901916,True
1283010910042315904,1283010910042315969,27,2458458.319690743,311.8390655517578,10.157753944396973,2,386,2458457.339901916,2458461.339901916,True
1283010910042315904,1283010910042315969,27,2458483.7293622023,304.14190673828125,12.703094482421877,1,392,2458481.339901916,2458485.339901916,True
1283010910042315904,1283010910042315969,27,2458512.6424502647,302.31158447265625,7.935797214508057,1,399,2458509.339901916,2458513.339901916,True
1283010910042315904,1283010910042315969,27,2458551.4237678787,302.8201599121094,11.831005096435549,1,409,2458549.339901916,2458553.339901916,True
1283010910042315904,1283010910042315969,27,2458563.1412900547,310.184326171875,6.882504940032959,2,412,2458561.339901916,2458565.339901916,True
1283010910042315904,1283010910042315969,27,2458610.820652521,302.2864074707031,8.884406566619873,2,424,2458609.339901916,2458613.339901916,True
1283010910042315904,1283010910042315969,27,2458618.3957886086,304.3853352864583,6.925655523935954,3,426,2458617.339901916,2458621.339901916,True
1283010910042315904,1283010910042315969,27,2458662.275674132,305.3854675292969,9.102918148040771,2,437,2458661.339901916,2458665.339901916,True
1283010910042315904,1283010910042315969,27,2458697.827604288,301.8465270996094,9.491174697875977,1,446,2458697.339901916,2458701.339901916,True
1283010910042315904,1283010910042315969,27,2458738.5852592103,299.968994140625,6.644257545471191,2,456,2458737.339901916,2458741.339901916,True
1283010910042315904,1283010910042315969,27,2458750.220923594,305.10496520996094,7.703466892242432,2,459,2458749.339901916,2458753.339901916,True
1283010910042315904,1283010910042315969,27,2458797.479179583,309.12474060058594,7.583688259124756,2,471,2458797.339901916,2458801.339901916,True
1283010910042315904,1283010910042315969,27,2458804.9310536385,304.8778381347656,6.678383509318034,3,472,2458801.339901916,2458805.339901916,True
1283010910042315904,1283010910042315969,27,2458846.214598953,313.89626340179336,6.170429229479376,2,483,2458845.339901916,2458849.339901916,
1283010910042315904,1283010910042315971,28,2457062.200762836,57.95592498779297,3.6782710552215576,1,0,2457062.200762836,2457066.200762836,True
1283010910042315904,1283010910042315971,28,2457103.8638276486,55.34706497192383,3.0326650142669678,2,10,2457102.200762836,2457106.200762836,True
1283010910042315904,1283010910042315971,28,2457111.546918817,44.346429189046226,4.938604275385539,3,12,2457110.200762836,2457114.200762836,True
1283010910042315904,1283010910042315971,28,2457171.3021163736,66.06360626220703,6.368912696838379,2,27,2457170.200762836,2457174.200762836,True
1283010910042315904,1283010910042315971,28,2457242.99896673,57.44422912597656,4.619140148162842,2,45,2457242.200762836,2457246.200762836,True
1283010910042315904,1283010910042315971,28,2457329.0026157782,62.64541498819987,5.398875554402669,3,66,2457326.200762836,2457330.200762836,True
1283010910042315904,1283010910042315971,28,2457338.6836052346,57.770423889160156,7.419306695461273,4,69,2457338.200762836,2457342.200762836,True
1283010910042315904,1283010910042315971,28,2457384.517011284,65.92708587646484,4.126038551330566,1,80,2457382.200762836,2457386.200762836,True
1283010910042315904,1283010910042315971,28,2457483.6225673044,55.04668154035296,7.026637826647077,7,105,2457482.200762836,2457486.200762836,True
1283010910042315904,1283010910042315971,28,2457486.3677802426,63.93620681762695,2.7830495834350586,1,106,2457486.200762836,2457490.200762836,True
1283010910042315904,1283010910042315971,28,2457647.0834074467,55.23152542114258,3.288115739822388,1,146,2457646.200762836,2457650.200762836,True
1283010910042315904,1283010910042315971,28,2457705.502485305,66.30719778682516,4.556658163362759,1,160,2457702.200762836,2457706.200762836,False
1283010910042315904,1283010910042315971,28,2458236.247091994,70.26858520507812,1.9737470149993896,1,293,2458234.200762836,2458238.200762836,True
1283010910042315904,1283010910042315971,28,2458239.499186429,72.02181243896484,7.156588554382324,1,294,2458238.200762836,2458242.200762836,True
1283010910042315904,1283010910042315971,28,2458286.193625292,43.87112045288086,2.4139158725738525,1,305,2458282.200762836,2458286.200762836,True
1283010910042315904,1283010910042315971,28,2458309.441088808,67.69398498535156,7.400935173034668,1,311,2458306.200762836,2458310.200762836,True
1283010910042315904,1283010910042315971,28,2458342.674067999,51.9923095703125,2.6715474128723145,1,320,2458342.200762836,2458346.200762836,True
1283010910042315904,1283010910042315971,28,2458400.864475684,61.141000747680664,4.480228424072266,2,334,2458398.200762836,2458402.200762836,True
1283010910042315904,1283010910042315971,28,2458483.72936177,48.23854064941406,9.866087913513184,1,355,2458482.200762836,2458486.200762836,True
1283010910042315904,1283010910042315971,28,2458610.857656983,59.58376693725586,7.591982364654541,1,387,2458610.200762836,2458614.200762836,True
1283010910042315904,1283010910042315971,28,2458618.3617386343,66.0541763305664,3.9365975856781006,1,389,2458618.200762836,2458622.200762836,True
1283010910042315904,1283010910042315971,28,2458805.073160302,60.67348861694336,2.443777084350586,1,435,2458802.200762836,2458806.200762836,True
1290471096436583424,1290471096436583489,29,2456915.8032111926,867.3589782714844,13.020626068115234,2,0,2456915.766207788,2456919.766207788,True
1290471096436583424,1290471096436583489,29,2456941.754682357,888.5897623697916,10.11745580037435,3,6,2456939.766207788,2456943.766207788,True
1290471096436583424,1290471096436583489,29,2456958.316670287,872.8835296630859,10.694139242172241,4,10,2456955.766207788,2456959.766207788,True
1290471096436583424,1290471096436583489,29,2457062.19639918,884.9183349609375,12.078570365905762,1,36,2457059.766207788,2457063.766207788,True
1290471096436583424,1290471096436583489,29,2457101.6140205227,878.55224609375,10.582697868347168,2,46,2457099.766207788,2457103.766207788,True
1290471096436583424,1290471096436583489,29,2457113.9932365436,882.0586853027344,13.120776176452637,2,49,2457111.766207788,2457115.766207788,True
1290471096436583424,1290471096436583489,29,2457159.5887584453,891.5109252929688,10.802783012390137,1,60,2457155.766207788,2457159.766207788,True
1290471096436583424,1290471096436583489,29,2457172.80621983,888.0350341796875,11.07755708694458,2,64,2457171.766207788,2457175.766207788,True
1290471096436583424,1290471096436583489,29,2457243.003336425,887.3801879882812,11.451488494873047,2,81,2457239.766207788,2457243.766207788,True
1290471096436583424,1290471096436583489,29,2457272.247577912,885.1157531738281,10.626834392547607,2,89,2457271.766207788,2457275.766207788,True
1290471096436583424,1290471096436583489,29,2457322.98454513,884.9176788330078,10.853266954421997,4,101,2457319.766207788,2457323.766207788,True
1290471096436583424,1290471096436583489,29,2457339.7054839456,883.7219848632812,9.00953769683838,1,105,2457335.766207788,2457339.766207788,True
1290471096436583424,1290471096436583489,29,2457339.904574607,885.5106506347656,11.11434268951416,2,106,2457339.766207788,2457343.766207788,True
1290471096436583424,1290471096436583489,29,2457414.2107397886,883.4418640136719,9.657093048095703,2,124,2457411.766207788,2457415.766207788,True
1290471096436583424,1290471096436583489,29,2457437.9914707416,880.650146484375,12.015321731567385,1,130,2457435.766207788,2457439.766207788,True
1290471096436583424,1290471096436583489,29,2457479.5815389045,872.8644612630209,11.416789690653482,3,140,2457475.766207788,2457479.766207788,True
1290471096436583424,1290471096436583489,29,2457489.728057426,881.7539876302084,11.95417054494222,3,143,2457487.766207788,2457491.766207788,True
1290471096436583424,1290471096436583489,29,2457535.3420794127,877.4068298339844,11.509206771850586,2,154,2457531.766207788,2457535.766207788,True
1290471096436583424,1290471096436583489,29,2457551.5954237944,881.5729370117188,9.665223121643066,2,158,2457547.766207788,2457551.766207788,True
1290471096436583424,1290471096436583489,29,2457590.559626362,872.6371459960938,13.204229831695557,2,168,2457587.766207788,2457591.766207788,True
1290471096436583424,1290471096436583489,29,2457649.6176474593,882.4189046223959,9.558660189310709,3,183,2457647.766207788,2457651.766207788,True
1290471096436583424,1290471096436583489,29,2457701.963666199,885.5259806315104,10.22807757059733,3,196,2457699.766207788,2457703.766207788,True
1290471096436583424,1290471096436583489,29,2457721.504649097,875.8721923828125,11.46985149383545,1,201,2457719.766207788,2457723.766207788,True
1290471096436583424,1290471096436583489,29,2457760.2366588865,885.38037109375,10.679898262023926,1,211,2457759.766207788,2457763.766207788,True
1290471096436583424,1290471096436583489,29,2457792.787798313,885.3538208007812,13.016271591186523,1,219,2457791.766207788,2457795.766207788,True
1290471096436583424,1290471096436583489,29,2457813.768862875,876.1023559570312,11.802213668823242,1,224,2457811.766207788,2457815.766207788,True
1290471096436583424,1290471096436583489,29,2457856.9980239007,866.8948364257812,14.00640869140625,2,235,2457855.766207788,2457859.766207788,True
1290471096436583424,1290471096436583489,29,2457865.8774510575,884.18505859375,10.48943567276001,2,237,2457863.766207788,2457867.766207788,True
1290471096436583424,1290471096436583489,29,2457930.692365936,889.5809020996094,10.562214851379395,2,253,2457927.766207788,2457931.766207788,True
1290471096436583424,1290471096436583489,29,2457967.4142511627,872.9671325683594,10.135958671569824,2,262,2457963.766207788,2457967.766207788,True
1290471096436583424,1290471096436583489,29,2458004.023278675,885.5537719726562,11.11669111251831,2,272,2458003.766207788,2458007.766207788,True
1290471096436583424,1290471096436583489,29,2458027.1532402695,875.632568359375,10.758424282073976,2,277,2458023.766207788,2458027.766207788,True
1290471096436583424,1290471096436583489,29,2458079.641398463,880.8070983886719,10.658668518066406,2,290,2458075.766207788,2458079.766207788,True
1290471096436583424,1290471096436583489,29,2458102.395286087,883.0910949707031,13.875017642974854,2,296,2458099.766207788,2458103.766207788,True
1290471096436583424,1290471096436583489,29,2458136.41523424,877.6506958007812,10.352301597595217,1,305,2458135.766207788,2458139.766207788,True
1290471096436583424,1290471096436583489,29,2458189.3485819628,887.7806091308594,12.331190586090088,2,318,2458187.766207788,2458191.766207788,True
1290471096436583424,1290471096436583489,29,2458233.7860445194,884.7304382324219,12.992297649383545,2,329,2458231.766207788,2458235.766207788,True
1290471096436583424,1290471096436583489,29,2458242.790501717,886.1500244140625,11.0691556930542,2,331,2458239.766207788,2458243.766207788,True
1290471096436583424,1290471096436583489,29,2458309.982486615,885.1700134277344,13.485162734985352,2,348,2458307.766207788,2458311.766207788,True
1290471096436583424,1290471096436583489,29,2458385.695439463,886.73486328125,11.907444953918457,2,367,2458383.766207788,2458387.766207788,True
1290471096436583424,1290471096436583489,29,2458405.3279913673,878.9364318847656,11.340594291687012,4,372,2458403.766207788,2458407.766207788,True
1290471096436583424,1290471096436583489,29,2458456.7273721523,873.7447509765625,9.668427467346191,1,385,2458455.766207788,2458459.766207788,True
1290471096436583424,1290471096436583489,29,2458482.226118576,889.1805419921875,14.762578964233398,1,391,2458479.766207788,2458483.766207788,True
1290471096436583424,1290471096436583489,29,2458512.4619492483,872.4157104492188,9.7517728805542,1,399,2458511.766207788,2458515.766207788,True
1290471096436583424,1290471096436583489,29,2458549.6367766764,883.6977844238281,10.33010482788086,2,408,2458547.766207788,2458551.766207788,True
1290471096436583424,1290471096436583489,29,2458564.852949488,877.7576904296875,11.03305435180664,1,412,2458563.766207788,2458567.766207788,True
1290471096436583424,1290471096436583489,29,2458610.0743520185,876.1726989746094,10.27713680267334,2,423,2458607.766207788,2458611.766207788,True
1290471096436583424,1290471096436583489,29,2458620.7039993475,874.5218811035156,11.633660793304443,2,426,2458619.766207788,2458623.766207788,True
1290471096436583424,1290471096436583489,29,2458697.6187917716,880.9376831054688,11.335902214050293,2,445,2458695.766207788,2458699.766207788,True
1290471096436583424,1290471096436583489,29,2458736.707821993,880.655517578125,9.967521667480469,2,455,2458735.766207788,2458739.766207788,True
1290471096436583424,1290471096436583489,29,2458796.670436548,874.5838623046875,12.578177769978842,3,470,2458795.766207788,2458799.766207788,True
1290471096436583424,1290471096436583489,29,2458807.1087502046,880.3540954589844,11.434556484222412,2,472,2458803.766207788,2458807.766207788,True
1290471096436583424,1290471096436583489,29,2458847.463071787,875.3646240234375,9.719965934753418,2,482,2458843.766207788,2458847.766207788,True
1349383651008404096,1349383651008404161,31,2456963.137943237,3500.78271484375,18.642356872558597,1,0,2456963.137943237,2456967.137943237,True
1349383651008404096,1349383651008404161,31,2456999.783172393,3559.54345703125,22.315434455871582,2,9,2456999.137943237,2457003.137943237,True
1349383651008404096,1349383651008404161,31,2457027.6550787035,3539.02099609375,20.737701416015625,2,16,2457027.137943237,2457031.137943237,True
1349383651008404096,1349383651008404161,31,2457062.675521911,3540.11669921875,19.829235076904297,1,24,2457059.137943237,2457063.137943237,True
1349383651008404096,1349383651008404161,31,2457094.907956601,3550.636474609375,20.423358917236328,1,32,2457091.137943237,2457095.137943237,True
1349383651008404096,1349383651008404161,31,2457121.2379446346,3526.59912109375,20.058228492736816,2,39,2457119.137943237,2457123.137943237,True
1349383651008404096,1349383651008404161,31,2457243.024590493,3538.5670166015625,20.312074661254883,2,69,2457239.137943237,2457243.137943237,True
1349383651008404096,1349383651008404161,31,2457280.03023156,3532.826171875,21.040771484375,1,79,2457279.137943237,2457283.137943237,True
1349383651008404096,1349383651008404161,31,2457310.4444194776,3536.7490234375,20.978485107421875,1,86,2457307.137943237,2457311.137943237,True
1349383651008404096,1349383651008404161,31,2457340.7219510768,3566.4122314453125,21.732120513916016,2,94,2457339.137943237,2457343.137943237,True
1349383651008404096,1349383651008404161,31,2457378.241949992,3545.0234375,18.247314453125,1,103,2457375.137943237,2457379.137943237,True
1349383651008404096,1349383651008404161,31,2457439.898164762,3530.207275390625,24.10786247253418,1,119,2457439.137943237,2457443.137943237,True
1349383651008404096,1349383651008404161,31,2457473.4129435564,3519.178466796875,17.91499137878418,2,127,2457471.137943237,2457475.137943237,True
1349383651008404096,1349383651008404161,31,2457498.1201717635,3552.523193359375,25.33139991760254,1,133,2457495.137943237,2457499.137943237,True
1349383651008404096,1349383651008404161,31,2457537.614054473,3539.7607421875,21.206076622009277,2,143,2457535.137943237,2457539.137943237,True
1349383651008404096,1349383651008404161,31,2457557.327762707,3538.4033203125,21.937366485595703,1,148,2457555.137943237,2457559.137943237,True
1349383651008404096,1349383651008404161,31,2457621.5289438157,3530.206298828125,20.42808723449707,1,164,2457619.137943237,2457623.137943237,True
1349383651008404096,1349383651008404161,31,2457657.2892465508,3534.302978515625,21.548795700073242,2,173,2457655.137943237,2457659.137943237,True
1349383651008404096,1349383651008404161,31,2457689.488556079,3538.878662109375,23.65874671936035,1,181,2457687.137943237,2457691.137943237,True
1349383651008404096,1349383651008404161,31,2457756.376999977,3534.3800048828125,22.299072265625,2,198,2457755.137943237,2457759.137943237,True
1349383651008404096,1349383651008404161,31,2457785.2455939054,3547.26318359375,32.741615295410156,2,205,2457783.137943237,2457787.137943237,True
1349383651008404096,1349383651008404161,31,2457816.8255689237,3535.3603515625,20.07542610168457,1,213,2457815.137943237,2457819.137943237,True
1349383651008404096,1349383651008404161,31,2457851.7617279505,3535.9422607421875,19.703965187072754,2,222,2457851.137943237,2457855.137943237,True
1349383651008404096,1349383651008404161,31,2457874.9709956087,3530.865234375,27.177473068237305,1,227,2457871.137943237,2457875.137943237,True
1349383651008404096,1349383651008404161,31,2457934.963130003,3519.401123046875,22.493885040283203,2,242,2457931.137943237,2457935.137943237,True
1349383651008404096,1349383651008404161,31,2458000.164879566,3542.93115234375,21.30177593231201,2,259,2457999.137943237,2458003.137943237,True
1349383651008404096,1349383651008404161,31,2458068.3776824265,3538.6929931640625,23.72316551208496,2,276,2458067.137943237,2458071.137943237,True
1349383651008404096,1349383651008404161,31,2458134.143324124,3520.861083984375,17.647262573242188,1,292,2458131.137943237,2458135.137943237,True
1349383651008404096,1349383651008404161,31,2458164.0599479647,3517.190185546875,18.50882148742676,1,300,2458163.137943237,2458167.137943237,True
1349383651008404096,1349383651008404161,31,2458193.7974444656,3510.115966796875,32.129608154296875,1,307,2458191.137943237,2458195.137943237,True
1349383651008404096,1349383651008404161,31,2458230.015931633,3532.577392578125,22.18916702270508,1,316,2458227.137943237,2458231.137943237,True
1349383651008404096,1349383651008404161,31,2458251.8378117587,3542.097412109375,17.50433921813965,1,322,2458251.137943237,2458255.137943237,True
1349383651008404096,1349383651008404161,31,2458312.7910360666,3515.30615234375,20.44011878967285,1,337,2458311.137943237,2458315.137943237,True
1349383651008404096,1349383651008404161,31,2458352.1775481016,3518.88623046875,20.48808479309082,1,347,2458351.137943237,2458355.137943237,True
1349383651008404096,1349383651008404161,31,2458378.9200033173,3527.898681640625,21.56587219238281,1,353,2458375.137943237,2458379.137943237,True
1349383651008404096,1349383651008404161,31,2458411.9395939014,3533.3907470703125,18.48294448852539,2,362,2458411.137943237,2458415.137943237,True
1349383651008404096,1349383651008404161,31,2458475.133245883,3538.921142578125,25.26935195922852,1,377,2458471.137943237,2458475.137943237,True
1349383651008404096,1349383651008404161,31,2458511.690327398,3523.12841796875,19.126731872558597,1,387,2458511.137943237,2458515.137943237,True
1349383651008404096,1349383651008404161,31,2458608.130854266,3542.46826171875,22.19415855407715,1,411,2458607.137943237,2458611.137943237,True
1349383651008404096,1349383651008404161,31,2458628.9681825778,3523.94287109375,20.1105899810791,2,416,2458627.137943237,2458631.137943237,True
1349383651008404096,1349383651008404161,31,2458670.045597856,3528.633056640625,20.227978706359863,2,426,2458667.137943237,2458671.137943237,True
1349383651008404096,1349383651008404161,31,2458696.8894536127,3540.9078369140625,20.078511238098145,2,433,2458695.137943237,2458699.137943237,True
1349383651008404096,1349383651008404161,31,2458729.4818869587,3529.148681640625,23.981735229492188,1,441,2458727.137943237,2458731.137943237,True
1349383651008404096,1349383651008404161,31,2458757.9922141684,3516.181884765625,19.487516403198242,2,448,2458755.137943237,2458759.137943237,True
1349383651008404096,1349383651008404161,31,2458795.0405075355,3531.91650390625,20.48934936523437,1,457,2458791.137943237,2458795.137943237,True
1349383651008404096,1349383651008404161,31,2458814.8548223935,3514.375732421875,18.282148361206055,2,462,2458811.137943237,2458815.137943237,True
1349383651008404096,1349383651008404163,32,2456963.1379433284,168.1035614013672,5.510609149932861,1,0,2456963.1379433284,2456967.1379433284,True
1349383651008404096,1349383651008404163,32,2456999.7831733315,168.5752410888672,6.556791305541992,2,9,2456999.1379433284,2457003.1379433284,True
1349383651008404096,1349383651008404163,32,2457027.655077595,165.71849060058594,9.902299642562866,2,16,2457027.1379433284,2457031.1379433284,True
1349383651008404096,1349383651008404163,32,2457062.675521604,156.01377868652344,5.3229193687438965,1,24,2457059.1379433284,2457063.1379433284,True
1349383651008404096,1349383651008404163,32,2457094.9079557136,172.762939453125,12.931801795959473,1,32,2457091.1379433284,2457095.1379433284,True
1349383651008404096,1349383651008404163,32,2457121.237943474,158.8169403076172,7.812281370162964,2,39,2457119.1379433284,2457123.1379433284,True
1349383651008404096,1349383651008404163,32,2457159.8231629427,165.04754638671875,5.7788920402526855,2,49,2457159.1379433284,2457163.1379433284,True
1349383651008404096,1349383651008404163,32,2457243.024590721,168.32289123535156,6.469536066055298,2,69,2457239.1379433284,2457243.1379433284,True
1349383651008404096,1349383651008404163,32,2457280.0302324696,158.71751403808594,7.543140411376953,1,79,2457279.1379433284,2457283.1379433284,True
1349383651008404096,1349383651008404163,32,2457310.4444206604,155.17514038085938,11.001784324645996,1,86,2457307.1379433284,2457311.1379433284,True
1349383651008404096,1349383651008404163,32,2457340.758954242,164.69422912597656,6.769655704498291,1,94,2457339.1379433284,2457343.1379433284,True
1349383651008404096,1349383651008404163,32,2457378.241950685,173.56832885742188,6.418172359466553,1,103,2457375.1379433284,2457379.1379433284,True
1349383651008404096,1349383651008404163,32,2457439.898164228,189.61260986328125,8.996132850646973,1,119,2457439.1379433284,2457443.1379433284,True
1349383651008404096,1349383651008404163,32,2457473.412942862,173.2394790649414,7.569857835769653,2,127,2457471.1379433284,2457475.1379433284,True
1349383651008404096,1349383651008404163,32,2457498.120170546,167.13272094726562,5.698652744293213,1,133,2457495.1379433284,2457499.1379433284,True
1349383651008404096,1349383651008404163,32,2457537.6140549853,176.97986602783203,6.210135221481323,2,143,2457535.1379433284,2457539.1379433284,True
1349383651008404096,1349383651008404163,32,2457557.3277619565,178.9517822265625,5.577711582183838,1,148,2457555.1379433284,2457559.1379433284,True
1349383651008404096,1349383651008404163,32,2457598.0323287128,169.3932647705078,5.143722057342529,1,158,2457595.1379433284,2457599.1379433284,True
1349383651008404096,1349383651008404163,32,2457621.528944282,170.274169921875,8.010575294494629,1,164,2457619.1379433284,2457623.1379433284,True
1349383651008404096,1349383651008404163,32,2457657.2892472846,170.0719985961914,6.034584999084473,2,173,2457655.1379433284,2457659.1379433284,True
1349383651008404096,1349383651008404163,32,2457689.4885573075,167.8748779296875,8.368915557861328,1,181,2457687.1379433284,2457691.1379433284,True
1349383651008404096,1349383651008404163,32,2457756.3770004036,176.8738250732422,6.34990119934082,2,198,2457755.1379433284,2457759.1379433284,True
1349383651008404096,1349383651008404163,32,2457785.2825961607,160.8542938232422,6.111446380615234,1,205,2457783.1379433284,2457787.1379433284,True
1349383651008404096,1349383651008404163,32,2457816.825568195,163.63182067871094,5.546455383300781,1,213,2457815.1379433284,2457819.1379433284,True
1349383651008404096,1349383651008404163,32,2457851.7617274895,154.78245544433594,7.268043756484985,2,222,2457851.1379433284,2457855.1379433284,True
1349383651008404096,1349383651008404163,32,2457934.9631294906,161.06068420410156,11.905410051345825,2,242,2457931.1379433284,2457935.1379433284,True
1349383651008404096,1349383651008404163,32,2458000.1648802543,152.02075958251953,6.629533529281616,2,259,2457999.1379433284,2458003.1379433284,True
1349383651008404096,1349383651008404163,32,2458068.3776836437,144.25485229492188,7.449670314788818,2,276,2458067.1379433284,2458071.1379433284,True
1349383651008404096,1349383651008404163,32,2458134.1433242946,135.28750610351562,6.932735919952393,1,292,2458131.1379433284,2458135.1379433284,True
1349383651008404096,1349383651008404163,32,2458193.797443567,137.7224884033203,7.028040885925293,1,307,2458191.1379433284,2458195.1379433284,True
1349383651008404096,1349383651008404163,32,2458230.015931405,134.93304443359375,4.554755687713623,1,316,2458227.1379433284,2458231.1379433284,True
1349383651008404096,1349383651008404163,32,2458312.791035805,141.0897674560547,5.057976245880127,1,337,2458311.1379433284,2458315.1379433284,True
1349383651008404096,1349383651008404163,32,2458352.1775492504,136.29469299316406,4.374413013458252,1,347,2458351.1379433284,2458355.1379433284,True
1349383651008404096,1349383651008404163,32,2458378.920004205,144.211181640625,4.761366844177246,1,353,2458375.1379433284,2458379.1379433284,True
1349383651008404096,1349383651008404163,32,2458411.9765978176,150.6407012939453,6.015110015869141,1,362,2458411.1379433284,2458415.1379433284,True
1349383651008404096,1349383651008404163,32,2458475.133244973,153.992919921875,6.188457489013672,1,377,2458471.1379433284,2458475.1379433284,True
1349383651008404096,1349383651008404163,32,2458475.207251168,158.3011932373047,8.059908866882324,1,378,2458475.1379433284,2458479.1379433284,True
1349383651008404096,1349383651008404163,32,2458570.666724034,159.22833251953125,5.355189323425293,1,401,2458567.1379433284,2458571.1379433284,True
1349383651008404096,1349383651008404163,32,2458608.1308542886,165.29937744140625,6.440993785858154,1,411,2458607.1379433284,2458611.1379433284,True
1349383651008404096,1349383651008404163,32,2458628.9681814914,166.59841918945312,17.378875970840454,2,416,2458627.1379433284,2458631.1379433284,True
1349383651008404096,1349383651008404163,32,2458670.0455989423,158.73121643066406,5.698513507843018,2,426,2458667.1379433284,2458671.1379433284,True
1349383651008404096,1349383651008404163,32,2458696.889453721,160.61334991455078,5.555710315704346,2,433,2458695.1379433284,2458699.1379433284,True
1349383651008404096,1349383651008404163,32,2458729.4448844753,169.38837432861328,5.516326665878296,2,441,2458727.1379433284,2458731.1379433284,True
1349383651008404096,1349383651008404163,32,2458795.040507501,160.6669464111328,7.162415504455566,1,457,2458791.1379433284,2458795.1379433284,True
1349383651008404096,1349383651008404163,32,2458814.854823463,162.13326263427734,5.165744781494141,2,462,2458811.1379433284,2458815.1379433284,True
1374812026358285952,1374812026358286017,34,2456916.552808188,10643.91796875,37.1640739440918,2,0,2456916.515804271,2456920.515804271,True
1374812026358285952,1374812026358286017,34,2456958.8696157895,10650.303059895834,38.8105837504069,3,10,2456956.515804271,2456960.515804271,True
1374812026358285952,1374812026358286017,34,2457062.4081643224,10576.82958984375,38.20840263366699,2,36,2457060.515804271,2457064.515804271,True
1374812026358285952,1374812026358286017,34,2457101.1146681616,10659.333984375,42.73250389099121,2,46,2457100.515804271,2457104.515804271,True
1374812026358285952,1374812026358286017,34,2457114.7435500734,10617.95263671875,46.025617599487305,2,49,2457112.515804271,2457116.515804271,True
1374812026358285952,1374812026358286017,34,2457159.803329151,10621.61181640625,43.52705955505371,2,60,2457156.515804271,2457160.515804271,True
1374812026358285952,1374812026358286017,34,2457173.1827114057,10583.76220703125,38.5870304107666,2,64,2457172.515804271,2457176.515804271,True
1374812026358285952,1374812026358286017,34,2457242.8796761874,10607.6162109375,37.63619613647461,2,81,2457240.515804271,2457244.515804271,True
1374812026358285952,1374812026358286017,34,2457321.4829422105,10630.8271484375,47.599782943725586,4,101,2457320.515804271,2457324.515804271,True
1374812026358285952,1374812026358286017,34,2457339.615950145,10609.606201171875,38.95356369018555,4,105,2457336.515804271,2457340.515804271,True
1374812026358285952,1374812026358286017,34,2457383.5991964065,10645.7880859375,39.355520248413086,2,116,2457380.515804271,2457384.515804271,True
1374812026358285952,1374812026358286017,34,2457413.710573211,10610.22705078125,43.94339942932129,2,124,2457412.515804271,2457416.515804271,True
1374812026358285952,1374812026358286017,34,2457438.240343676,10601.57421875,37.82218933105469,1,130,2457436.515804271,2457440.515804271,True
1374812026358285952,1374812026358286017,34,2457479.028318452,10594.75927734375,37.47239685058594,2,140,2457476.515804271,2457480.515804271,True
1374812026358285952,1374812026358286017,34,2457490.5328127467,10603.5712890625,38.78767013549805,2,143,2457488.515804271,2457492.515804271,True
1374812026358285952,1374812026358286017,34,2457535.806651345,10591.70703125,39.49515151977539,1,154,2457532.515804271,2457536.515804271,True
1374812026358285952,1374812026358286017,34,2457551.846933255,10603.71484375,40.920169830322266,2,158,2457548.515804271,2457552.515804271,True
1374812026358285952,1374812026358286017,34,2457591.059931464,10582.8154296875,40.19684410095215,2,168,2457588.515804271,2457592.515804271,True
1374812026358285952,1374812026358286017,34,2457700.9080208596,10599.34619140625,51.30390739440918,2,196,2457700.515804271,2457704.515804271,True
1374812026358285952,1374812026358286017,34,2457721.040092822,10655.1513671875,37.75301170349121,2,201,2457720.515804271,2457724.515804271,True
1374812026358285952,1374812026358286017,34,2457760.059046358,10608.20703125,45.08799362182617,1,210,2457756.515804271,2457760.515804271,True
1374812026358285952,1374812026358286017,34,2457792.2878773618,10589.875,39.92518997192383,1,218,2457788.515804271,2457792.515804271,True
1374812026358285952,1374812026358286017,34,2457814.09190924,10576.861328125,39.43312072753906,1,224,2457812.515804271,2457816.515804271,True
1374812026358285952,1374812026358286017,34,2457856.461979748,10549.115234375,38.75150680541992,1,234,2457852.515804271,2457856.515804271,True
1374812026358285952,1374812026358286017,34,2457856.678094692,10521.5146484375,39.01807657877604,3,235,2457856.515804271,2457860.515804271,True
1374812026358285952,1374812026358286017,34,2457866.7536388994,10605.3427734375,38.05940818786621,2,237,2457864.515804271,2457868.515804271,True
1374812026358285952,1374812026358286017,34,2457930.81886452,10590.68505859375,39.10930633544922,2,253,2457928.515804271,2457932.515804271,True
1374812026358285952,1374812026358286017,34,2457967.914338615,10453.17626953125,37.8350887298584,2,262,2457964.515804271,2457968.515804271,True
1374812026358285952,1374812026358286017,34,2458003.3989152843,10599.87255859375,43.34391403198242,2,271,2458000.515804271,2458004.515804271,True
1374812026358285952,1374812026358286017,34,2458027.902640761,10557.3486328125,41.58476448059082,2,277,2458024.515804271,2458028.515804271,True
1374812026358285952,1374812026358286017,34,2458079.0148380706,10503.57373046875,47.04765701293945,2,290,2458076.515804271,2458080.515804271,True
1374812026358285952,1374812026358286017,34,2458101.7690233905,10571.6875,39.23682403564453,2,296,2458100.515804271,2458104.515804271,True
1374812026358285952,1374812026358286017,34,2458136.4137661937,10537.265625,44.94383239746094,1,304,2458132.515804271,2458136.515804271,True
1374812026358285952,1374812026358286017,34,2458189.811022903,10539.078125,40.94376373291016,1,318,2458188.515804271,2458192.515804271,True
1374812026358285952,1374812026358286017,34,2458233.537295618,10613.763671875,39.8902530670166,2,329,2458232.515804271,2458236.515804271,True
1374812026358285952,1374812026358286017,34,2458243.612953233,10584.241861979166,37.642434438069664,3,331,2458240.515804271,2458244.515804271,True
1374812026358285952,1374812026358286017,34,2458309.9839453558,10586.3984375,42.34494400024414,2,348,2458308.515804271,2458312.515804271,True
1374812026358285952,1374812026358286017,34,2458344.962092979,10503.17333984375,42.05131530761719,2,357,2458344.515804271,2458348.515804271,True
1374812026358285952,1374812026358286017,34,2458384.482223876,10564.9599609375,38.87775802612305,1,366,2458380.515804271,2458384.515804271,True
1374812026358285952,1374812026358286017,34,2458384.695386026,10537.68896484375,56.734745025634766,2,367,2458384.515804271,2458388.515804271,True
1374812026358285952,1374812026358286017,34,2458405.952148742,10652.060546875,40.16973876953125,2,372,2458404.515804271,2458408.515804271,True
1374812026358285952,1374812026358286017,34,2458456.225771693,10565.8076171875,37.55342483520508,1,384,2458452.515804271,2458456.515804271,True
1374812026358285952,1374812026358286017,34,2458481.688319369,10615.30029296875,67.48561477661133,2,391,2458480.515804271,2458484.515804271,True
1374812026358285952,1374812026358286017,34,2458512.636655942,10568.1650390625,39.17449569702149,1,399,2458512.515804271,2458516.515804271,True
1374812026358285952,1374812026358286017,34,2458549.137254277,10603.27783203125,38.57681846618652,2,408,2458548.515804271,2458552.515804271,True
1374812026358285952,1374812026358286017,34,2458565.352713089,10550.8720703125,41.42103576660156,1,412,2458564.515804271,2458568.515804271,True
1374812026358285952,1374812026358286017,34,2458610.07582019,10612.44091796875,39.89008331298828,2,423,2458608.515804271,2458612.515804271,True
1374812026358285952,1374812026358286017,34,2458621.2054335093,10595.08740234375,38.455684661865234,2,426,2458620.515804271,2458624.515804271,True
1374812026358285952,1374812026358286017,34,2458664.242860948,10594.3046875,40.83037567138672,1,436,2458660.515804271,2458664.515804271,True
1374812026358285952,1374812026358286017,34,2458697.657244095,10561.4375,35.93894958496094,1,445,2458696.515804271,2458700.515804271,True
1374812026358285952,1374812026358286017,34,2458736.2436765837,10568.6044921875,37.72147750854492,1,454,2458732.515804271,2458736.515804271,True
1374812026358285952,1374812026358286017,34,2458752.5123654306,10584.998046875,39.1838493347168,1,458,2458748.515804271,2458752.515804271,True
1374812026358285952,1374812026358286017,34,2458796.722997282,10500.43701171875,45.479339599609375,2,470,2458796.515804271,2458800.515804271,True
1374812026358285952,1374812026358286017,34,2458807.6079633688,10655.9599609375,37.17112350463867,2,472,2458804.515804271,2458808.515804271,True
1374812026358285952,1374812026358286017,34,2458847.92594195,10563.15625,46.28463363647461,1,482,2458844.515804271,2458848.515804271,True
1374812026358285952,1374812026358286019,33,2456916.5528078233,137.58394622802734,6.348960638046265,2,0,2456916.515803907,2456920.515803907,True
1374812026358285952,1374812026358286019,33,2456958.6905045686,141.06703186035156,7.555583477020264,2,10,2456956.515803907,2456960.515803907,True
1374812026358285952,1374812026358286019,33,2457062.4081644644,146.41986083984375,5.516082763671875,2,36,2457060.515803907,2457064.515803907,True
1374812026358285952,1374812026358286019,33,2457101.114668509,147.59881591796875,5.015712738037109,2,46,2457100.515803907,2457104.515803907,True
1374812026358285952,1374812026358286019,33,2457114.743550539,141.02142333984375,5.804025888442993,2,49,2457112.515803907,2457116.515803907,True
1374812026358285952,1374812026358286019,33,2457159.803329026,143.03292083740234,4.725615978240967,2,60,2457156.515803907,2457160.515803907,True
1374812026358285952,1374812026358286019,33,2457173.1827116557,141.50850677490234,5.937676906585693,2,64,2457172.515803907,2457176.515803907,True
1374812026358285952,1374812026358286019,33,2457242.879676074,142.83523559570312,6.25814962387085,2,81,2457240.515803907,2457244.515803907,True
1374812026358285952,1374812026358286019,33,2457272.960284405,141.7051544189453,4.553332805633545,1,89,2457272.515803907,2457276.515803907,True
1374812026358285952,1374812026358286019,33,2457321.4829417723,144.6050682067871,7.242414593696594,4,101,2457320.515803907,2457324.515803907,True
1374812026358285952,1374812026358286019,33,2457339.6159502016,148.4937858581543,6.706640601158142,4,105,2457336.515803907,2457340.515803907,True
1374812026358285952,1374812026358286019,33,2457383.5991962757,152.59026336669922,7.349229097366333,2,116,2457380.515803907,2457384.515803907,True
1374812026358285952,1374812026358286019,33,2457413.7105736714,150.1138687133789,5.308091163635254,2,124,2457412.515803907,2457416.515803907,True
1374812026358285952,1374812026358286019,33,2457438.2403438925,152.37950134277344,5.842338562011719,1,130,2457436.515803907,2457440.515803907,True
1374812026358285952,1374812026358286019,33,2457479.028318748,151.38156127929688,6.2343573570251465,2,140,2457476.515803907,2457480.515803907,True
1374812026358285952,1374812026358286019,33,2457490.5328132194,155.1504898071289,5.192628622055054,2,143,2457488.515803907,2457492.515803907,True
1374812026358285952,1374812026358286019,33,2457535.806651106,152.92359924316406,4.634417533874512,1,154,2457532.515803907,2457536.515803907,True
1374812026358285952,1374812026358286019,33,2457551.8469334543,159.833984375,6.980438470840454,2,158,2457548.515803907,2457552.515803907,True
1374812026358285952,1374812026358286019,33,2457591.0229274905,154.5872344970703,5.355618476867676,1,168,2457588.515803907,2457592.515803907,True
1374812026358285952,1374812026358286019,33,2457650.296147351,157.27106109961687,5.340815214513397,2,183,2457648.515803907,2457652.515803907,
1374812026358285952,1374812026358286019,33,2457700.9080204787,152.08983612060547,6.326320648193359,2,196,2457700.515803907,2457704.515803907,True
1374812026358285952,1374812026358286019,33,2457721.040093066,149.9452667236328,7.0819854736328125,2,201,2457720.515803907,2457724.515803907,True
1374812026358285952,1374812026358286019,33,2457760.0590462782,148.90499877929688,5.518252372741699,1,210,2457756.515803907,2457760.515803907,True
1374812026358285952,1374812026358286019,33,2457792.2878778167,149.48081970214844,10.032751083374023,1,218,2457788.515803907,2457792.515803907,True
1374812026358285952,1374812026358286019,33,2457814.091909536,146.6446533203125,4.45615291595459,1,224,2457812.515803907,2457816.515803907,True
1374812026358285952,1374812026358286019,33,2457856.678094923,150.81617736816406,6.066462516784668,3,235,2457856.515803907,2457860.515803907,True
1374812026358285952,1374812026358286019,33,2457866.753639337,159.91200256347656,9.74018931388855,2,237,2457864.515803907,2457868.515803907,True
1374812026358285952,1374812026358286019,33,2457930.818864651,150.12146759033203,6.448764085769653,2,253,2457928.515803907,2457932.515803907,True
1374812026358285952,1374812026358286019,33,2457967.951341536,160.54518127441406,9.604700088500977,1,262,2457964.515803907,2457968.515803907,True
1374812026358285952,1374812026358286019,33,2458003.3989149607,156.47838592529297,7.055406570434571,2,271,2458000.515803907,2458004.515803907,True
1374812026358285952,1374812026358286019,33,2458027.9026404424,153.34357452392578,4.571064710617065,2,277,2458024.515803907,2458028.515803907,True
1374812026358285952,1374812026358286019,33,2458079.014837758,144.8262939453125,5.7937047481536865,2,290,2458076.515803907,2458080.515803907,True
1374812026358285952,1374812026358286019,33,2458101.680944955,141.50343322753906,8.53077220916748,1,296,2458100.515803907,2458104.515803907,True
1374812026358285952,1374812026358286019,33,2458233.537295743,152.3895721435547,6.9670398235321045,2,329,2458232.515803907,2458236.515803907,True
1374812026358285952,1374812026358286019,33,2458243.6129536233,150.4196319580078,6.819607257843018,3,331,2458240.515803907,2458244.515803907,True
1374812026358285952,1374812026358286019,33,2458310.020948857,144.42784118652344,7.422789096832275,1,348,2458308.515803907,2458312.515803907,True
1374812026358285952,1374812026358286019,33,2458344.9620925123,158.93943786621094,5.08340859413147,2,357,2458344.515803907,2458348.515803907,True
1374812026358285952,1374812026358286019,33,2458384.4822234544,157.5458984375,5.951057434082031,1,366,2458380.515803907,2458384.515803907,True
1374812026358285952,1374812026358286019,33,2458384.6953856056,153.13865661621094,5.973515272140503,2,367,2458384.515803907,2458388.515803907,True
1374812026358285952,1374812026358286019,33,2458405.9521484915,154.43065643310547,5.239788293838501,2,372,2458404.515803907,2458408.515803907,True
1374812026358285952,1374812026358286019,33,2458456.2257714435,152.57415771484375,5.843878269195557,1,384,2458452.515803907,2458456.515803907,True
1374812026358285952,1374812026358286019,33,2458481.6883198237,157.52224731445312,6.468299388885498,2,391,2458480.515803907,2458484.515803907,True
1374812026358285952,1374812026358286019,33,2458512.636655999,130.84088134765625,4.879907608032227,1,399,2458512.515803907,2458516.515803907,True
1374812026358285952,1374812026358286019,33,2458549.1002511964,149.2642822265625,5.434289932250977,1,408,2458548.515803907,2458552.515803907,True
1374812026358285952,1374812026358286019,33,2458565.3527135323,153.8614044189453,5.366817951202393,1,412,2458564.515803907,2458568.515803907,True
1374812026358285952,1374812026358286019,33,2458621.117355125,146.14291381835938,4.753451824188232,1,426,2458620.515803907,2458624.515803907,True
1374812026358285952,1374812026358286019,33,2458697.6572440383,147.85348510742188,6.495941162109375,1,445,2458696.515803907,2458700.515803907,True
1374812026358285952,1374812026358286019,33,2458736.206672616,144.21598052978516,6.4655091762542725,2,454,2458732.515803907,2458736.515803907,True
1374812026358285952,1374812026358286019,33,2458752.5123649877,145.873779296875,5.911077976226807,1,458,2458748.515803907,2458752.515803907,True
1374812026358285952,1374812026358286019,33,2458807.607963033,143.95130920410156,5.655673503875732,2,472,2458804.515803907,2458808.515803907,True
1374812026358285952,1374812026358286019,33,2458847.925942417,138.60232543945312,6.03298282623291,1,482,2458844.515803907,2458848.515803907,True
1374812026358285952,1374812026358286021,35,2456916.5528088696,133.1728172302246,5.855000019073486,2,0,2456916.5158049534,2456920.5158049534,True
1374812026358285952,1374812026358286021,35,2456958.690505274,130.75033569335938,6.599632263183594,2,10,2456956.5158049534,2456960.5158049534,True
1374812026358285952,1374812026358286021,35,2457034.7062272863,127.3016586303711,10.51991844177246,1,29,2457032.5158049534,2457036.5158049534,True
1374812026358285952,1374812026358286021,35,2457062.408164612,134.6989517211914,5.4428393840789795,2,36,2457060.5158049534,2457064.5158049534,True
1374812026358285952,1374812026358286021,35,2457101.077664132,126.25829315185548,4.6209635734558105,1,46,2457100.5158049534,2457104.5158049534,True
1374812026358285952,1374812026358286021,35,2457114.7435496515,134.8049545288086,8.441781997680664,2,49,2457112.5158049534,2457116.5158049534,True
1374812026358285952,1374812026358286021,35,2457159.803328844,131.41930389404297,4.593418121337891,2,60,2457156.5158049534,2457160.5158049534,True
1374812026358285952,1374812026358286021,35,2457173.182710751,133.04691314697266,6.881879806518555,2,64,2457172.5158049534,2457176.5158049534,True
1374812026358285952,1374812026358286021,35,2457242.879675852,135.91136932373047,4.463957071304321,2,81,2457240.5158049534,2457244.5158049534,True
1374812026358285952,1374812026358286021,35,2457272.997289163,128.92505645751953,5.495465517044067,2,89,2457272.5158049534,2457276.5158049534,True
1374812026358285952,1374812026358286021,35,2457321.482943581,132.33373260498047,6.727401494979858,2,101,2457320.5158049534,2457324.5158049534,True
1374812026358285952,1374812026358286021,35,2457339.586590878,134.484130859375,5.894906838734944,3,105,2457336.5158049534,2457340.5158049534,True
1374812026358285952,1374812026358286021,35,2457383.5991969923,133.67607879638672,6.717279434204102,2,116,2457380.5158049534,2457384.5158049534,True
1374812026358285952,1374812026358286021,35,2457413.747576217,127.70484161376952,4.672824382781982,1,124,2457412.5158049534,2457416.5158049534,True
1374812026358285952,1374812026358286021,35,2457438.240343847,130.6648406982422,5.428398132324219,1,130,2457436.5158049534,2457440.5158049534,True
1374812026358285952,1374812026358286021,35,2457479.028317781,132.64717864990234,6.171032905578613,2,140,2457476.5158049534,2457480.5158049534,True
1374812026358285952,1374812026358286021,35,2457490.444733328,135.8732147216797,4.1840362548828125,1,143,2457488.5158049534,2457492.5158049534,True
1374812026358285952,1374812026358286021,35,2457535.8066512085,132.08685302734375,4.339877605438232,1,154,2457532.5158049534,2457536.5158049534,True
1374812026358285952,1374812026358286021,35,2457551.8099291623,136.8034210205078,7.532514572143555,1,158,2457548.5158049534,2457552.5158049534,True
1374812026358285952,1374812026358286021,35,2457591.0969354594,123.10718536376952,4.58082389831543,1,168,2457588.5158049534,2457592.5158049534,True
1374812026358285952,1374812026358286021,35,2457650.296148387,139.89024562957354,4.186311962904152,2,183,2457648.5158049534,2457652.5158049534,
1374812026358285952,1374812026358286021,35,2457700.908021531,134.38542938232422,4.745462656021118,2,196,2457700.5158049534,2457704.5158049534,True
1374812026358285952,1374812026358286021,35,2457721.0400929525,127.59400177001953,5.612491130828857,2,201,2457720.5158049534,2457724.5158049534,True
1374812026358285952,1374812026358286021,35,2457760.0590468813,124.6192398071289,5.100086688995361,1,210,2457756.5158049534,2457760.5158049534,True
1374812026358285952,1374812026358286021,35,2457814.091909285,119.04792785644533,4.111557483673096,1,224,2457812.5158049534,2457816.5158049534,True
1374812026358285952,1374812026358286021,35,2457856.6780940513,133.52491251627603,5.830918947855632,3,235,2457856.5158049534,2457860.5158049534,True
1374812026358285952,1374812026358286021,35,2457866.753638268,134.69400787353516,5.948413133621216,2,237,2457864.5158049534,2457868.5158049534,True
1374812026358285952,1374812026358286021,35,2457930.730785056,133.60398864746094,5.036024570465088,1,253,2457928.5158049534,2457932.5158049534,True
1374812026358285952,1374812026358286021,35,2457967.914339172,136.8018035888672,5.801001310348511,2,262,2457964.5158049534,2457968.5158049534,True
1374812026358285952,1374812026358286021,35,2458027.9026414324,129.2186050415039,4.791003465652466,2,277,2458024.5158049534,2458028.5158049534,True
1374812026358285952,1374812026358286021,35,2458079.014838736,133.48485565185547,5.503756761550903,2,290,2458076.5158049534,2458080.5158049534,True
1374812026358285952,1374812026358286021,35,2458101.8571020863,134.99209594726562,4.743351936340332,1,296,2458100.5158049534,2458104.5158049534,True
1374812026358285952,1374812026358286021,35,2458136.4137666486,128.0285186767578,4.758777141571045,1,304,2458132.5158049534,2458136.5158049534,True
1374812026358285952,1374812026358286021,35,2458233.5372950435,132.5055160522461,5.6045615673065186,2,329,2458232.5158049534,2458236.5158049534,True
1374812026358285952,1374812026358286021,35,2458243.541898436,137.6617202758789,5.708580493927002,2,331,2458240.5158049534,2458244.5158049534,True
1374812026358285952,1374812026358286021,35,2458309.946941412,129.0449676513672,5.436932563781738,1,348,2458308.5158049534,2458312.5158049534,True
1374812026358285952,1374812026358286021,35,2458344.9250900294,131.152587890625,4.209318161010742,1,357,2458344.5158049534,2458348.5158049534,True
1374812026358285952,1374812026358286021,35,2458384.4822241026,133.397705078125,5.2886247634887695,1,366,2458380.5158049534,2458384.5158049534,True
1374812026358285952,1374812026358286021,35,2458384.65838302,131.20091247558594,5.979461669921875,1,367,2458384.5158049534,2458388.5158049534,True
1374812026358285952,1374812026358286021,35,2458405.9521493847,138.95750427246094,5.849589824676514,2,372,2458404.5158049534,2458408.5158049534,True
1374812026358285952,1374812026358286021,35,2458456.2257723417,129.32833862304688,5.356727123260498,1,384,2458452.5158049534,2458456.5158049534,True
1374812026358285952,1374812026358286021,35,2458512.6366563286,139.32591247558594,10.728869438171388,1,399,2458512.5158049534,2458516.5158049534,True
1374812026358285952,1374812026358286021,35,2458565.352712816,136.6165008544922,6.344408988952637,1,412,2458564.5158049534,2458568.5158049534,True
1374812026358285952,1374812026358286021,35,2458610.0758197294,128.5619125366211,4.368578195571899,2,423,2458608.5158049534,2458612.5158049534,True
1374812026358285952,1374812026358286021,35,2458621.2054328434,133.79869842529297,4.683973550796509,2,426,2458620.5158049534,2458624.5158049534,True
1374812026358285952,1374812026358286021,35,2458664.2428612546,123.02951049804688,4.793116092681885,1,436,2458660.5158049534,2458664.5158049534,True
1374812026358285952,1374812026358286021,35,2458697.657243731,133.6902618408203,6.176326751708984,1,445,2458696.5158049534,2458700.5158049534,True
1374812026358285952,1374812026358286021,35,2458736.20667368,131.0855712890625,7.0054144859313965,2,454,2458732.5158049534,2458736.5158049534,True
1374812026358285952,1374812026358286021,35,2458752.5123657035,128.31625366210938,7.05443811416626,1,458,2458748.5158049534,2458752.5158049534,True
1374812026358285952,1374812026358286021,35,2458807.5709608914,132.1968994140625,4.904487609863281,1,472,2458804.5158049534,2458808.5158049534,True
1374812026358285952,1374812026358286021,35,2458847.925941644,132.16738891601562,4.520213127136231,1,482,2458844.5158049534,2458848.5158049534,True
1404629574817908352,1404629574817908417,37,2457656.589054582,1130.0081787109375,10.918815612792969,1,0,2457656.589054582,2457660.589054582,True
1404629574817908352,1404629574817908417,37,2457789.203278801,1107.3956298828125,12.706517219543455,1,33,2457788.589054582,2457792.589054582,True
1404629574817908352,1404629574817908417,37,2457851.211067315,1101.879638671875,12.61340045928955,1,48,2457848.589054582,2457852.589054582,True
1404629574817908352,1404629574817908417,37,2457935.324994215,1114.083251953125,12.131339073181152,2,69,2457932.589054582,2457936.589054582,True
1404629574817908352,1404629574817908417,37,2457971.138832249,1118.0860595703125,10.775651931762695,1,78,2457968.589054582,2457972.589054582,True
1404629574817908352,1404629574817908417,37,2458004.8753954466,1132.271484375,71.82420349121094,1,87,2458004.589054582,2458008.589054582,True
1404629574817908352,1404629574817908417,37,2458034.9065165897,1120.087158203125,11.771255016326904,2,94,2458032.589054582,2458036.589054582,True
1404629574817908352,1404629574817908417,37,2458072.4269296853,1100.4583740234375,13.217143058776855,1,103,2458068.589054582,2458072.589054582,True
1404629574817908352,1404629574817908417,37,2458189.3349427627,1113.5645751953125,12.289117813110352,2,133,2458188.589054582,2458192.589054582,True
1404629574817908352,1404629574817908417,37,2458228.5022299117,1114.4700927734375,12.213967323303224,1,142,2458224.589054582,2458228.589054582,True
1404629574817908352,1404629574817908417,37,2458248.5390171926,1135.5039672851562,13.466247081756592,2,147,2458244.589054582,2458248.589054582,True
1404629574817908352,1404629574817908417,37,2458383.9946738854,1111.4715576171875,20.62084007263184,1,181,2458380.589054582,2458384.589054582,True
1404629574817908352,1404629574817908417,37,2458413.4534946056,1125.3175659179688,28.41098928451538,2,189,2458412.589054582,2458416.589054582,True
1404629574817908352,1404629574817908417,37,2458450.3119479967,1131.52001953125,12.157416820526123,2,198,2458448.589054582,2458452.589054582,True
1404629574817908352,1404629574817908417,37,2458480.7120848857,1124.0089111328125,17.574630737304688,1,206,2458480.589054582,2458484.589054582,True
1404629574817908352,1404629574817908417,37,2458544.879771915,1115.70263671875,10.505353927612305,2,222,2458544.589054582,2458548.589054582,True
1404629574817908352,1404629574817908417,37,2458566.090500581,1115.1256103515625,14.589133262634276,1,227,2458564.589054582,2458568.589054582,True
1404629574817908352,1404629574817908417,37,2458626.3670293405,1095.8250732421875,11.929876327514648,1,242,2458624.589054582,2458628.589054582,True
1404629574817908352,1404629574817908417,37,2458694.1631460893,1086.0662841796875,13.569923400878906,1,259,2458692.589054582,2458696.589054582,True
1404629574817908352,1404629574817908417,37,2458753.275537362,1104.3009033203125,15.182936668395996,1,274,2458752.589054582,2458756.589054582,True
1404629574817908352,1404629574817908417,37,2458792.5502906023,1096.0762939453125,13.658621788024902,1,283,2458788.589054582,2458792.589054582,True
1404629574817908352,1404629574817908417,37,2458812.401711313,1116.5802001953125,14.698197364807127,1,288,2458808.589054582,2458812.589054582,True
1404629574817908352,1404629574817908417,37,2458848.914113706,1107.4705810546875,9.957208633422852,1,298,2458848.589054582,2458852.589054582,True
1404629574817908352,1404629574817908419,36,2456922.559179724,135.480224609375,4.7660722732543945,2,0,2456922.5221759104,2456926.5221759104,True
1404629574817908352,1404629574817908419,36,2456965.9755455004,140.1313018798828,5.047031402587891,1,10,2456962.5221759104,2456966.5221759104,True
1404629574817908352,1404629574817908419,36,2457001.459082153,153.91001892089844,20.48057746887207,1,19,2456998.5221759104,2457002.5221759104,True
1404629574817908352,1404629574817908419,36,2457032.9434171664,131.49893188476562,5.381448268890381,1,27,2457030.5221759104,2457034.5221759104,True
1404629574817908352,1404629574817908419,36,2457059.609619413,130.16310119628906,8.320464134216309,1,34,2457058.5221759104,2457062.5221759104,True
1404629574817908352,1404629574817908419,36,2457096.3220818224,134.0612335205078,5.211913585662842,1,43,2457094.5221759104,2457098.5221759104,True
1404629574817908352,1404629574817908419,36,2457116.570833045,132.4475555419922,7.017592430114746,1,48,2457114.5221759104,2457118.5221759104,True
1404629574817908352,1404629574817908419,36,2457156.561206893,134.9918975830078,5.60660457611084,2,58,2457154.5221759104,2457158.5221759104,True
1404629574817908352,1404629574817908419,36,2457216.239624413,130.7760467529297,4.665213584899902,1,73,2457214.5221759104,2457218.5221759104,True
1404629574817908352,1404629574817908419,36,2457246.141377841,143.00586700439453,5.482622385025024,2,80,2457242.5221759104,2457246.5221759104,True
1404629574817908352,1404629574817908419,36,2457278.467922039,141.7844696044922,5.765063762664795,1,88,2457274.5221759104,2457278.5221759104,True
1404629574817908352,1404629574817908419,36,2457315.8638702566,143.1195831298828,7.953670263290405,2,98,2457314.5221759104,2457318.5221759104,True
1404629574817908352,1404629574817908419,36,2457344.7345556677,149.51976776123047,4.980129957199097,2,105,2457342.5221759104,2457346.5221759104,True
1404629574817908352,1404629574817908419,36,2457436.1538872174,151.25888061523438,8.524444580078125,1,128,2457434.5221759104,2457438.5221759104,True
1404629574817908352,1404629574817908419,36,2457473.862896617,137.35562133789062,5.232707977294922,1,137,2457470.5221759104,2457474.5221759104,True
1404629574817908352,1404629574817908419,36,2457493.6493798234,142.5918960571289,7.953905820846557,2,142,2457490.5221759104,2457494.5221759104,True
1404629574817908352,1404629574817908419,36,2457533.603798208,143.77377319335938,6.648749351501465,2,152,2457530.5221759104,2457534.5221759104,True
1404629574817908352,1404629574817908419,36,2457556.637963884,141.18594360351562,4.448186874389648,1,158,2457554.5221759104,2457558.5221759104,True
1404629574817908352,1404629574817908419,36,2457593.60928902,160.022705078125,6.243325710296631,1,167,2457590.5221759104,2457594.5221759104,True
1404629574817908352,1404629574817908419,36,2457656.552049904,160.0451202392578,5.307157754898071,2,183,2457654.5221759104,2457658.5221759104,True
1404629574817908352,1404629574817908419,36,2457694.4107594746,159.70684051513672,6.534692287445068,2,192,2457690.5221759104,2457694.5221759104,True
1404629574817908352,1404629574817908419,36,2457755.7278887266,159.8843536376953,6.84609317779541,1,208,2457754.5221759104,2457758.5221759104,True
1404629574817908352,1404629574817908419,36,2457812.754894724,170.10769653320312,6.6124043464660645,1,222,2457810.5221759104,2457814.5221759104,True
1404629574817908352,1404629574817908419,36,2457851.285075023,172.26797485351562,5.418336391448975,1,232,2457850.5221759104,2457854.5221759104,True
1404629574817908352,1404629574817908419,36,2457870.9609509697,180.35565185546875,7.359803199768066,1,237,2457870.5221759104,2457874.5221759104,True
1404629574817908352,1404629574817908419,36,2457935.236916269,181.05995178222656,4.467877864837647,1,253,2457934.5221759104,2457938.5221759104,True
1404629574817908352,1404629574817908419,36,2457971.175834283,184.89606475830078,6.182996034622192,2,262,2457970.5221759104,2457974.5221759104,True
1404629574817908352,1404629574817908419,36,2458004.787316045,196.87535858154297,11.719349384307861,2,270,2458002.5221759104,2458006.5221759104,True
1404629574817908352,1404629574817908419,36,2458034.906515657,199.76354217529297,5.853149175643921,2,278,2458034.5221759104,2458038.5221759104,True
1404629574817908352,1404629574817908419,36,2458072.5150075117,196.8529052734375,6.116716623306274,2,287,2458070.5221759104,2458074.5221759104,True
1404629574817908352,1404629574817908419,36,2458102.1684935577,197.3055419921875,6.921699047088623,1,294,2458098.5221759104,2458102.5221759104,True
1404629574817908352,1404629574817908419,36,2458132.5810113726,194.14208984375,10.45978832244873,1,302,2458130.5221759104,2458134.5221759104,True
1404629574817908352,1404629574817908419,36,2458189.3349433886,190.33778381347656,8.441636323928833,2,316,2458186.5221759104,2458190.5221759104,True
1404629574817908352,1404629574817908419,36,2458228.5022305483,182.65640258789065,5.652621746063232,1,326,2458226.5221759104,2458230.5221759104,True
1404629574817908352,1404629574817908419,36,2458248.539018546,185.47432708740234,8.046480894088745,2,331,2458246.5221759104,2458250.5221759104,True
1404629574817908352,1404629574817908419,36,2458314.205131143,179.0144500732422,8.462165832519531,1,347,2458310.5221759104,2458314.5221759104,True
1404629574817908352,1404629574817908419,36,2458348.9355040025,160.82664489746094,10.081761360168455,1,356,2458346.5221759104,2458350.5221759104,True
1404629574817908352,1404629574817908419,36,2458384.0827521095,162.78992462158203,6.700897455215454,2,365,2458382.5221759104,2458386.5221759104,True
1404629574817908352,1404629574817908419,36,2458413.490497419,162.42645263671875,6.112472057342529,1,372,2458410.5221759104,2458414.5221759104,True
1404629574817908352,1404629574817908419,36,2458450.311946711,154.12327575683594,5.971406698226929,2,381,2458446.5221759104,2458450.5221759104,True
1404629574817908352,1404629574817908419,36,2458480.712085807,168.826904296875,6.664069175720215,1,389,2458478.5221759104,2458482.5221759104,True
1404629574817908352,1404629574817908419,36,2458544.91677665,157.6654510498047,4.26488208770752,1,405,2458542.5221759104,2458546.5221759104,True
1404629574817908352,1404629574817908419,36,2458605.6176738013,140.4141845703125,6.261490821838379,1,420,2458602.5221759104,2458606.5221759104,True
1404629574817908352,1404629574817908419,36,2458626.3670306373,144.31961059570312,7.086312294006348,1,425,2458622.5221759104,2458626.5221759104,True
1404629574817908352,1404629574817908419,36,2458694.12614314,143.6212158203125,5.717705965042114,2,442,2458690.5221759104,2458694.5221759104,True
1404629574817908352,1404629574817908419,36,2458753.238532928,155.88966369628906,15.439897060394289,2,457,2458750.5221759104,2458754.5221759104,True
1404629574817908352,1404629574817908419,36,2458792.550290261,144.99574279785156,5.577044486999512,1,467,2458790.5221759104,2458794.5221759104,True
1607493627670775424,1607493627670775489,38,2456894.317838999,281.1462860107422,7.599483489990234,2,0,2456894.280835549,2456898.280835549,True
1607493627670775424,1607493627670775489,38,2456922.8170461496,287.9965362548828,6.142551422119141,2,7,2456922.280835549,2456926.280835549,True
1607493627670775424,1607493627670775489,38,2456968.658051491,269.4442138671875,14.789907455444336,1,18,2456966.280835549,2456970.280835549,True
1607493627670775424,1607493627670775489,38,2457001.4298020834,279.6038818359375,8.033596277236938,2,26,2456998.280835549,2457002.280835549,True
1607493627670775424,1607493627670775489,38,2457035.153914027,287.46485900878906,7.017606258392334,2,35,2457034.280835549,2457038.280835549,True
1607493627670775424,1607493627670775489,38,2457057.399462176,285.64019775390625,8.990714073181152,2,40,2457054.280835549,2457058.280835549,True
1607493627670775424,1607493627670775489,38,2457096.3513611583,282.76708984375,6.476686239242554,2,50,2457094.280835549,2457098.280835549,True
1607493627670775424,1607493627670775489,38,2457114.102542964,278.58912658691406,9.591932773590088,2,54,2457110.280835549,2457114.280835549,True
1607493627670775424,1607493627670775489,38,2457213.741742242,289.0761413574219,6.7423858642578125,1,79,2457210.280835549,2457214.280835549,True
1607493627670775424,1607493627670775489,38,2457249.014446943,296.43360900878906,7.7981767654418945,2,88,2457246.280835549,2457250.280835549,True
1607493627670775424,1607493627670775489,38,2457278.012291692,280.73443603515625,9.222283124923706,2,95,2457274.280835549,2457278.280835549,True
1607493627670775424,1607493627670775489,38,2457318.4959698264,287.7072448730469,7.832821607589722,2,106,2457318.280835549,2457322.280835549,True
1607493627670775424,1607493627670775489,38,2457347.7394753275,302.0680389404297,16.880636015045596,2,113,2457346.280835549,2457350.280835549,
1607493627670775424,1607493627670775489,38,2457378.188889665,292.65093994140625,8.559542655944824,1,120,2457374.280835549,2457378.280835549,True
1607493627670775424,1607493627670775489,38,2457412.9445477864,284.70591735839844,8.117873668670654,2,129,2457410.280835549,2457414.280835549,True
1607493627670775424,1607493627670775489,38,2457491.4298747377,301.76348876953125,6.3500189781188965,1,149,2457490.280835549,2457494.280835549,True
1607493627670775424,1607493627670775489,38,2457557.093658237,287.85670471191406,9.594584941864014,2,165,2457554.280835549,2457558.280835549,True
1607493627670775424,1607493627670775489,38,2457591.362753493,289.3541259765625,10.375601768493652,1,174,2457590.280835549,2457594.280835549,True
1607493627670775424,1607493627670775489,38,2457657.060026813,285.94061279296875,6.409271478652954,2,190,2457654.280835549,2457658.280835549,True
1607493627670775424,1607493627670775489,38,2457696.293465878,290.60545349121094,9.081459522247314,2,200,2457694.280835549,2457698.280835549,True
1607493627670775424,1607493627670775489,38,2457754.7343701525,295.42120361328125,8.756467819213867,1,215,2457754.280835549,2457758.280835549,True
1607493627670775424,1607493627670775489,38,2457790.7349984953,280.99037170410156,7.106383323669434,2,224,2457790.280835549,2457794.280835549,True
1607493627670775424,1607493627670775489,38,2457810.078401025,288.5242614746094,6.417038440704346,1,228,2457806.280835549,2457810.280835549,True
1607493627670775424,1607493627670775489,38,2457850.0271906047,280.4656066894531,12.749375343322754,1,238,2457846.280835549,2457850.280835549,True
1607493627670775424,1607493627670775489,38,2457869.240657456,285.9633483886719,7.5174949169158936,2,243,2457866.280835549,2457870.280835549,True
1607493627670775424,1607493627670775489,38,2457907.9519985346,293.08412170410156,6.712290048599243,2,253,2457906.280835549,2457910.280835549,True
1607493627670775424,1607493627670775489,38,2457936.318431832,286.09803771972656,8.154821872711182,2,260,2457934.280835549,2457938.280835549,True
1607493627670775424,1607493627670775489,38,2457969.1804775577,291.8996887207031,6.258436441421509,2,268,2457966.280835549,2457970.280835549,True
1607493627670775424,1607493627670775489,38,2458036.377649165,303.2135925292969,17.05772590637207,1,285,2458034.280835549,2458038.280835549,True
1607493627670775424,1607493627670775489,38,2458073.6849577925,284.6197814941406,6.168305397033691,1,294,2458070.280835549,2458074.280835549,True
1607493627670775424,1607493627670775489,38,2458186.5457492773,292.590576171875,7.883755207061768,1,323,2458186.280835549,2458190.280835549,True
1607493627670775424,1607493627670775489,38,2458226.7818810707,278.3031005859375,7.31496524810791,2,333,2458226.280835549,2458230.280835549,True
1607493627670775424,1607493627670775489,38,2458247.2812251286,290.9690246582031,8.33762264251709,2,338,2458246.280835549,2458250.280835549,True
1607493627670775424,1607493627670775489,38,2458285.2105743685,282.6083984375,7.030376434326172,1,347,2458282.280835549,2458286.280835549,True
1607493627670775424,1607493627670775489,38,2458315.77366264,288.2900695800781,8.12073802947998,1,355,2458314.280835549,2458318.280835549,True
1607493627670775424,1607493627670775489,38,2458347.2651419,280.6366577148437,8.87628173828125,1,363,2458346.280835549,2458350.280835549,True
1607493627670775424,1607493627670775489,38,2458387.7122043837,288.7617492675781,8.33961296081543,2,373,2458386.280835549,2458390.280835549,True
1607493627670775424,1607493627670775489,38,2458415.711127554,290.78228759765625,7.636224031448364,2,380,2458414.280835549,2458418.280835549,True
1607493627670775424,1607493627670775489,38,2458450.907966559,289.1054992675781,8.167060852050781,1,389,2458450.280835549,2458454.280835549,True
1607493627670775424,1607493627670775489,38,2458507.4176290957,290.3922976505806,6.950618221975441,2,403,2458506.280835549,2458510.280835549,
1607493627670775424,1607493627670775489,38,2458563.3736262247,284.60955810546875,8.729156017303467,2,417,2458562.280835549,2458566.280835549,True
1607493627670775424,1607493627670775489,38,2458603.5743171126,279.9109344482422,7.092677116394043,2,427,2458602.280835549,2458606.280835549,True
1607493627670775424,1607493627670775489,38,2458625.6090419185,295.70220947265625,6.285027980804443,1,432,2458622.280835549,2458626.280835549,True
1607493627670775424,1607493627670775489,38,2458662.543672241,283.07403564453125,6.557302474975586,2,442,2458662.280835549,2458666.280835549,True
1607493627670775424,1607493627670775489,38,2458692.156390198,280.15142822265625,7.567988872528076,1,449,2458690.280835549,2458694.280835549,True
1607493627670775424,1607493627670775489,38,2458732.2531323475,284.9056396484375,6.677938938140869,1,459,2458730.280835549,2458734.280835549,True
1607493627670775424,1607493627670775489,38,2458750.5259078173,286.9418640136719,7.439341068267822,1,464,2458750.280835549,2458754.280835549,True
1607493627670775424,1607493627670775489,38,2458790.3777590296,288.96337890625,7.079909801483154,1,474,2458790.280835549,2458794.280835549,True
1607493627670775424,1607493627670775489,38,2458811.834893634,290.7885131835937,7.268241405487059,1,479,2458810.280835549,2458814.280835549,True
1607493627670775424,1607493627670775489,38,2458846.4099353696,282.4212341308594,6.500738143920898,1,488,2458846.280835549,2458850.280835549,True
1607493627670775424,1607493627670775491,39,2456922.8170471275,135.66998291015625,8.246315240859985,2,0,2456922.7800434106,2456926.7800434106,True
1607493627670775424,1607493627670775491,39,2457001.429803011,123.38568878173828,7.251504898071289,2,19,2456998.7800434106,2457002.7800434106,True
1607493627670775424,1607493627670775491,39,2457035.153914214,125.44475555419922,9.298674821853638,2,28,2457034.7800434106,2457038.7800434106,True
1607493627670775424,1607493627670775491,39,2457057.399463325,140.42052459716797,5.973361253738403,2,33,2457054.7800434106,2457058.7800434106,True
1607493627670775424,1607493627670775491,39,2457096.3513602656,138.19984436035156,5.069414138793945,2,43,2457094.7800434106,2457098.7800434106,True
1607493627670775424,1607493627670775491,39,2457114.1025431855,141.31813049316406,7.005862712860107,2,47,2457110.7800434106,2457114.7800434106,True
1607493627670775424,1607493627670775491,39,2457249.0144458404,131.98408126831055,6.474956512451172,2,81,2457246.7800434106,2457250.7800434106,True
1607493627670775424,1607493627670775491,39,2457278.04929578,141.67201232910156,8.711709022521973,1,88,2457274.7800434106,2457278.7800434106,True
1607493627670775424,1607493627670775491,39,2457318.49596998,153.70448303222656,8.503350734710693,2,98,2457314.7800434106,2457318.7800434106,True
1607493627670775424,1607493627670775491,39,2457347.7394763683,146.56560516357422,4.746718645095825,2,106,2457346.7800434106,2457350.7800434106,True
1607493627670775424,1607493627670775491,39,2457378.1888907,154.1786651611328,7.287940979003906,1,113,2457374.7800434106,2457378.7800434106,True
1607493627670775424,1607493627670775491,39,2457412.9445477407,134.17088317871094,18.062472581863403,2,122,2457410.7800434106,2457414.7800434106,True
1607493627670775424,1607493627670775491,39,2457433.6921485784,139.16587829589844,6.3246142864227295,2,127,2457430.7800434106,2457434.7800434106,True
1607493627670775424,1607493627670775491,39,2457491.429874704,143.4517364501953,4.477522373199463,1,142,2457490.7800434106,2457494.7800434106,True
1607493627670775424,1607493627670775491,39,2457557.093657219,150.7853775024414,8.384867429733276,2,158,2457554.7800434106,2457558.7800434106,True
1607493627670775424,1607493627670775491,39,2457591.362753425,133.7171630859375,6.785789012908936,1,167,2457590.7800434106,2457594.7800434106,True
1607493627670775424,1607493627670775491,39,2457657.0600278256,144.08132934570312,4.613668918609619,2,183,2457654.7800434106,2457658.7800434106,True
1607493627670775424,1607493627670775491,39,2457696.293466259,146.84664916992188,16.87663698196411,2,193,2457694.7800434106,2457698.7800434106,True
1607493627670775424,1607493627670775491,39,2457754.7343713013,146.4764404296875,5.992175102233887,1,207,2457750.7800434106,2457754.7800434106,True
1607493627670775424,1607493627670775491,39,2457790.7349982224,147.119140625,5.208956003189087,2,216,2457786.7800434106,2457790.7800434106,True
1607493627670775424,1607493627670775491,39,2457810.078401935,136.9861602783203,9.964828491210938,1,221,2457806.7800434106,2457810.7800434106,True
1607493627670775424,1607493627670775491,39,2457850.0271894443,143.16050720214844,7.153968334197998,1,231,2457846.7800434106,2457850.7800434106,True
1607493627670775424,1607493627670775491,39,2457869.240657189,153.8899688720703,6.710642576217651,2,236,2457866.7800434106,2457870.7800434106,True
1607493627670775424,1607493627670775491,39,2457907.9519976815,151.64128875732422,6.830906391143799,2,246,2457906.7800434106,2457910.7800434106,True
1607493627670775424,1607493627670775491,39,2457936.230351805,153.7663116455078,5.189657688140869,1,253,2457934.7800434106,2457938.7800434106,True
1607493627670775424,1607493627670775491,39,2457969.217480939,158.1394500732422,8.865074157714844,1,261,2457966.7800434106,2457970.7800434106,True
1607493627670775424,1607493627670775491,39,2458036.377650325,160.89881896972656,4.606132507324219,1,278,2458034.7800434106,2458038.7800434106,True
1607493627670775424,1607493627670775491,39,2458073.684958384,165.08590698242188,6.109958171844482,1,287,2458070.7800434106,2458074.7800434106,True
1607493627670775424,1607493627670775491,39,2458186.5457499824,133.95394897460938,5.152992248535156,1,315,2458182.7800434106,2458186.7800434106,True
1607493627670775424,1607493627670775491,39,2458226.7448763577,143.1120147705078,6.157159805297852,1,325,2458222.7800434106,2458226.7800434106,True
1607493627670775424,1607493627670775491,39,2458226.818883371,140.0453643798828,5.270139694213867,1,326,2458226.7800434106,2458230.7800434106,True
1607493627670775424,1607493627670775491,39,2458247.2812246336,141.75132751464844,6.9612414836883545,2,331,2458246.7800434106,2458250.7800434106,True
1607493627670775424,1607493627670775491,39,2458285.210573686,136.90782165527344,5.36020565032959,1,340,2458282.7800434106,2458286.7800434106,True
1607493627670775424,1607493627670775491,39,2458315.7736614454,139.51658630371094,4.913991928100586,1,348,2458314.7800434106,2458318.7800434106,True
1607493627670775424,1607493627670775491,39,2458347.265142287,147.0135955810547,6.647589206695557,1,356,2458346.7800434106,2458350.7800434106,True
1607493627670775424,1607493627670775491,39,2458387.7122039795,135.24452209472656,8.08325743675232,2,366,2458386.7800434106,2458390.7800434106,True
1607493627670775424,1607493627670775491,39,2458415.71112876,140.67871856689453,4.453677177429199,2,373,2458414.7800434106,2458418.7800434106,True
1607493627670775424,1607493627670775491,39,2458450.907967321,142.44447326660156,6.890010833740234,1,382,2458450.7800434106,2458454.7800434106,True
1607493627670775424,1607493627670775491,39,2458507.45463374,140.72537231445312,7.3451457023620605,1,396,2458506.7800434106,2458510.7800434106,True
1607493627670775424,1607493627670775491,39,2458563.4106302606,137.57191467285156,7.725139617919922,1,410,2458562.7800434106,2458566.7800434106,True
1607493627670775424,1607493627670775491,39,2458603.574315929,130.53551864624023,6.023854732513428,2,420,2458602.7800434106,2458606.7800434106,True
1607493627670775424,1607493627670775491,39,2458625.6090412247,138.25518798828125,4.451166152954102,1,425,2458622.7800434106,2458626.7800434106,True
1607493627670775424,1607493627670775491,39,2458662.5806752983,135.602294921875,5.177308559417725,1,434,2458658.7800434106,2458662.7800434106,True
1607493627670775424,1607493627670775491,39,2458692.156389004,135.18630981445312,5.799351215362549,1,442,2458690.7800434106,2458694.7800434106,True
1607493627670775424,1607493627670775491,39,2458750.5259073507,145.0547332763672,5.843752861022949,1,456,2458746.7800434106,2458750.7800434106,True
1607493627670775424,1607493627670775491,39,2458790.377760213,138.14425659179688,4.838211536407471,1,466,2458786.7800434106,2458790.7800434106,True
1607493627670775424,1607493627670775491,39,2458846.409935836,136.7794647216797,4.439730644226074,1,480,2458842.7800434106,2458846.7800434106,True
1654178311566482048,1654178311566482115,40,2456996.96250085,72.75995635986328,3.6532838344573975,1,0,2456996.96250085,2457000.96250085,True
1654178311566482048,1654178311566482115,40,2457216.827891715,61.70281982421875,2.047166347503662,1,54,2457212.96250085,2457216.96250085,True
1654178311566482048,1654178311566482115,40,2457374.00627766,78.33685302734375,5.5275559425354,1,94,2457372.96250085,2457376.96250085,True
1654178311566482048,1654178311566482115,40,2457432.641976082,61.634395599365234,5.307165622711182,1,108,2457428.96250085,2457432.96250085,True
1654178311566482048,1654178311566482115,40,2457494.886636134,101.34617614746094,8.330814123153687,2,124,2457492.96250085,2457496.96250085,True
1654178311566482048,1654178311566482115,40,2457530.3622603184,105.06332015991211,4.099504828453064,2,133,2457528.96250085,2457532.96250085,True
1654178311566482048,1654178311566482115,40,2457561.6378058447,117.54717254638672,6.618722915649414,1,141,2457560.96250085,2457564.96250085,True
1654178311566482048,1654178311566482115,40,2457595.3367635706,117.97655868530273,4.615928411483765,2,149,2457592.96250085,2457596.96250085,True
1654178311566482048,1654178311566482115,40,2457662.09514525,126.8858642578125,8.83543586730957,1,166,2457660.96250085,2457664.96250085,True
1654178311566482048,1654178311566482115,40,2457691.833527878,125.66741943359376,5.195648670196533,1,173,2457688.96250085,2457692.96250085,True
1654178311566482048,1654178311566482115,40,2457750.799560752,117.42799377441406,5.296118259429932,1,188,2457748.96250085,2457752.96250085,True
1654178311566482048,1654178311566482115,40,2457810.0655542817,110.15595245361328,6.14142370223999,1,203,2457808.96250085,2457812.96250085,True
1654178311566482048,1654178311566482115,40,2457908.17798316,108.9348602294922,5.212517738342285,1,227,2457904.96250085,2457908.96250085,True
1654178311566482048,1654178311566482115,40,2457940.489949455,126.13289642333984,5.346012592315674,1,235,2457936.96250085,2457940.96250085,True
1654178311566482048,1654178311566482115,40,2457973.976796212,128.7819366455078,4.559378623962402,1,244,2457972.96250085,2457976.96250085,True
1654178311566482048,1654178311566482115,40,2458007.2135088355,122.32649993896484,4.786098957061768,1,252,2458004.96250085,2458008.96250085,True
1654178311566482048,1654178311566482115,40,2458040.6225433093,118.2944793701172,4.696352481842041,1,260,2458036.96250085,2458040.96250085,True
1654178311566482048,1654178311566482115,40,2458069.1856447747,117.90245056152344,7.015380859375,1,268,2458068.96250085,2458072.96250085,True
1654178311566482048,1654178311566482115,40,2458103.832447623,122.63544464111328,5.083441257476807,1,276,2458100.96250085,2458104.96250085,True
1654178311566482048,1654178311566482115,40,2458187.533826438,110.8761215209961,6.135701656341553,1,297,2458184.96250085,2458188.96250085,True
1654178311566482048,1654178311566482115,40,2458319.461265256,119.66564178466795,6.954738140106201,1,330,2458316.96250085,2458320.96250085,True
1654178311566482048,1654178311566482115,40,2458385.2591965594,126.44406127929688,4.603182792663574,1,347,2458384.96250085,2458388.96250085,True
1654178311566482048,1654178311566482115,40,2458446.230018492,125.77606964111328,3.987801313400269,1,362,2458444.96250085,2458448.96250085,True
1654178311566482048,1654178311566482115,40,2458504.6926483503,96.29635620117188,4.807986736297607,1,376,2458500.96250085,2458504.96250085,True
1654178311566482048,1654178311566482115,40,2458565.150049909,116.7537078857422,5.430680274963379,1,392,2458564.96250085,2458568.96250085,True
1654178311566482048,1654178311566482115,40,2458601.120622819,109.67122650146484,7.80060338973999,1,401,2458600.96250085,2458604.96250085,True
1654178311566482048,1654178311566482115,40,2458630.286869817,113.78628540039062,7.118022441864014,1,408,2458628.96250085,2458632.96250085,True
1654178311566482048,1654178311566482115,40,2458752.4648705395,112.3421859741211,6.936880111694336,1,438,2458748.96250085,2458752.96250085,True
1654178311566482048,1654178311566482115,40,2458788.20330883,110.36445236206055,5.461029291152954,2,447,2458784.96250085,2458788.96250085,True
1654178311566482048,1654178311566482115,40,2458848.473821336,107.24964141845705,4.584202766418457,1,462,2458844.96250085,2458848.96250085,True
1659540453680688256,1659540453680688321,43,2456897.5706566134,693.3581237792969,24.695674896240234,2,0,2456897.5336531973,2456901.5336531973,True
1659540453680688256,1659540453680688321,43,2456941.95435841,682.9330444335938,10.942602634429932,2,11,2456941.5336531973,2456945.5336531973,True
1659540453680688256,1659540453680688321,43,2457000.8982858523,680.6267700195312,9.35313892364502,1,25,2456997.5336531973,2457001.5336531973,True
1659540453680688256,1659540453680688321,43,2457036.4372413578,678.149658203125,8.98111629486084,1,34,2457033.5336531973,2457037.5336531973,True
1659540453680688256,1659540453680688321,43,2457095.595022991,676.0245056152344,10.692954540252686,2,49,2457093.5336531973,2457097.5336531973,True
1659540453680688256,1659540453680688321,43,2457112.560044979,681.6161499023438,9.45567226409912,1,53,2457109.5336531973,2457113.5336531973,True
1659540453680688256,1659540453680688321,43,2457252.086881748,687.6246134440104,11.225706100463867,3,88,2457249.5336531973,2457253.5336531973,True
1659540453680688256,1659540453680688321,43,2457278.7687374614,682.036376953125,9.941452026367188,2,95,2457277.5336531973,2457281.5336531973,True
1659540453680688256,1659540453680688321,43,2457319.539177143,686.7836303710938,9.607671737670898,1,105,2457317.5336531973,2457321.5336531973,True
1659540453680688256,1659540453680688321,43,2457349.9909558985,672.9469604492188,9.461586952209473,2,113,2457349.5336531973,2457353.5336531973,True
1659540453680688256,1659540453680688321,43,2457377.1936297943,708.6406881533024,7.971258939953329,1,119,2457373.5336531973,2457377.5336531973,False
1659540453680688256,1659540453680688321,43,2457414.15317122,686.0753784179688,8.657784461975098,1,129,2457413.5336531973,2457417.5336531973,True
1659540453680688256,1659540453680688321,43,2457431.478017053,671.2802734375,9.19117259979248,1,133,2457429.5336531973,2457433.5336531973,True
1659540453680688256,1659540453680688321,43,2457472.1358637055,675.9698486328125,10.704518795013428,2,143,2457469.5336531973,2457473.5336531973,True
1659540453680688256,1659540453680688321,43,2457528.8486587587,677.5802917480469,9.357752323150635,2,157,2457525.5336531973,2457529.5336531973,True
1659540453680688256,1659540453680688321,43,2457558.0888444367,677.803955078125,10.609530925750732,2,165,2457557.5336531973,2457561.5336531973,True
1659540453680688256,1659540453680688321,43,2457589.8296114523,678.336669921875,10.81965446472168,2,173,2457589.5336531973,2457593.5336531973,True
1659540453680688256,1659540453680688321,43,2457658.5664032,675.8006286621094,10.147182941436768,2,190,2457657.5336531973,2457661.5336531973,True
1659540453680688256,1659540453680688321,43,2457696.836715604,681.3108520507812,9.489703178405762,1,199,2457693.5336531973,2457697.5336531973,True
1659540453680688256,1659540453680688321,43,2457728.5328027047,675.9153442382812,9.343851089477539,2,207,2457725.5336531973,2457729.5336531973,True
1659540453680688256,1659540453680688321,43,2457753.4883244247,676.0197143554688,8.72852897644043,1,213,2457749.5336531973,2457753.5336531973,True
1659540453680688256,1659540453680688321,43,2457791.4797818633,678.5230407714844,9.577457904815674,2,223,2457789.5336531973,2457793.5336531973,True
1659540453680688256,1659540453680688321,43,2457807.825882122,681.4489135742188,8.85191822052002,1,227,2457805.5336531973,2457809.5336531973,True
1659540453680688256,1659540453680688321,43,2457848.4846991273,685.1584167480469,9.362714767456055,2,237,2457845.5336531973,2457849.5336531973,True
1659540453680688256,1659540453680688321,43,2457868.4844229724,675.2984619140625,12.229528903961182,2,242,2457865.5336531973,2457869.5336531973,True
1659540453680688256,1659540453680688321,43,2457905.9149351944,673.1786499023438,9.446553230285645,1,252,2457905.5336531973,2457909.5336531973,True
1659540453680688256,1659540453680688321,43,2457967.935100697,679.7928466796875,12.355887413024902,2,267,2457965.5336531973,2457969.5336531973,True
1659540453680688256,1659540453680688321,43,2458011.4194433936,672.070556640625,9.84259557723999,2,278,2458009.5336531973,2458013.5336531973,True
1659540453680688256,1659540453680688321,43,2458038.420337671,675.2056274414062,8.901469707489014,2,285,2458037.5336531973,2458041.5336531973,True
1659540453680688256,1659540453680688321,43,2458073.8671909827,688.3665161132812,8.930458068847656,1,294,2458073.5336531973,2458077.5336531973,True
1659540453680688256,1659540453680688321,43,2458106.8812437286,685.1803283691406,10.74704360961914,2,302,2458105.5336531973,2458109.5336531973,True
1659540453680688256,1659540453680688321,43,2458129.589437996,667.7386474609375,8.872273445129395,1,308,2458129.5336531973,2458133.5336531973,True
1659540453680688256,1659540453680688321,43,2458184.4539896348,684.6014404296875,8.843666791915894,2,321,2458181.5336531973,2458185.5336531973,True
1659540453680688256,1659540453680688321,43,2458225.0642604204,678.9469604492188,9.685336112976074,1,331,2458221.5336531973,2458225.5336531973,True
1659540453680688256,1659540453680688321,43,2458246.9880371727,679.9226684570312,9.249238014221191,1,337,2458245.5336531973,2458249.5336531973,True
1659540453680688256,1659540453680688321,43,2458283.035415251,691.9313354492188,8.651895523071289,1,346,2458281.5336531973,2458285.5336531973,True
1659540453680688256,1659540453680688321,43,2458317.859388048,682.9419860839844,9.86719036102295,2,355,2458317.5336531973,2458321.5336531973,True
1659540453680688256,1659540453680688321,43,2458346.483522671,666.0226745605469,11.685100078582764,2,362,2458345.5336531973,2458349.5336531973,True
1659540453680688256,1659540453680688321,43,2458390.0927639725,670.0567321777344,15.729941129684448,2,373,2458389.5336531973,2458393.5336531973,True
1659540453680688256,1659540453680688321,43,2458418.00261864,687.8320922851562,11.344493865966797,1,380,2458417.5336531973,2458421.5336531973,True
1659540453680688256,1659540453680688321,43,2458450.5757634216,673.6432800292969,10.483723640441895,2,388,2458449.5336531973,2458453.5336531973,True
1659540453680688256,1659540453680688321,43,2458484.9217660967,684.8333435058594,10.505015850067139,2,396,2458481.5336531973,2458485.5336531973,True
1659540453680688256,1659540453680688321,43,2458505.632381669,683.0193481445312,9.956653594970703,1,402,2458505.5336531973,2458509.5336531973,True
1659540453680688256,1659540453680688321,43,2458545.32948899,670.9953002929688,8.48261833190918,1,411,2458541.5336531973,2458545.5336531973,True
1659540453680688256,1659540453680688321,43,2458561.4057720024,678.6293334960938,8.781603813171387,1,415,2458557.5336531973,2458561.5336531973,True
1659540453680688256,1659540453680688321,43,2458601.6076948885,676.7894287109375,9.523415565490724,1,426,2458601.5336531973,2458605.5336531973,True
1659540453680688256,1659540453680688321,43,2458625.816124064,681.6773071289062,11.053064823150635,2,432,2458625.5336531973,2458629.5336531973,True
1659540453680688256,1659540453680688321,43,2458660.5456277286,681.2208557128906,9.056581020355225,2,440,2458657.5336531973,2458661.5336531973,True
1659540453680688256,1659540453680688321,43,2458748.778370161,675.0029296875,8.032683372497559,1,462,2458745.5336531973,2458749.5336531973,True
1659540453680688256,1659540453680688321,43,2458788.554822469,667.2797241210938,8.761688232421875,1,472,2458785.5336531973,2458789.5336531973,True
1659540453680688256,1659540453680688321,43,2458811.9149747724,670.5368041992188,11.827962875366213,1,478,2458809.5336531973,2458813.5336531973,True
1659540453680688256,1659540453680688321,43,2458844.567367441,682.3374938964844,8.688631534576416,2,486,2458841.5336531973,2458845.5336531973,True
1659540453680688256,1659540453680688323,42,2456897.57065563,309.54811096191406,9.46738862991333,2,0,2456897.5336522195,2456901.5336522195,True
1659540453680688256,1659540453680688323,42,2456941.991361724,316.2090759277344,9.746399879455566,1,11,2456941.5336522195,2456945.5336522195,True
1659540453680688256,1659540453680688323,42,2457000.898286819,300.3164978027344,8.316757202148438,1,25,2456997.5336522195,2457001.5336522195,True
1659540453680688256,1659540453680688323,42,2457036.4372416423,292.2268981933594,8.14135456085205,1,34,2457033.5336522195,2457037.5336522195,True
1659540453680688256,1659540453680688323,42,2457095.5950220297,261.6462860107422,8.211118221282959,2,49,2457093.5336522195,2457097.5336522195,True
1659540453680688256,1659540453680688323,42,2457112.560045218,272.7049865722656,7.230575561523437,1,53,2457109.5336522195,2457113.5336522195,True
1659540453680688256,1659540453680688323,42,2457252.0868806033,234.8707478841146,5.96650234858195,3,88,2457249.5336522195,2457253.5336522195,True
1659540453680688256,1659540453680688323,42,2457278.7687383713,225.60851287841797,6.311986446380615,2,95,2457277.5336522195,2457281.5336522195,True
1659540453680688256,1659540453680688323,42,2457319.539177314,230.1348419189453,9.018089294433594,1,105,2457317.5336522195,2457321.5336522195,True
1659540453680688256,1659540453680688323,42,2457349.990957013,221.77544403076172,6.448551416397095,2,113,2457349.5336522195,2457353.5336522195,True
1659540453680688256,1659540453680688323,42,2457377.193630909,230.1706484834679,6.598041647449909,1,119,2457373.5336522195,2457377.5336522195,False
1659540453680688256,1659540453680688323,42,2457414.153171254,206.3980255126953,5.353325843811035,1,129,2457413.5336522195,2457417.5336522195,True
1659540453680688256,1659540453680688323,42,2457431.478018202,215.60557556152344,6.183490753173828,1,133,2457429.5336522195,2457433.5336522195,True
1659540453680688256,1659540453680688323,42,2457472.1358625516,214.13521575927732,6.635388135910034,2,143,2457469.5336522195,2457473.5336522195,True
1659540453680688256,1659540453680688323,42,2457490.349969999,203.45263671875,8.629158973693848,1,148,2457489.5336522195,2457493.5336522195,True
1659540453680688256,1659540453680688323,42,2457528.8486576322,210.393669128418,5.8970959186553955,2,157,2457525.5336522195,2457529.5336522195,True
1659540453680688256,1659540453680688323,42,2457558.088843328,206.3243637084961,7.577516317367554,2,165,2457557.5336522195,2457561.5336522195,True
1659540453680688256,1659540453680688323,42,2457589.8296112646,217.72608947753906,7.178704261779785,2,173,2457589.5336522195,2457593.5336522195,True
1659540453680688256,1659540453680688323,42,2457658.5664043427,213.5905303955078,6.567783355712891,2,190,2457657.5336522195,2457661.5336522195,True
1659540453680688256,1659540453680688323,42,2457696.8367160023,220.9293975830078,6.043546199798584,1,199,2457693.5336522195,2457697.5336522195,True
1659540453680688256,1659540453680688323,42,2457728.5328036314,207.13593292236328,9.966007709503174,2,207,2457725.5336522195,2457729.5336522195,True
1659540453680688256,1659540453680688323,42,2457753.488325653,206.5618896484375,8.666714668273926,1,213,2457749.5336522195,2457753.5336522195,True
1659540453680688256,1659540453680688323,42,2457791.4797816356,202.35404205322266,10.232800960540771,2,223,2457789.5336522195,2457793.5336522195,True
1659540453680688256,1659540453680688323,42,2457807.825883089,227.74171447753903,33.670753479003906,1,227,2457805.5336522195,2457809.5336522195,True
1659540453680688256,1659540453680688323,42,2457848.521701508,206.0956268310547,5.841991901397705,1,237,2457845.5336522195,2457849.5336522195,True
1659540453680688256,1659540453680688323,42,2457868.44741921,207.8233642578125,9.351399421691896,1,242,2457865.5336522195,2457869.5336522195,True
1659540453680688256,1659540453680688323,42,2457905.9149342165,202.0044860839844,6.023631572723389,1,252,2457905.5336522195,2457909.5336522195,True
1659540453680688256,1659540453680688323,42,2457937.814678781,213.61008694740747,5.274708505848849,2,260,2457937.5336522195,2457941.5336522195,
1659540453680688256,1659540453680688323,42,2457967.93510076,215.3672866821289,10.066806077957153,2,267,2457965.5336522195,2457969.5336522195,True
1659540453680688256,1659540453680688323,42,2458011.4194427794,218.49576568603518,6.621659517288208,2,278,2458009.5336522195,2458013.5336522195,True
1659540453680688256,1659540453680688323,42,2458038.420338956,222.26524353027344,27.24157357215881,2,285,2458037.5336522195,2458041.5336522195,True
1659540453680688256,1659540453680688323,42,2458073.867191597,209.7853546142578,12.66581916809082,1,294,2458073.5336522195,2458077.5336522195,True
1659540453680688256,1659540453680688323,42,2458106.881244457,203.3713836669922,5.480370044708252,2,302,2458105.5336522195,2458109.5336522195,True
1659540453680688256,1659540453680688323,42,2458129.589439292,218.8950653076172,7.979204177856445,1,308,2458129.5336522195,2458133.5336522195,True
1659540453680688256,1659540453680688323,42,2458184.4539903686,203.8958511352539,7.792788028717041,2,321,2458181.5336522195,2458185.5336522195,True
1659540453680688256,1659540453680688323,42,2458225.0642591123,202.3024139404297,6.048183917999268,1,331,2458221.5336522195,2458225.5336522195,True
1659540453680688256,1659540453680688323,42,2458246.988036661,204.57080078125,6.721465587615967,1,337,2458245.5336522195,2458249.5336522195,True
1659540453680688256,1659540453680688323,42,2458317.8593867403,226.62523651123047,5.945599794387817,2,355,2458317.5336522195,2458321.5336522195,True
1659540453680688256,1659540453680688323,42,2458346.483523006,216.99857330322266,9.758910179138184,2,362,2458345.5336522195,2458349.5336522195,True
1659540453680688256,1659540453680688323,42,2458390.180842481,229.67837524414065,8.624338150024414,1,373,2458389.5336522195,2458393.5336522195,True
1659540453680688256,1659540453680688323,42,2458418.002619948,240.72413635253903,9.882579803466797,1,380,2458417.5336522195,2458421.5336522195,True
1659540453680688256,1659540453680688323,42,2458450.575764229,251.17308044433594,7.331974267959595,2,388,2458449.5336522195,2458453.5336522195,True
1659540453680688256,1659540453680688323,42,2458484.9217665913,247.82725524902344,7.502519845962524,2,396,2458481.5336522195,2458485.5336522195,True
1659540453680688256,1659540453680688323,42,2458505.632382989,240.5495758056641,9.011301040649414,1,402,2458505.5336522195,2458509.5336522195,True
1659540453680688256,1659540453680688323,42,2458545.3664915473,236.91333770751953,6.097243785858154,2,411,2458541.5336522195,2458545.5336522195,True
1659540453680688256,1659540453680688323,42,2458561.40577248,238.06588745117188,6.655165672302246,1,415,2458557.5336522195,2458561.5336522195,True
1659540453680688256,1659540453680688323,42,2458601.607693592,226.4091644287109,5.286462306976318,1,426,2458601.5336522195,2458605.5336522195,True
1659540453680688256,1659540453680688323,42,2458625.8531267517,229.7857666015625,10.081618309020996,1,432,2458625.5336522195,2458629.5336522195,True
1659540453680688256,1659540453680688323,42,2458660.54562712,228.6242218017578,6.8337562084198,2,440,2458657.5336522195,2458661.5336522195,True
1659540453680688256,1659540453680688323,42,2458732.0971147907,237.81555938720703,6.400338172912598,2,458,2458729.5336522195,2458733.5336522195,True
1659540453680688256,1659540453680688323,42,2458748.741366478,242.9010009765625,6.081969261169434,2,462,2458745.5336522195,2458749.5336522195,True
1659540453680688256,1659540453680688323,42,2458788.5548237544,235.87928771972656,5.979098320007324,1,472,2458785.5336522195,2458789.5336522195,True
1659540453680688256,1659540453680688323,42,2458811.914975512,225.4895172119141,8.32106876373291,1,478,2458809.5336522195,2458813.5336522195,True
1659540453680688256,1659540453680688323,42,2458844.5673680385,228.18350982666016,5.555968523025513,2,486,2458841.5336522195,2458845.5336522195,True
1686584114691786368,1686584114691786433,45,2456899.1171003925,8832.08984375,37.65549087524414,1,0,2456899.1171003925,2456903.1171003925,True
1686584114691786368,1686584114691786433,45,2456973.2299665986,8855.8427734375,40.020755767822266,1,18,2456971.1171003925,2456975.1171003925,True
1686584114691786368,1686584114691786433,45,2456997.9359661583,8842.90283203125,35.84209442138672,2,24,2456995.1171003925,2456999.1171003925,True
1686584114691786368,1686584114691786433,45,2457035.678072345,8831.7119140625,34.68169403076172,1,34,2457035.1171003925,2457039.1171003925,True
1686584114691786368,1686584114691786433,45,2457113.3759046947,8810.697265625,36.73271179199219,1,53,2457111.1171003925,2457115.1171003925,True
1686584114691786368,1686584114691786433,45,2457149.8084983523,8849.74072265625,34.77832794189453,2,62,2457147.1171003925,2457151.1171003925,True
1686584114691786368,1686584114691786433,45,2457212.5409035864,8844.90185546875,33.921220779418945,2,78,2457211.1171003925,2457215.1171003925,True
1686584114691786368,1686584114691786433,45,2457254.5252128267,8887.2861328125,36.345497131347656,2,88,2457251.1171003925,2457255.1171003925,True
1686584114691786368,1686584114691786433,45,2457317.721643832,8891.16796875,33.52006149291992,1,104,2457315.1171003925,2457319.1171003925,True
1686584114691786368,1686584114691786433,45,2457351.521244174,8887.326171875,36.11298751831055,1,113,2457351.1171003925,2457355.1171003925,True
1686584114691786368,1686584114691786433,45,2457374.1926010614,8869.5654296875,38.66688537597656,1,118,2457371.1171003925,2457375.1171003925,True
1686584114691786368,1686584114691786433,45,2457412.6811204758,8850.73828125,34.98312568664551,2,128,2457411.1171003925,2457415.1171003925,True
1686584114691786368,1686584114691786433,45,2457429.6823777445,8847.1884765625,35.21174621582031,2,132,2457427.1171003925,2457431.1171003925,True
1686584114691786368,1686584114691786433,45,2457468.8835810064,8850.06298828125,34.90422821044922,2,142,2457467.1171003925,2457471.1171003925,True
1686584114691786368,1686584114691786433,45,2457491.666763939,8870.5517578125,35.15513229370117,1,148,2457491.1171003925,2457495.1171003925,True
1686584114691786368,1686584114691786433,45,2457527.067999644,8795.4189453125,35.11122131347656,1,156,2457523.1171003925,2457527.1171003925,True
1686584114691786368,1686584114691786433,45,2457561.8407882634,8866.1123046875,36.65456581115723,2,165,2457559.1171003925,2457563.1171003925,True
1686584114691786368,1686584114691786433,45,2457591.3020374845,8808.974609375,37.43902969360352,1,173,2457591.1171003925,2457595.1171003925,True
1686584114691786368,1686584114691786433,45,2457694.5919192685,8892.791015625,35.34093475341797,1,198,2457691.1171003925,2457695.1171003925,True
1686584114691786368,1686584114691786433,45,2457729.5249995263,8847.1708984375,36.14470100402832,2,207,2457727.1171003925,2457731.1171003925,True
1686584114691786368,1686584114691786433,45,2457750.3973897435,8863.26708984375,34.844892501831055,2,212,2457747.1171003925,2457751.1171003925,True
1686584114691786368,1686584114691786433,45,2457789.434373611,8838.59765625,34.09272766113281,1,222,2457787.1171003925,2457791.1171003925,True
1686584114691786368,1686584114691786433,45,2457806.7428304665,8885.986328125,37.322696685791016,1,226,2457803.1171003925,2457807.1171003925,True
1686584114691786368,1686584114691786433,45,2457845.48453804,8851.3154296875,36.21396064758301,2,236,2457843.1171003925,2457847.1171003925,True
1686584114691786368,1686584114691786433,45,2457870.44159955,8851.990234375,36.40502548217773,1,242,2457867.1171003925,2457871.1171003925,True
1686584114691786368,1686584114691786433,45,2457904.4962005173,8845.9814453125,40.54104232788086,1,251,2457903.1171003925,2457907.1171003925,True
1686584114691786368,1686584114691786433,45,2457941.9071845096,8835.00390625,43.40050506591797,1,260,2457939.1171003925,2457943.1171003925,True
1686584114691786368,1686584114691786433,45,2457970.4443500647,8887.08154296875,36.532636642456055,2,267,2457967.1171003925,2457971.1171003925,True
1686584114691786368,1686584114691786433,45,2458011.553469646,8874.99560546875,34.0889778137207,2,278,2458011.1171003925,2458015.1171003925,True
1686584114691786368,1686584114691786433,45,2458042.132881717,8822.6611328125,34.234493255615234,1,285,2458039.1171003925,2458043.1171003925,True
1686584114691786368,1686584114691786433,45,2458071.371082685,8839.6171875,40.64167404174805,1,293,2458071.1171003925,2458075.1171003925,True
1686584114691786368,1686584114691786433,45,2458107.335704793,8818.6083984375,33.900970458984375,1,302,2458107.1171003925,2458111.1171003925,True
1686584114691786368,1686584114691786433,45,2458184.0328780743,8894.482421875,33.76666641235352,1,321,2458183.1171003925,2458187.1171003925,True
1686584114691786368,1686584114691786433,45,2458222.0658965223,8838.6611328125,36.47371292114258,1,330,2458219.1171003925,2458223.1171003925,True
1686584114691786368,1686584114691786433,45,2458249.3075811807,8838.5419921875,43.50565719604492,1,337,2458247.1171003925,2458251.1171003925,True
1686584114691786368,1686584114691786433,45,2458282.2566468464,8872.35400390625,33.03768539428711,2,345,2458279.1171003925,2458283.1171003925,True
1686584114691786368,1686584114691786433,45,2458321.866147745,8873.41455078125,36.00335502624512,2,355,2458319.1171003925,2458323.1171003925,True
1686584114691786368,1686584114691786433,45,2458349.9920815616,8894.59375,35.15170478820801,2,362,2458347.1171003925,2458351.1171003925,True
1686584114691786368,1686584114691786433,45,2458389.351078677,8882.0751953125,34.65087890625,2,372,2458387.1171003925,2458391.1171003925,True
1686584114691786368,1686584114691786433,45,2458420.9626328973,8849.2744140625,38.15460395812988,2,380,2458419.1171003925,2458423.1171003925,True
1686584114691786368,1686584114691786433,45,2458447.916221966,8875.111328125,34.610923767089844,1,387,2458447.1171003925,2458451.1171003925,True
1686584114691786368,1686584114691786433,45,2458502.8760085,8872.068359375,33.544437408447266,1,400,2458499.1171003925,2458503.1171003925,True
1686584114691786368,1686584114691786433,45,2458561.647006465,8846.4638671875,35.23028945922852,1,415,2458559.1171003925,2458563.1171003925,True
1686584114691786368,1686584114691786433,45,2458599.0372186727,8832.8671875,32.82608413696289,1,424,2458595.1171003925,2458599.1171003925,True
1686584114691786368,1686584114691786433,45,2458628.600491749,8836.359375,32.62510681152344,1,432,2458627.1171003925,2458631.1171003925,True
1686584114691786368,1686584114691786433,45,2458660.267400668,8885.0625,35.46219253540039,1,440,2458659.1171003925,2458663.1171003925,True
1686584114691786368,1686584114691786433,45,2458687.3681121515,8832.10888671875,35.31328010559082,2,447,2458687.1171003925,2458691.1171003925,True
1686584114691786368,1686584114691786433,45,2458728.973982316,8835.2216796875,38.39968681335449,2,457,2458727.1171003925,2458731.1171003925,True
1686584114691786368,1686584114691786433,45,2458749.0004523084,8854.49951171875,36.686269760131836,2,462,2458747.1171003925,2458751.1171003925,True
1686584114691786368,1686584114691786433,45,2458786.047898186,8848.3828125,31.511890411376957,1,471,2458783.1171003925,2458787.1171003925,True
1686584114691786368,1686584114691786433,45,2458814.6711164936,8792.62109375,55.54402923583984,1,478,2458811.1171003925,2458815.1171003925,True
1686584114691786368,1686584114691786433,45,2458844.433340979,8851.86474609375,39.21090126037598,2,486,2458843.1171003925,2458847.1171003925,True
1686584114691786368,1686584114691786435,44,2456899.1170999715,607.923583984375,15.374913215637209,1,0,2456899.1170999715,2456903.1170999715,True
1686584114691786368,1686584114691786435,44,2456973.2299670423,605.04833984375,8.831315994262695,1,18,2456971.1170999715,2456975.1170999715,True
1686584114691786368,1686584114691786435,44,2456997.935966295,605.1987609863281,11.705216407775879,2,24,2456995.1170999715,2456999.1170999715,True
1686584114691786368,1686584114691786435,44,2457113.375904979,608.3775024414062,9.727938652038574,1,53,2457111.1170999715,2457115.1170999715,True
1686584114691786368,1686584114691786435,44,2457149.80849792,609.9287109375,8.81643009185791,2,62,2457147.1170999715,2457151.1170999715,True
1686584114691786368,1686584114691786435,44,2457212.540903268,609.0273742675781,9.07411241531372,2,78,2457211.1170999715,2457215.1170999715,True
1686584114691786368,1686584114691786435,44,2457254.5252123885,604.1212158203125,9.648683071136475,2,88,2457251.1170999715,2457255.1170999715,True
1686584114691786368,1686584114691786435,44,2457283.2737068404,601.0202941894531,10.557421207427979,2,96,2457283.1170999715,2457287.1170999715,True
1686584114691786368,1686584114691786435,44,2457317.721643649,613.7600708007812,13.939791679382324,1,104,2457315.1170999715,2457319.1170999715,True
1686584114691786368,1686584114691786435,44,2457351.521244606,607.23681640625,12.525397300720217,1,113,2457351.1170999715,2457355.1170999715,True
1686584114691786368,1686584114691786435,44,2457374.1926012887,594.5698852539062,11.199975967407228,1,118,2457371.1170999715,2457375.1170999715,True
1686584114691786368,1686584114691786435,44,2457412.6811206806,606.8359375,8.758209228515625,2,128,2457411.1170999715,2457415.1170999715,True
1686584114691786368,1686584114691786435,44,2457429.6823781766,611.0670776367188,10.493860244750977,2,132,2457427.1170999715,2457431.1170999715,True
1686584114691786368,1686584114691786435,44,2457468.883580751,600.4424743652344,9.048226833343506,2,142,2457467.1170999715,2457471.1170999715,True
1686584114691786368,1686584114691786435,44,2457491.666764155,601.2745971679688,8.828205108642578,1,148,2457491.1170999715,2457495.1170999715,True
1686584114691786368,1686584114691786435,44,2457527.067999211,598.1071166992188,9.261069297790527,1,156,2457523.1170999715,2457527.1170999715,True
1686584114691786368,1686584114691786435,44,2457561.8407880017,611.4348754882812,9.125010967254639,2,165,2457559.1170999715,2457563.1170999715,True
1686584114691786368,1686584114691786435,44,2457591.3020372456,604.1717529296875,9.389184951782228,1,173,2457591.1170999715,2457595.1170999715,True
1686584114691786368,1686584114691786435,44,2457729.5249999473,603.6403198242188,9.822460651397705,2,207,2457727.1170999715,2457731.1170999715,True
1686584114691786368,1686584114691786435,44,2457750.397390034,601.5334167480469,10.37240219116211,2,212,2457747.1170999715,2457751.1170999715,True
1686584114691786368,1686584114691786435,44,2457789.4343737247,591.6099853515625,9.026287078857422,1,222,2457787.1170999715,2457791.1170999715,True
1686584114691786368,1686584114691786435,44,2457806.7428308874,611.6137084960938,10.961543083190918,1,226,2457803.1170999715,2457807.1170999715,True
1686584114691786368,1686584114691786435,44,2457845.4845377104,600.8003234863281,8.881754636764526,2,236,2457843.1170999715,2457847.1170999715,True
1686584114691786368,1686584114691786435,44,2457870.4415996866,604.2705688476562,10.071598052978516,1,242,2457867.1170999715,2457871.1170999715,True
1686584114691786368,1686584114691786435,44,2457904.4962000963,628.2421875,9.344083786010742,1,251,2457903.1170999715,2457907.1170999715,True
1686584114691786368,1686584114691786435,44,2457941.819104789,599.5718078613281,10.432251930236816,2,260,2457939.1170999715,2457943.1170999715,True
1686584114691786368,1686584114691786435,44,2457970.4443499288,612.1906127929688,8.719105243682861,2,267,2457967.1170999715,2457971.1170999715,True
1686584114691786368,1686584114691786435,44,2458011.553469282,608.9636535644531,9.119410991668701,2,278,2458011.1170999715,2458015.1170999715,True
1686584114691786368,1686584114691786435,44,2458042.132882092,595.7467041015625,9.462532997131348,1,285,2458039.1170999715,2458043.1170999715,True
1686584114691786368,1686584114691786435,44,2458107.33570518,600.9929809570312,7.981816291809082,1,302,2458107.1170999715,2458111.1170999715,True
1686584114691786368,1686584114691786435,44,2458184.0328784613,602.0064086914062,10.502406120300291,1,321,2458183.1170999715,2458187.1170999715,True
1686584114691786368,1686584114691786435,44,2458222.065896147,606.4248657226562,12.19258975982666,1,330,2458219.1170999715,2458223.1170999715,True
1686584114691786368,1686584114691786435,44,2458249.307581215,601.4032592773438,12.42978858947754,1,337,2458247.1170999715,2458251.1170999715,True
1686584114691786368,1686584114691786435,44,2458282.2196433856,604.2863159179688,11.386480331420898,1,345,2458279.1170999715,2458283.1170999715,True
1686584114691786368,1686584114691786435,44,2458321.86614733,607.3813781738281,8.513715744018555,2,355,2458319.1170999715,2458323.1170999715,True
1686584114691786368,1686584114691786435,44,2458389.351078364,604.7479248046875,8.280298233032227,2,372,2458387.1170999715,2458391.1170999715,True
1686584114691786368,1686584114691786435,44,2458420.9626333183,605.1307983398438,10.784173965454102,2,380,2458419.1170999715,2458423.1170999715,True
1686584114691786368,1686584114691786435,44,2458447.916222023,594.750244140625,7.809917449951172,1,387,2458447.1170999715,2458451.1170999715,True
1686584114691786368,1686584114691786435,44,2458502.8760089097,589.8671264648438,11.339008331298828,1,400,2458499.1170999715,2458503.1170999715,True
1686584114691786368,1686584114691786435,44,2458561.6470068065,589.8901977539062,8.062013626098633,1,415,2458559.1170999715,2458563.1170999715,True
1686584114691786368,1686584114691786435,44,2458599.037218252,595.1510620117188,8.44158935546875,1,424,2458595.1170999715,2458599.1170999715,True
1686584114691786368,1686584114691786435,44,2458628.6004916923,592.7059326171875,9.56943702697754,1,432,2458627.1170999715,2458631.1170999715,True
1686584114691786368,1686584114691786435,44,2458660.2674002927,610.6676025390625,9.340337753295898,1,440,2458659.1170999715,2458663.1170999715,True
1686584114691786368,1686584114691786435,44,2458687.3681117417,608.2873229980469,9.124545574188232,2,447,2458687.1170999715,2458691.1170999715,True
1686584114691786368,1686584114691786435,44,2458728.973982407,610.9570007324219,9.603086471557617,2,457,2458727.1170999715,2458731.1170999715,True
1686584114691786368,1686584114691786435,44,2458749.0004519727,602.3794860839844,9.447106838226318,2,462,2458747.1170999715,2458751.1170999715,True
1686584114691786368,1686584114691786435,44,2458786.047898607,605.7736206054688,7.886302947998047,1,471,2458783.1170999715,2458787.1170999715,True
1686584114691786368,1686584114691786435,44,2458814.671116562,601.3241577148438,9.447955131530762,1,478,2458811.1170999715,2458815.1170999715,True
1686584114691786368,1686584114691786435,44,2458844.433341343,584.2957458496094,21.676453590393066,2,486,2458843.1170999715,2458847.1170999715,True
1760679413013474304,1760679413013474369,47,2456961.1382998694,141.97016143798828,5.664447784423828,2,0,2456961.1012963,2456965.1012963,True
1760679413013474304,1760679413013474369,47,2456988.128255062,142.36316680908203,6.806398391723633,2,6,2456985.1012963,2456989.1012963,True
1760679413013474304,1760679413013474369,47,2457013.3739944445,134.96361541748047,8.131258249282837,2,13,2457013.1012963,2457017.1012963,True
1760679413013474304,1760679413013474369,47,2457134.5845189006,139.3155975341797,6.112802028656006,1,43,2457133.1012963,2457137.1012963,True
1760679413013474304,1760679413013474369,47,2457165.072262422,142.087646484375,4.834541320800781,1,50,2457161.1012963,2457165.1012963,True
1760679413013474304,1760679413013474369,47,2457165.1462694365,138.69534301757812,6.022039413452148,1,51,2457165.1012963,2457169.1012963,True
1760679413013474304,1760679413013474369,47,2457289.8462203103,135.51647567749023,6.901841521263123,4,82,2457289.1012963,2457293.1012963,True
1760679413013474304,1760679413013474369,47,2457295.5456093694,136.06280771891275,6.230285008748372,3,83,2457293.1012963,2457297.1012963,True
1760679413013474304,1760679413013474369,47,2457367.956301868,137.27406311035156,4.77027702331543,1,101,2457365.1012963,2457369.1012963,True
1760679413013474304,1760679413013474369,47,2457388.6723756595,142.92159271240234,4.887983798980713,2,106,2457385.1012963,2457389.1012963,True
1760679413013474304,1760679413013474369,47,2457564.275656676,138.03780364990234,6.481536149978638,2,150,2457561.1012963,2457565.1012963,True
1760679413013474304,1760679413013474369,47,2457676.227439956,138.90371704101562,5.759076118469238,1,178,2457673.1012963,2457677.1012963,True
1760679413013474304,1760679413013474369,47,2457749.392164389,147.1947021484375,12.357128938039144,3,197,2457749.1012963,2457753.1012963,True
1760679413013474304,1760679413013474369,47,2457762.344380544,137.21870040893555,5.948828816413879,4,200,2457761.1012963,2457765.1012963,True
1760679413013474304,1760679413013474369,47,2457835.3007926857,135.17295837402344,9.031171480814615,3,218,2457833.1012963,2457837.1012963,True
1760679413013474304,1760679413013474369,47,2457924.9955595676,135.99290466308594,8.059191226959229,2,240,2457921.1012963,2457925.1012963,True
1760679413013474304,1760679413013474369,47,2457938.8753168685,134.76578813660518,4.633907272217958,2,244,2457937.1012963,2457941.1012963,
1760679413013474304,1760679413013474369,47,2458037.0725719943,139.01914978027344,5.216839790344238,1,268,2458033.1012963,2458037.1012963,True
1760679413013474304,1760679413013474369,47,2458037.146578826,137.72027587890625,4.686834812164307,1,269,2458037.1012963,2458041.1012963,True
1760679413013474304,1760679413013474369,47,2458055.6477016443,132.0897216796875,4.357720375061035,1,273,2458053.1012963,2458057.1012963,True
1760679413013474304,1760679413013474369,47,2458088.3385531763,138.81063842773438,4.961304187774658,2,281,2458085.1012963,2458089.1012963,True
1760679413013474304,1760679413013474369,47,2458209.335726696,138.8583526611328,6.309838533401489,2,312,2458209.1012963,2458213.1012963,True
1760679413013474304,1760679413013474369,47,2458306.4108627043,135.3046989440918,5.108830213546753,4,336,2458305.1012963,2458309.1012963,True
1760679413013474304,1760679413013474369,47,2458311.9141601315,137.9120393037977,4.804680080124794,4,337,2458309.1012963,2458313.1012963,
1760679413013474304,1760679413013474369,47,2458434.936924899,134.8985137939453,5.960048198699951,1,368,2458433.1012963,2458437.1012963,True
1760679413013474304,1760679413013474369,47,2458464.1370727182,138.05779266357422,4.794041872024536,2,375,2458461.1012963,2458465.1012963,True
1760679413013474304,1760679413013474369,47,2458584.8842741707,132.9406280517578,7.02207350730896,2,405,2458581.1012963,2458585.1012963,True
1760679413013474304,1760679413013474369,47,2458611.380616035,137.40936279296875,4.724114179611206,2,412,2458609.1012963,2458613.1012963,True
1760679413013474304,1760679413013474369,47,2458639.408410036,135.6145477294922,6.671905517578125,1,419,2458637.1012963,2458641.1012963,True
1760679413013474304,1760679413013474369,47,2458772.0429684217,135.71559143066406,4.202441215515137,1,452,2458769.1012963,2458773.1012963,True
1760679413013474304,1760679413013474371,46,2456961.1382991867,108.45235443115234,5.636846542358398,2,0,2456961.1012956174,2456965.1012956174,True
1760679413013474304,1760679413013474371,46,2456988.165258984,100.88790893554688,7.005344867706299,1,6,2456985.1012956174,2456989.1012956174,True
1760679413013474304,1760679413013474371,46,2457013.4109968366,101.94783782958984,5.861660480499268,1,13,2457013.1012956174,2457017.1012956174,True
1760679413013474304,1760679413013474371,46,2457134.584518298,101.42252349853516,5.321657657623291,1,43,2457133.1012956174,2457137.1012956174,True
1760679413013474304,1760679413013474371,46,2457165.146270256,94.307861328125,4.195297718048096,1,51,2457165.1012956174,2457169.1012956174,True
1760679413013474304,1760679413013474371,46,2457289.846220552,99.53589057922363,4.622872948646545,4,82,2457289.1012956174,2457293.1012956174,True
1760679413013474304,1760679413013474371,46,2457295.599638733,98.7739086151123,5.333320140838623,4,83,2457293.1012956174,2457297.1012956174,True
1760679413013474304,1760679413013474371,46,2457367.9563021185,108.36944580078124,7.031855583190918,1,101,2457365.1012956174,2457369.1012956174,True
1760679413013474304,1760679413013474371,46,2457388.7093784777,102.78337097167967,5.526340484619141,1,106,2457385.1012956174,2457389.1012956174,True
1760679413013474304,1760679413013474371,46,2457544.9358153897,105.0887222290039,6.059834957122803,1,145,2457541.1012956174,2457545.1012956174,True
1760679413013474304,1760679413013474371,46,2457749.338135601,101.32537460327148,4.754396677017212,2,197,2457749.1012956174,2457753.1012956174,True
1760679413013474304,1760679413013474371,46,2457762.344380038,104.33100128173828,6.857912063598633,2,200,2457761.1012956174,2457765.1012956174,True
1760679413013474304,1760679413013474371,46,2457835.2003796482,110.07783785827095,13.118722229508588,2,218,2457833.1012956174,2457837.1012956174,
1760679413013474304,1760679413013474371,46,2457848.7578951847,102.63768768310548,5.227753162384033,1,221,2457845.1012956174,2457849.1012956174,True
1760679413013474304,1760679413013474371,46,2457887.063068825,102.45083618164062,5.081708908081055,1,231,2457885.1012956174,2457889.1012956174,True
1760679413013474304,1760679413013474371,46,2457938.875317158,105.53425309805996,4.744773560587073,2,244,2457937.1012956174,2457941.1012956174,
1760679413013474304,1760679413013474371,46,2458037.146578428,103.11759948730467,4.91292142868042,1,269,2458037.1012956174,2458041.1012956174,True
1760679413013474304,1760679413013474371,46,2458088.375555773,104.46639251708984,4.667097568511963,1,281,2458085.1012956174,2458089.1012956174,True
1760679413013474304,1760679413013474371,46,2458209.2106432244,97.76143738101135,10.199821630173632,2,312,2458209.1012956174,2458213.1012956174,
1760679413013474304,1760679413013474371,46,2458230.876106119,103.42298889160156,5.769100666046143,1,317,2458229.1012956174,2458233.1012956174,True
1760679413013474304,1760679413013474371,46,2458306.381504015,100.28847757975261,4.219997406005859,3,336,2458305.1012956174,2458309.1012956174,True
1760679413013474304,1760679413013474371,46,2458311.8601322547,103.37458162152461,3.7187888479510156,3,337,2458309.1012956174,2458313.1012956174,
1760679413013474304,1760679413013474371,46,2458412.1170237074,99.14238739013672,3.755370378494263,1,362,2458409.1012956174,2458413.1012956174,True
1760679413013474304,1760679413013474371,46,2458464.174075395,105.71703338623048,5.286176681518555,1,375,2458461.1012956174,2458465.1012956174,True
1760679413013474304,1760679413013474371,46,2458584.921276768,104.61286926269533,5.285200595855713,1,405,2458581.1012956174,2458585.1012956174,True
1760679413013474304,1760679413013474371,46,2458611.417620349,106.2851104736328,4.534111022949219,1,412,2458609.1012956174,2458613.1012956174,True
1760679413013474304,1760679413013474371,46,2458639.408409717,94.72946166992188,6.2232584953308105,1,419,2458637.1012956174,2458641.1012956174,True
1760679413013474304,1760679413013474371,46,2458772.0429690587,96.30770874023438,6.622984886169434,1,452,2458769.1012956174,2458773.1012956174,True
1760679413013474304,1760679413013474371,46,2458798.2581325467,107.00872039794922,7.019250869750977,1,459,2458797.1012956174,2458801.1012956174,True
1760679413013474304,1760679413013474371,46,2458824.6264674105,95.4742660522461,5.623702526092529,1,465,2458821.1012956174,2458825.1012956174,True
1807003693327705344,1807003693327705409,49,2456992.1648779614,101.21669006347656,6.428009033203125,1,0,2456992.1648779614,2456996.1648779614,True
1807003693327705344,1807003693327705409,49,2457082.4269827334,99.50025939941406,12.609496116638184,1,22,2457080.1648779614,2457084.1648779614,True
1807003693327705344,1807003693327705409,49,2457087.650676123,97.16292114257813,6.6102265357971195,5,23,2457084.1648779614,2457088.1648779614,True
1807003693327705344,1807003693327705409,49,2457283.467673076,100.60748291015625,4.6109771728515625,2,72,2457280.1648779614,2457284.1648779614,True
1807003693327705344,1807003693327705409,49,2457300.0076740663,96.60432434082033,5.470053195953369,1,76,2457296.1648779614,2457300.1648779614,True
1807003693327705344,1807003693327705409,49,2457374.6737424308,100.7637825012207,5.659267783164978,4,95,2457372.1648779614,2457376.1648779614,True
1807003693327705344,1807003693327705409,49,2457385.0005158237,100.31077067057292,5.293381690979004,3,98,2457384.1648779614,2457388.1648779614,True
1807003693327705344,1807003693327705409,49,2457454.0605110503,102.72657775878906,4.643542051315308,2,115,2457452.1648779614,2457456.1648779614,True
1807003693327705344,1807003693327705409,49,2457472.478437124,101.73673248291016,5.2938432693481445,1,120,2457472.1648779614,2457476.1648779614,True
1807003693327705344,1807003693327705409,49,2457546.5151303704,97.62744522094727,5.8507397174835205,2,138,2457544.1648779614,2457548.1648779614,True
1807003693327705344,1807003693327705409,49,2457658.473988808,97.96932220458984,3.712593078613281,1,166,2457656.1648779614,2457660.1648779614,True
1807003693327705344,1807003693327705409,49,2457853.2546612257,97.54232025146484,5.203002452850342,1,215,2457852.1648779614,2457856.1648779614,True
1807003693327705344,1807003693327705409,49,2457927.583136524,98.29502614339192,4.233078241348267,3,233,2457924.1648779614,2457928.1648779614,True
1807003693327705344,1807003693327705409,49,2457932.5861853207,98.58162180582683,5.187167803446452,3,235,2457932.1648779614,2457936.1648779614,True
1807003693327705344,1807003693327705409,49,2458033.8262802297,97.0212631225586,4.922301769256592,1,260,2458032.1648779614,2458036.1648779614,True
1807003693327705344,1807003693327705409,49,2458058.643783593,94.78758239746094,5.24031925201416,1,266,2458056.1648779614,2458060.1648779614,True
1807003693327705344,1807003693327705409,49,2458086.847192847,95.64868545532227,5.846907138824463,2,273,2458084.1648779614,2458088.1648779614,True
1807003693327705344,1807003693327705409,49,2458205.3029984804,93.50205993652344,5.958030223846436,1,303,2458204.1648779614,2458208.1648779614,True
1807003693327705344,1807003693327705409,49,2458233.3697270327,102.18544006347656,9.543971061706545,1,310,2458232.1648779614,2458236.1648779614,True
1807003693327705344,1807003693327705409,49,2458259.788485779,95.32563018798828,6.05550479888916,1,316,2458256.1648779614,2458260.1648779614,True
1807003693327705344,1807003693327705409,49,2458364.577366035,94.25674438476562,6.01853084564209,2,343,2458364.1648779614,2458368.1648779614,True
1807003693327705344,1807003693327705409,49,2458462.6458690967,97.7037582397461,4.714390754699707,2,367,2458460.1648779614,2458464.1648779614,True
1807003693327705344,1807003693327705409,49,2458581.4257137515,97.52276611328124,7.741327285766602,1,397,2458580.1648779614,2458584.1648779614,True
1807003693327705344,1807003693327705409,49,2458613.159809446,94.98112487792967,8.50703239440918,1,405,2458612.1648779614,2458616.1648779614,True
1807003693327705344,1807003693327705409,49,2458768.7841072152,92.84835052490234,3.644071102142334,1,444,2458768.1648779614,2458772.1648779614,True
1816089851251338368,1816089851251338435,50,2456960.1083475216,86.22547149658203,5.261336326599121,1,0,2456960.1083475216,2456964.1083475216,True
1816089851251338368,1816089851251338435,50,2456991.343150338,102.93096923828124,7.177076816558838,1,7,2456988.1083475216,2456992.1083475216,True
1816089851251338368,1816089851251338435,50,2457013.5073393118,78.36943817138672,5.3516905307769775,2,13,2457012.1083475216,2457016.1083475216,True
1816089851251338368,1816089851251338435,50,2457284.720326473,121.85759353637695,4.564159631729126,2,81,2457284.1083475216,2457288.1083475216,True
1816089851251338368,1816089851251338435,50,2457300.011012026,86.60311126708984,5.7302751541137695,1,84,2457296.1083475216,2457300.1083475216,True
1816089851251338368,1816089851251338435,50,2457372.2990589114,129.44450759887695,5.799599885940552,2,103,2457372.1083475216,2457376.1083475216,True
1816089851251338368,1816089851251338435,50,2457388.5849152547,82.34832509358723,5.67102845509847,3,107,2457388.1083475216,2457392.1083475216,True
1816089851251338368,1816089851251338435,50,2457454.057173702,80.87874984741211,6.675027251243591,4,123,2457452.1083475216,2457456.1083475216,True
1816089851251338368,1816089851251338435,50,2457470.4389509475,120.83120727539062,4.421887874603272,2,127,2457468.1083475216,2457472.1083475216,True
1816089851251338368,1816089851251338435,50,2457851.827503189,105.05748748779295,7.403077602386475,1,222,2457848.1083475216,2457852.1083475216,True
1816089851251338368,1816089851251338435,50,2457884.2388999616,82.58492279052734,6.98040771484375,1,231,2457884.1083475216,2457888.1083475216,True
1816089851251338368,1816089851251338435,50,2457925.024302162,85.1107177734375,6.520601272583008,1,241,2457924.1083475216,2457928.1083475216,True
1816089851251338368,1816089851251338435,50,2457935.3671327205,103.86265182495117,4.382061243057251,2,243,2457932.1083475216,2457936.1083475216,True
1816089851251338368,1816089851251338435,50,2458088.0596264843,80.92977142333984,4.368016719818115,1,281,2458084.1083475216,2458088.1083475216,True
1816089851251338368,1816089851251338435,50,2458088.133633282,77.58142852783203,5.929094314575195,1,282,2458088.1083475216,2458092.1083475216,True
1816089851251338368,1816089851251338435,50,2458205.2996615446,83.18602752685547,6.762895584106445,1,311,2458204.1083475216,2458208.1083475216,True
1816089851251338368,1816089851251338435,50,2458232.1193878343,94.94427490234376,5.537204265594482,1,318,2458232.1083475216,2458236.1083475216,True
1816089851251338368,1816089851251338435,50,2458260.3598392624,88.95753479003906,5.14070463180542,1,325,2458260.1083475216,2458264.1083475216,True
1816089851251338368,1816089851251338435,50,2458307.241208937,97.45518493652344,6.6483001708984375,1,336,2458304.1083475216,2458308.1083475216,True
1816089851251338368,1816089851251338435,50,2458464.182338661,85.930419921875,4.558643341064453,1,376,2458464.1083475216,2458468.1083475216,True
1816089851251338368,1816089851251338435,50,2458636.405874005,96.17144775390624,6.80433988571167,1,419,2458636.1083475216,2458640.1083475216,True
1816089851251338368,1816089851251338435,50,2458768.71343551,82.62126159667969,4.568343162536621,1,452,2458768.1083475216,2458772.1083475216,True
1816089851251338368,1816089851251338435,50,2458798.840504208,87.29113006591797,4.851057052612305,1,459,2458796.1083475216,2458800.1083475216,True
1824963803448259456,1824963803448259521,53,2456959.400130189,404.677734375,10.515789270401001,2,0,2456959.3631266705,2456963.3631266705,True
1824963803448259456,1824963803448259521,53,2456994.169461845,410.9372863769531,10.002116203308104,1,8,2456991.3631266705,2456995.3631266705,True
1824963803448259456,1824963803448259521,53,2457013.387954237,404.8575134277344,8.302414894104004,2,13,2457011.3631266705,2457015.3631266705,True
1824963803448259456,1824963803448259521,53,2457075.009944452,414.9020462036133,9.162311792373657,4,28,2457071.3631266705,2457075.3631266705,True
1824963803448259456,1824963803448259521,53,2457091.354906208,405.5914306640625,8.277912139892578,1,32,2457087.3631266705,2457091.3631266705,True
1824963803448259456,1824963803448259521,53,2457091.42891304,410.86322021484375,9.937708854675291,1,33,2457091.3631266705,2457095.3631266705,True
1824963803448259456,1824963803448259521,53,2457129.6607858576,409.48486328125,8.123197555541992,1,42,2457127.3631266705,2457131.3631266705,True
1824963803448259456,1824963803448259521,53,2457282.4713680707,419.46595764160156,8.099301099777222,2,80,2457279.3631266705,2457283.3631266705,True
1824963803448259456,1824963803448259521,53,2457301.759003604,408.1458740234375,7.128913879394531,1,85,2457299.3631266705,2457303.3631266705,True
1824963803448259456,1824963803448259521,53,2457376.737039049,412.1571105957031,9.027747344970702,5,104,2457375.3631266705,2457379.3631266705,True
1824963803448259456,1824963803448259521,53,2457388.1433669804,411.0992431640625,8.937835693359375,5,107,2457387.3631266705,2457391.3631266705,True
1824963803448259456,1824963803448259521,53,2457450.6835887088,420.31321716308594,8.746370315551758,2,122,2457447.3631266705,2457451.3631266705,True
1824963803448259456,1824963803448259521,53,2457472.9740180005,408.2373962402344,8.968660354614258,1,128,2457471.3631266705,2457475.3631266705,True
1824963803448259456,1824963803448259521,53,2457545.348194101,410.5638122558594,8.294130325317383,1,146,2457543.3631266705,2457547.3631266705,True
1824963803448259456,1824963803448259521,53,2457558.514783684,412.3965606689453,7.519758701324463,2,149,2457555.3631266705,2457559.3631266705,True
1824963803448259456,1824963803448259521,53,2457658.0153915035,416.21942138671875,7.329035043716431,2,174,2457655.3631266705,2457659.3631266705,True
1824963803448259456,1824963803448259521,53,2457711.746288704,417.563720703125,7.305820465087891,2,188,2457711.3631266705,2457715.3631266705,True
1824963803448259456,1824963803448259521,53,2457826.7897264212,418.45721435546875,7.250917673110962,2,216,2457823.3631266705,2457827.3631266705,True
1824963803448259456,1824963803448259521,53,2457853.286810616,420.3505340103644,6.677490885967979,2,223,2457851.3631266705,2457855.3631266705,
1824963803448259456,1824963803448259521,53,2457882.2758765593,412.26429748535156,11.407476902008057,2,230,2457879.3631266705,2457883.3631266705,True
1824963803448259456,1824963803448259521,53,2457925.1066837925,403.4461364746094,8.915419340133667,2,241,2457923.3631266705,2457927.3631266705,True
1824963803448259456,1824963803448259521,53,2457932.9859527256,408.77020263671875,9.113788604736328,4,243,2457931.3631266705,2457935.3631266705,True
1824963803448259456,1824963803448259521,53,2457984.9842359046,407.54510498046875,9.910195350646973,3,256,2457983.3631266705,2457987.3631266705,True
1824963803448259456,1824963803448259521,53,2457989.2232789807,411.7814880371094,7.875469207763672,5,257,2457987.3631266705,2457991.3631266705,True
1824963803448259456,1824963803448259521,53,2458033.654976333,408.5706481933594,8.910794258117676,1,268,2458031.3631266705,2458035.3631266705,True
1824963803448259456,1824963803448259521,53,2458087.8521332806,406.04701232910156,7.651397705078125,2,282,2458087.3631266705,2458091.3631266705,True
1824963803448259456,1824963803448259521,53,2458203.088521344,414.3879089355469,8.713091850280762,2,310,2458199.3631266705,2458203.3631266705,True
1824963803448259456,1824963803448259521,53,2458233.0408173674,417.7613220214844,6.882270812988281,1,318,2458231.3631266705,2458235.3631266705,True
1824963803448259456,1824963803448259521,53,2458258.3219529474,405.3381652832031,8.074562311172485,2,324,2458255.3631266705,2458259.3631266705,True
1824963803448259456,1824963803448259521,53,2458358.950705584,414.3216094970703,9.35987901687622,2,349,2458355.3631266705,2458359.3631266705,True
1824963803448259456,1824963803448259521,53,2458369.5264127715,413.41455078125,8.512093385060629,3,352,2458367.3631266705,2458371.3631266705,True
1824963803448259456,1824963803448259521,53,2458409.7014979483,403.3157653808594,8.777926445007324,1,362,2458407.3631266705,2458411.3631266705,True
1824963803448259456,1824963803448259521,53,2458439.9006313514,413.53758239746094,24.797576904296875,2,370,2458439.3631266705,2458443.3631266705,True
1824963803448259456,1824963803448259521,53,2458463.900862371,412.2617492675781,7.287994384765625,2,376,2458463.3631266705,2458467.3631266705,True
1824963803448259456,1824963803448259521,53,2458529.9379588044,416.78978184291293,9.435157230922155,7,392,2458527.3631266705,2458531.3631266705,True
1824963803448259456,1824963803448259521,53,2458612.617925477,424.1658935546875,6.8986430168151855,2,413,2458611.3631266705,2458615.3631266705,True
1824963803448259456,1824963803448259521,53,2458634.1537862057,428.7330627441406,23.151599884033203,1,418,2458631.3631266705,2458635.3631266705,True
1824963803448259456,1824963803448259521,53,2458714.6057125945,415.3546074761285,10.069602966308594,9,438,2458711.3631266705,2458715.3631266705,True
1824963803448259456,1824963803448259521,53,2458717.093511182,412.37485122680664,8.032042860984802,16,439,2458715.3631266705,2458719.3631266705,True
1824963803448259456,1824963803448259521,53,2458766.783157669,428.03564453125,8.766183853149414,1,451,2458763.3631266705,2458767.3631266705,True
1824963803448259456,1824963803448259521,53,2458799.3463481786,406.9312438964844,9.401773452758787,1,459,2458795.3631266705,2458799.3631266705,True
1824963803448259456,1824963803448259521,53,2458819.6245160466,402.36859130859375,8.154706954956055,1,465,2458819.3631266705,2458823.3631266705,True
1824963803448259456,1824963803448259523,52,2456959.4001281476,320.0282745361328,7.449241876602173,2,0,2456959.3631246234,2456963.3631246234,True
1824963803448259456,1824963803448259523,52,2456994.1324560577,326.7872619628906,8.070022106170654,2,8,2456991.3631246234,2456995.3631246234,True
1824963803448259456,1824963803448259523,52,2457013.387952867,321.36402893066406,9.018807411193848,2,13,2457011.3631246234,2457015.3631246234,True
1824963803448259456,1824963803448259523,52,2457075.063973818,323.2470194498698,8.299285888671875,3,28,2457071.3631246234,2457075.3631246234,True
1824963803448259456,1824963803448259523,52,2457091.3549086764,309.8214416503906,5.83498477935791,1,32,2457087.3631246234,2457091.3631246234,True
1824963803448259456,1824963803448259523,52,2457091.428915508,309.9336853027344,9.694005012512209,1,33,2457091.3631246234,2457095.3631246234,True
1824963803448259456,1824963803448259523,52,2457165.8089235174,318.98681640625,7.460537433624268,1,51,2457163.3631246234,2457167.3631246234,True
1824963803448259456,1824963803448259523,52,2457282.471365562,316.1976776123047,8.319909811019897,2,80,2457279.3631246234,2457283.3631246234,True
1824963803448259456,1824963803448259523,52,2457301.759002614,314.1166381835937,8.419844627380371,1,85,2457299.3631246234,2457303.3631246234,True
1824963803448259456,1824963803448259523,52,2457376.7370365486,323.98309326171875,7.686783409118652,5,104,2457375.3631246234,2457379.3631246234,True
1824963803448259456,1824963803448259523,52,2457388.1859977753,319.0246124267578,8.056490500768026,6,107,2457387.3631246234,2457391.3631246234,True
1824963803448259456,1824963803448259523,52,2457450.6835892606,323.13885498046875,9.732501745223999,2,122,2457447.3631246234,2457451.3631246234,True
1824963803448259456,1824963803448259523,52,2457545.3851986937,315.5810852050781,6.4696924686431885,2,146,2457543.3631246234,2457547.3631246234,True
1824963803448259456,1824963803448259523,52,2457558.514786186,311.7358856201172,7.843842029571533,2,149,2457555.3631246234,2457559.3631246234,True
1824963803448259456,1824963803448259523,52,2457658.015389024,318.6472930908203,6.570333003997803,2,174,2457655.3631246234,2457659.3631246234,True
1824963803448259456,1824963803448259523,52,2457711.7092833887,323.0763854980469,7.594510078430176,1,188,2457711.3631246234,2457715.3631246234,True
1824963803448259456,1824963803448259523,52,2457826.789727092,334.19435119628906,30.00581407546997,2,216,2457823.3631246234,2457827.3631246234,True
1824963803448259456,1824963803448259523,52,2457853.2868129024,329.76489889994957,5.203830197214857,2,223,2457851.3631246234,2457855.3631246234,
1824963803448259456,1824963803448259523,52,2457882.312881796,335.1730651855469,9.835693359375,1,230,2457879.3631246234,2457883.3631246234,True
1824963803448259456,1824963803448259523,52,2457925.106684765,319.4160842895508,8.253604769706726,4,241,2457923.3631246234,2457927.3631246234,True
1824963803448259456,1824963803448259523,52,2457932.985954972,318.71412658691406,7.682735204696655,4,243,2457931.3631246234,2457935.3631246234,True
1824963803448259456,1824963803448259523,52,2457985.163345995,324.24420166015625,8.739598830540976,6,256,2457983.3631246234,2457987.3631246234,True
1824963803448259456,1824963803448259523,52,2457989.2909273407,319.38970438639325,7.707712650299072,6,257,2457987.3631246234,2457991.3631246234,True
1824963803448259456,1824963803448259523,52,2458033.654973956,308.8384094238281,10.798909187316896,1,268,2458031.3631246234,2458035.3631246234,True
1824963803448259456,1824963803448259523,52,2458087.889135116,322.5609436035156,8.130763053894043,1,282,2458087.3631246234,2458091.3631246234,True
1824963803448259456,1824963803448259523,52,2458203.0885221744,315.74659729003906,7.775634527206421,2,310,2458199.3631246234,2458203.3631246234,True
1824963803448259456,1824963803448259523,52,2458233.077822905,318.8682098388672,7.384321928024292,2,318,2458231.3631246234,2458235.3631246234,True
1824963803448259456,1824963803448259523,52,2458358.9507035594,324.5628967285156,6.693080186843872,2,349,2458355.3631246234,2458359.3631246234,True
1824963803448259456,1824963803448259523,52,2458369.5264122062,318.3898111979167,8.522552331288656,3,352,2458367.3631246234,2458371.3631246234,True
1824963803448259456,1824963803448259523,52,2458409.664492286,318.4982147216797,6.920016527175903,2,362,2458407.3631246234,2458411.3631246234,True
1824963803448259456,1824963803448259523,52,2458439.9006294063,319.33509826660156,7.405560255050659,2,370,2458439.3631246234,2458443.3631246234,True
1824963803448259456,1824963803448259523,52,2458463.900860944,317.36363220214844,7.043093681335449,2,376,2458463.3631246234,2458467.3631246234,True
1824963803448259456,1824963803448259523,52,2458530.063044831,321.2621765136718,9.093151728312174,6,392,2458527.3631246234,2458531.3631246234,True
1824963803448259456,1824963803448259523,52,2458612.6179273194,321.85618591308594,7.669844150543213,2,413,2458611.3631246234,2458615.3631246234,True
1824963803448259456,1824963803448259523,52,2458634.1537885037,309.2613525390625,6.79534387588501,1,418,2458631.3631246234,2458635.3631246234,True
1824963803448259456,1824963803448259523,52,2458714.541897457,323.0399102105035,9.453933662838406,9,438,2458711.3631246234,2458715.3631246234,True
1824963803448259456,1824963803448259523,52,2458716.99194511,317.5326629638672,8.34686529636383,20,439,2458715.3631246234,2458719.3631246234,True
1824963803448259456,1824963803448259523,52,2458766.783156623,325.7367553710937,8.011054039001465,1,451,2458763.3631246234,2458767.3631246234,True
1824963803448259456,1824963803448259523,52,2458799.346346359,312.9903564453125,6.941257476806641,1,459,2458795.3631246234,2458799.3631246234,True
1824963803448259456,1824963803448259523,52,2458819.6245137374,315.9040832519531,6.873525619506836,1,465,2458819.3631246234,2458823.3631246234,True
1824963803448259456,1824963803448259525,54,2456994.169460582,68.14893341064453,4.774977207183838,1,0,2456994.169460582,2456998.169460582,True
1824963803448259456,1824963803448259525,54,2457013.424956965,78.35054016113281,6.371992588043213,1,4,2457010.169460582,2457014.169460582,True
1824963803448259456,1824963803448259525,54,2457075.04694838,82.53789901733398,17.69521737098694,2,20,2457074.169460582,2457078.169460582,True
1824963803448259456,1824963803448259525,54,2457091.42891436,75.31273651123047,7.254361629486084,1,24,2457090.169460582,2457094.169460582,True
1824963803448259456,1824963803448259525,54,2457282.508370292,78.73992919921875,4.427794456481934,1,72,2457282.169460582,2457286.169460582,True
1824963803448259456,1824963803448259525,54,2457301.7590030003,76.4159164428711,4.268650054931641,1,76,2457298.169460582,2457302.169460582,True
1824963803448259456,1824963803448259525,54,2457376.8587154183,79.12103780110677,6.015626112620036,3,95,2457374.169460582,2457378.169460582,True
1824963803448259456,1824963803448259525,54,2457388.2230010224,83.85114288330078,6.706748962402344,1,98,2457386.169460582,2457390.169460582,True
1824963803448259456,1824963803448259525,54,2457450.683589068,84.34814834594727,6.159736633300781,2,114,2457450.169460582,2457454.169460582,True
1824963803448259456,1824963803448259525,54,2457658.015390195,81.33110427856445,3.63687539100647,2,165,2457654.169460582,2457658.169460582,True
1824963803448259456,1824963803448259525,54,2457711.7832914605,78.36891174316406,4.3980255126953125,1,179,2457710.169460582,2457714.169460582,True
1824963803448259456,1824963803448259525,54,2457932.7727938136,77.98640441894531,3.861653089523315,1,234,2457930.169460582,2457934.169460582,True
1824963803448259456,1824963803448259525,54,2457989.2909290395,80.98825454711914,5.154119253158569,2,248,2457986.169460582,2457990.169460582,True
1824963803448259456,1824963803448259525,54,2458203.125525414,76.4212646484375,7.235526561737059,1,302,2458202.169460582,2458206.169460582,True
1824963803448259456,1824963803448259525,54,2458233.1148253707,72.64877319335938,4.260705471038818,1,309,2458230.169460582,2458234.169460582,True
1824963803448259456,1824963803448259525,54,2458358.91370123,72.52520751953125,5.553860664367676,1,341,2458358.169460582,2458362.169460582,True
1824963803448259456,1824963803448259525,54,2458463.863858324,74.09276580810547,5.93318510055542,1,367,2458462.169460582,2458466.169460582,True
1824963803448259456,1824963803448259525,54,2458529.437620777,75.84165954589844,3.925455331802368,1,383,2458526.169460582,2458530.169460582,True
1824963803448259456,1824963803448259525,54,2458612.5809230395,76.17721557617188,4.366664886474609,1,404,2458610.169460582,2458614.169460582,True
1824963803448259456,1824963803448259525,54,2458634.153787457,75.84111785888672,4.22663164138794,1,409,2458630.169460582,2458634.169460582,True
1824963803448259456,1824963803448259525,54,2458716.1237717783,78.14915161132812,5.113655948638916,5,430,2458714.169460582,2458718.169460582,True
1824963803448259456,1824963803448259525,54,2458718.5799687635,85.40043640136719,7.098344802856445,2,431,2458718.169460582,2458722.169460582,True
1838547406315860864,1838547406315860929,55,2456989.0961800003,847.19873046875,14.75973892211914,1,0,2456989.0961800003,2456993.0961800003,True
1838547406315860864,1838547406315860929,55,2457015.6274688374,859.1073303222656,11.917089939117432,2,6,2457013.0961800003,2457017.0961800003,True
1838547406315860864,1838547406315860929,55,2457133.0801370232,842.3097534179688,13.057891845703123,1,35,2457129.0961800003,2457133.0961800003,True
1838547406315860864,1838547406315860929,55,2457163.642483712,857.8662719726562,10.768162727355955,1,43,2457161.0961800003,2457165.0961800003,True
1838547406315860864,1838547406315860929,55,2457288.6001535133,849.740234375,12.225677251815796,4,74,2457285.0961800003,2457289.0961800003,True
1838547406315860864,1838547406315860929,55,2457298.479783732,859.5172729492188,11.56500244140625,2,77,2457297.0961800003,2457301.0961800003,True
1838547406315860864,1838547406315860929,55,2457368.674498204,836.9489135742188,8.780259609222412,2,94,2457365.0961800003,2457369.0961800003,True
1838547406315860864,1838547406315860929,55,2457391.426138444,868.1983642578125,10.014131546020508,2,100,2457389.0961800003,2457393.0961800003,True
1838547406315860864,1838547406315860929,55,2457543.4324804563,822.2799072265625,20.29453468322754,1,138,2457541.0961800003,2457545.0961800003,True
1838547406315860864,1838547406315860929,55,2457564.1455947077,849.58984375,10.619311332702637,2,143,2457561.0961800003,2457565.0961800003,True
1838547406315860864,1838547406315860929,55,2457677.80570346,848.0254516601562,9.14863109588623,1,172,2457677.0961800003,2457681.0961800003,True
1838547406315860864,1838547406315860929,55,2457749.4682062995,844.6896362304688,10.354393482208252,2,190,2457749.0961800003,2457753.0961800003,True
1838547406315860864,1838547406315860929,55,2457766.5994517747,868.4270324707031,12.522763729095459,4,194,2457765.0961800003,2457769.0961800003,True
1838547406315860864,1838547406315860929,55,2457831.532476767,854.6399688720703,10.948132514953613,4,210,2457829.0961800003,2457833.0961800003,True
1838547406315860864,1838547406315860929,55,2457847.789432113,851.1361999511719,9.973376274108887,2,214,2457845.0961800003,2457849.0961800003,True
1838547406315860864,1838547406315860929,55,2457885.984495428,849.2764282226562,12.44350528717041,1,224,2457885.0961800003,2457889.0961800003,True
1838547406315860864,1838547406315860929,55,2457922.9922057334,863.760498046875,11.70805311203003,2,233,2457921.0961800003,2457925.0961800003,True
1838547406315860864,1838547406315860929,55,2457939.4958489877,862.3541564941406,11.270894050598145,2,237,2457937.0961800003,2457941.0961800003,True
1838547406315860864,1838547406315860929,55,2458056.902035788,859.4200439453125,10.30030918121338,1,266,2458053.0961800003,2458057.0961800003,True
1838547406315860864,1838547406315860929,55,2458089.8420286197,860.8318786621094,10.51337480545044,2,275,2458089.0961800003,2458093.0961800003,True
1838547406315860864,1838547406315860929,55,2458135.6099117533,856.3644939920176,11.825575745624045,23,286,2458133.0961800003,2458137.0961800003,True
1838547406315860864,1838547406315860929,55,2458138.0819310807,862.6972427368164,11.227004289627075,16,287,2458137.0961800003,2458141.0961800003,True
1838547406315860864,1838547406315860929,55,2458206.901917388,862.3105875651041,12.844559033711752,3,304,2458205.0961800003,2458209.0961800003,True
1838547406315860864,1838547406315860929,55,2458229.547204777,854.4529418945312,9.54954719543457,1,310,2458229.0961800003,2458233.0961800003,True
1838547406315860864,1838547406315860929,55,2458262.356269623,860.8070678710938,9.859930038452148,1,318,2458261.0961800003,2458265.0961800003,True
1838547406315860864,1838547406315860929,55,2458302.906566276,867.7092895507812,9.86330509185791,2,328,2458301.0961800003,2458305.0961800003,True
1838547406315860864,1838547406315860929,55,2458314.161445807,859.0185241699219,9.435057163238525,2,331,2458313.0961800003,2458317.0961800003,True
1838547406315860864,1838547406315860929,55,2458436.117598011,868.3970947265625,13.184209823608398,1,361,2458433.0961800003,2458437.0961800003,True
1838547406315860864,1838547406315860929,55,2458583.0048012603,855.6311950683594,14.190113544464111,2,398,2458581.0961800003,2458585.0961800003,True
1838547406315860864,1838547406315860929,55,2458609.8762539,855.68701171875,11.779228687286377,2,405,2458609.0961800003,2458613.0961800003,True
1838547406315860864,1838547406315860929,55,2458638.616376579,851.0166931152344,11.188767433166504,2,412,2458637.0961800003,2458641.0961800003,True
1838547406315860864,1838547406315860929,55,2458770.2580577247,853.633544921875,11.558309555053711,2,445,2458769.0961800003,2458773.0961800003,True
1838547406315860864,1838547406315860929,55,2458823.8805311634,856.015380859375,12.70468044281006,1,458,2458821.0961800003,2458825.0961800003,True
1838547406315860864,1838547406315860929,55,2458867.759040522,864.725103469122,10.985712550935292,21,469,2458865.0961800003,2458869.0961800003,True
1838547406315860864,1838547406315860929,55,2458869.2697670385,848.8471883138021,10.582219441731771,3,470,2458869.0961800003,2458873.0961800003,True
1838547406315860864,1838547406315860931,56,2457015.6274689734,89.76404571533203,5.093445539474487,2,0,2457015.5904651936,2457019.5904651936,True
1838547406315860864,1838547406315860931,56,2457288.4750720034,93.3116226196289,6.0909833908081055,2,68,2457287.5904651936,2457291.5904651936,True
1838547406315860864,1838547406315860931,56,2457368.637495152,92.69535064697266,5.862200736999512,1,88,2457367.5904651936,2457371.5904651936,True
1838547406315860864,1838547406315860931,56,2457391.4631423485,84.19263458251953,4.347681522369385,1,93,2457387.5904651936,2457391.5904651936,True
1838547406315860864,1838547406315860931,56,2457543.4324802514,87.89095306396484,3.678260087966919,1,131,2457539.5904651936,2457543.5904651936,True
1838547406315860864,1838547406315860931,56,2457564.1455941396,92.73002243041992,4.618834495544434,2,137,2457563.5904651936,2457567.5904651936,True
1838547406315860864,1838547406315860931,56,2457749.4682068564,93.61425399780273,5.05197548866272,2,183,2457747.5904651936,2457751.5904651936,True
1838547406315860864,1838547406315860931,56,2457766.761537977,86.7564468383789,5.936226844787598,1,187,2457763.5904651936,2457767.5904651936,True
1838547406315860864,1838547406315860931,56,2457831.7456372743,91.3058624267578,8.408284187316895,1,204,2457831.5904651936,2457835.5904651936,True
1838547406315860864,1838547406315860931,56,2457847.789431573,87.18049240112305,4.9396326541900635,2,208,2457847.5904651936,2457851.5904651936,True
1838547406315860864,1838547406315860931,56,2457885.98449495,84.93877410888672,5.61168098449707,1,217,2457883.5904651936,2457887.5904651936,True
1838547406315860864,1838547406315860931,56,2458089.879032132,85.82463836669922,5.156186103820801,1,268,2458087.5904651936,2458091.5904651936,True
1838547406315860864,1838547406315860931,56,2458134.7124340553,88.00767771402995,5.143021782239278,6,279,2458131.5904651936,2458135.5904651936,True
1838547406315860864,1838547406315860931,56,2458137.4565090146,105.3679564081254,6.39068708695561,13,280,2458135.5904651936,2458139.5904651936,
1838547406315860864,1838547406315860931,56,2458206.8678671485,92.52619934082033,4.5159912109375,1,297,2458203.5904651936,2458207.5904651936,True
1838547406315860864,1838547406315860931,56,2458314.1614453522,87.86972045898438,4.6930248737335205,2,324,2458311.5904651936,2458315.5904651936,True
1838547406315860864,1838547406315860931,56,2458609.8392502964,96.39794921875,5.025247573852539,1,398,2458607.5904651936,2458611.5904651936,True
1838547406315860864,1838547406315860931,56,2458638.653379442,91.34612274169922,5.978152275085449,1,405,2458635.5904651936,2458639.5904651936,True
1838547406315860864,1838547406315860931,56,2458796.834482561,83.13484142731092,4.01352937920333,1,445,2458795.5904651936,2458799.5904651936,False
1838547406315860864,1838547406315860931,56,2458823.880531721,83.77374267578125,4.3013434410095215,1,452,2458823.5904651936,2458827.5904651936,True
1838547406315860864,1838547406315860931,56,2458866.483892173,89.9552993774414,5.493904113769531,1,462,2458863.5904651936,2458867.5904651936,True
1838547406315860864,1838547406315860931,56,2458868.6573581053,90.21559361049107,5.801479816436768,7,463,2458867.5904651936,2458871.5904651936,True
1896043862922069632,1896043862922069697,57,2457017.584033436,95.08557891845705,4.505041599273682,1,13,2457017.1778120184,2457021.1778120184,True
1896043862922069632,1896043862922069697,57,2457161.146786928,94.36830139160156,4.622660160064697,1,48,2457157.1778120184,2457161.1778120184,True
1896043862922069632,1896043862922069697,57,2457234.70979388,98.37708282470703,5.44600788752238,3,67,2457233.1778120184,2457237.1778120184,True
1896043862922069632,1896043862922069697,57,2457241.096082965,96.28547668457033,4.063669681549072,1,68,2457237.1778120184,2457241.1778120184,True
1896043862922069632,1896043862922069697,57,2457241.43432538,98.68756866455078,5.526404619216919,2,69,2457241.1778120184,2457245.1778120184,True
1896043862922069632,1896043862922069697,57,2457340.6489982465,96.6562728881836,4.266769886016846,1,93,2457337.1778120184,2457341.1778120184,True
1896043862922069632,1896043862922069697,57,2457365.9278986435,99.6633415222168,7.032208204269409,2,100,2457365.1778120184,2457369.1778120184,True
1896043862922069632,1896043862922069697,57,2457393.419457374,95.10504913330078,5.833145618438721,2,107,2457393.1778120184,2457397.1778120184,True
1896043862922069632,1896043862922069697,57,2457667.896095413,97.05535507202148,4.317711353302002,2,175,2457665.1778120184,2457669.1778120184,True
1896043862922069632,1896043862922069697,57,2457745.255682287,96.71585083007812,4.975188732147217,1,195,2457745.1778120184,2457749.1778120184,True
1896043862922069632,1896043862922069697,57,2457943.284226126,95.6552734375,4.418882846832275,1,244,2457941.1778120184,2457945.1778120184,True
1896043862922069632,1896043862922069697,57,2458055.084571876,93.0522918701172,5.808013916015625,1,272,2458053.1778120184,2458057.1778120184,True
1896043862922069632,1896043862922069697,57,2458125.605782696,93.0924835205078,3.748457431793213,1,290,2458125.1778120184,2458129.1778120184,True
1896043862922069632,1896043862922069697,57,2458144.823978355,96.03534698486328,6.231245756149292,2,294,2458141.1778120184,2458145.1778120184,True
1896043862922069632,1896043862922069697,57,2458210.50429579,98.11413319905598,6.078310489654541,3,311,2458209.1778120184,2458213.1778120184,True
1896043862922069632,1896043862922069697,57,2458223.7072120383,96.9473991394043,5.513407230377197,2,314,2458221.1778120184,2458225.1778120184,True
1896043862922069632,1896043862922069697,57,2458264.601313511,92.73951721191406,3.84060001373291,1,324,2458261.1778120184,2458265.1778120184,True
1896043862922069632,1896043862922069697,57,2458318.827840989,99.47894287109376,4.4648051261901855,1,338,2458317.1778120184,2458321.1778120184,True
1896043862922069632,1896043862922069697,57,2458434.1234688577,96.87078094482422,8.21924877166748,1,367,2458433.1778120184,2458437.1778120184,True
1896043862922069632,1896043862922069697,57,2458467.8843637723,96.46270751953125,4.730788469314575,2,375,2458465.1778120184,2458469.1778120184,True
1896043862922069632,1896043862922069697,57,2458508.20344379,96.6962776184082,4.16470193862915,2,385,2458505.1778120184,2458509.1778120184,True
1896043862922069632,1896043862922069697,57,2458518.746352637,103.50227355957031,6.317337989807129,2,388,2458517.1778120184,2458521.1778120184,True
1896043862922069632,1896043862922069697,57,2458585.336345792,91.7479019165039,4.939803123474121,1,405,2458585.1778120184,2458589.1778120184,True
1896043862922069632,1896043862922069697,57,2458641.1494227867,97.3840103149414,4.669981479644775,1,418,2458637.1778120184,2458641.1778120184,True
1896043862922069632,1896043862922069697,57,2458680.614443334,101.42853546142578,5.014248847961426,1,428,2458677.1778120184,2458681.1778120184,True
1896043862922069632,1896043862922069697,57,2458693.768806096,96.37442270914714,4.617709477742513,3,432,2458693.1778120184,2458697.1778120184,True
1896043862922069632,1896043862922069697,57,2458703.918225363,96.30621846516927,4.276138782501221,3,434,2458701.1778120184,2458705.1778120184,True
1896043862922069632,1896043862922069697,57,2458772.613273005,99.70676167805989,5.747618993123372,3,451,2458769.1778120184,2458773.1778120184,True
1896043862922069632,1896043862922069697,57,2458793.5777661675,98.4989242553711,4.005373954772949,1,457,2458793.1778120184,2458797.1778120184,True
1896043862922069632,1896043862922069697,57,2458826.3877149224,97.88720703125,4.259123802185059,1,465,2458825.1778120184,2458829.1778120184,True
1896043862922069632,1896043862922069697,57,2458863.473846741,89.60008239746094,5.203745365142822,1,474,2458861.1778120184,2458865.1778120184,True
1905161971117186176,1905161971117186241,59,2456869.3107884573,638.334490094866,10.479251452854701,7,0,2456868.888486331,2456872.888486331,True
1905161971117186176,1905161971117186241,59,2456967.35649244,644.1793823242188,9.009638786315918,1,24,2456964.888486331,2456968.888486331,True
1905161971117186176,1905161971117186241,59,2456986.430281556,594.5802001953125,8.569887161254883,1,29,2456984.888486331,2456988.888486331,True
1905161971117186176,1905161971117186241,59,2457019.4064993807,564.4375610351562,7.103076457977295,1,37,2457016.888486331,2457020.888486331,True
1905161971117186176,1905161971117186241,59,2457060.658564883,595.842724609375,21.247107696533202,5,47,2457056.888486331,2457060.888486331,True
1905161971117186176,1905161971117186241,59,2457072.232607011,556.8737284342448,10.485025723775228,6,50,2457068.888486331,2457072.888486331,True
1905161971117186176,1905161971117186241,59,2457135.1760835457,548.9344685872396,10.297541936238607,3,66,2457132.888486331,2457136.888486331,True
1905161971117186176,1905161971117186241,59,2457158.6083855834,533.6520080566406,9.981823444366455,2,72,2457156.888486331,2457160.888486331,True
1905161971117186176,1905161971117186241,59,2457231.8440836365,634.6849365234375,9.38469696044922,1,90,2457228.888486331,2457232.888486331,True
1905161971117186176,1905161971117186241,59,2457245.061752785,685.3917846679688,9.817975521087646,2,94,2457244.888486331,2457248.888486331,True
1905161971117186176,1905161971117186241,59,2457365.3077902766,750.4148864746094,9.814533233642578,2,124,2457364.888486331,2457368.888486331,True
1905161971117186176,1905161971117186241,59,2457395.417682859,799.1178894042969,10.549080848693848,2,131,2457392.888486331,2457396.888486331,True
1905161971117186176,1905161971117186241,59,2457539.187979899,855.54345703125,12.050931930541992,1,167,2457536.888486331,2457540.888486331,True
1905161971117186176,1905161971117186241,59,2457568.603894399,811.9308471679688,10.176310539245604,1,174,2457564.888486331,2457568.888486331,True
1905161971117186176,1905161971117186241,59,2457611.596328355,862.5780334472656,11.205875873565674,2,185,2457608.888486331,2457612.888486331,True
1905161971117186176,1905161971117186241,59,2457619.671657984,871.0491739908854,11.574029604593912,3,187,2457616.888486331,2457620.888486331,True
1905161971117186176,1905161971117186241,59,2457670.1526368456,878.9203948974609,10.483584880828857,4,200,2457668.888486331,2457672.888486331,True
1905161971117186176,1905161971117186241,59,2457675.709908566,863.5568237304688,12.156338373819986,3,201,2457672.888486331,2457676.888486331,True
1905161971117186176,1905161971117186241,59,2457744.4360929253,846.44677734375,10.864795684814451,1,218,2457740.888486331,2457744.888486331,True
1905161971117186176,1905161971117186241,59,2457771.46617431,842.8063659667969,11.109565258026123,2,225,2457768.888486331,2457772.888486331,True
1905161971117186176,1905161971117186241,59,2457888.38544851,717.4751892089844,10.833282470703125,2,254,2457884.888486331,2457888.888486331,True
1905161971117186176,1905161971117186241,59,2457944.7441977724,674.58740234375,10.051859855651855,2,268,2457940.888486331,2457944.888486331,True
1905161971117186176,1905161971117186241,59,2458043.997610245,638.3724365234375,10.031038999557495,4,293,2458040.888486331,2458044.888486331,True
1905161971117186176,1905161971117186241,59,2458055.127171155,650.1438293457031,9.844156742095947,2,296,2458052.888486331,2458056.888486331,True
1905161971117186176,1905161971117186241,59,2458093.799242902,669.4959716796875,10.12001132965088,1,306,2458092.888486331,2458096.888486331,True
1905161971117186176,1905161971117186241,59,2458123.8217608286,671.1043395996094,9.202366828918457,2,313,2458120.888486331,2458124.888486331,True
1905161971117186176,1905161971117186241,59,2458147.5722200777,619.1186218261719,10.914825439453127,2,319,2458144.888486331,2458148.888486331,True
1905161971117186176,1905161971117186241,59,2458211.6445530644,611.190669133113,10.646845047290508,13,335,2458208.888486331,2458212.888486331,True
1905161971117186176,1905161971117186241,59,2458216.7280374677,619.5418090820312,11.934171358744303,3,336,2458212.888486331,2458216.888486331,True
1905161971117186176,1905161971117186241,59,2458217.522769183,622.8400404188368,9.648641692267525,9,337,2458216.888486331,2458220.888486331,True
1905161971117186176,1905161971117186241,59,2458265.096170573,643.62548828125,8.78217887878418,1,349,2458264.888486331,2458268.888486331,True
1905161971117186176,1905161971117186241,59,2458320.752064646,624.031494140625,14.091348648071287,1,362,2458316.888486331,2458320.888486331,True
1905161971117186176,1905161971117186241,59,2458418.662834353,641.3752136230469,9.696403980255127,2,387,2458416.888486331,2458420.888486331,True
1905161971117186176,1905161971117186241,59,2458433.9528875924,646.42529296875,9.094952583312988,1,391,2458432.888486331,2458436.888486331,True
1905161971117186176,1905161971117186241,59,2458469.633323333,612.5380859375,8.483350992202759,2,400,2458468.888486331,2458472.888486331,True
1905161971117186176,1905161971117186241,59,2458504.240294857,608.7821960449219,11.302662372589111,2,408,2458500.888486331,2458504.888486331,True
1905161971117186176,1905161971117186241,59,2458523.4959912114,633.8467712402344,18.46227216720581,4,413,2458520.888486331,2458524.888486331,True
1905161971117186176,1905161971117186241,59,2458585.3677567225,617.9357757568359,9.900804877281189,4,429,2458584.888486331,2458588.888486331,True
1905161971117186176,1905161971117186241,59,2458603.12484808,610.9748229980469,11.222079277038574,2,433,2458600.888486331,2458604.888486331,True
1905161971117186176,1905161971117186241,59,2458641.820593216,649.4000244140625,9.059329986572266,1,443,2458640.888486331,2458644.888486331,True
1905161971117186176,1905161971117186241,59,2458678.61639579,672.47412109375,8.414779663085938,1,452,2458676.888486331,2458680.888486331,True
1905161971117186176,1905161971117186241,59,2458689.1678159786,727.1715698242188,9.399823665618896,2,455,2458688.888486331,2458692.888486331,True
1905161971117186176,1905161971117186241,59,2458709.275557882,770.7006225585938,10.016174793243408,2,460,2458708.888486331,2458712.888486331,True
1905161971117186176,1905161971117186241,59,2458772.5231421385,844.8212890625,87.33986616134644,2,475,2458768.888486331,2458772.888486331,True
1905161971117186176,1905161971117186241,59,2458790.4689969243,824.7559814453125,10.734530766805014,3,480,2458788.888486331,2458792.888486331,True
1905161971117186176,1905161971117186241,59,2458861.682394179,904.107666015625,9.857781410217285,2,498,2458860.888486331,2458864.888486331,True
1905161971117186176,1905161971117186243,60,2456869.3518128544,128.62198638916016,5.504410028457642,2,0,2456869.0646447134,2456873.0646447134,True
1905161971117186176,1905161971117186243,60,2456967.356492258,128.10116577148438,4.630091190338135,1,24,2456965.0646447134,2456969.0646447134,True
1905161971117186176,1905161971117186243,60,2456986.4302803045,123.67292785644533,5.272605895996094,1,29,2456985.0646447134,2456989.0646447134,True
1905161971117186176,1905161971117186243,60,2457019.3694965504,129.46409606933594,5.976186275482178,2,37,2457017.0646447134,2457021.0646447134,True
1905161971117186176,1905161971117186243,60,2457060.696854377,134.61480204264322,5.502806822458903,3,47,2457057.0646447134,2457061.0646447134,True
1905161971117186176,1905161971117186243,60,2457072.232608035,132.0776049296061,6.535832246144612,6,50,2457069.0646447134,2457073.0646447134,True
1905161971117186176,1905161971117186243,60,2457135.1760848537,133.5589599609375,6.418556372324626,3,66,2457133.0646447134,2457137.0646447134,True
1905161971117186176,1905161971117186243,60,2457231.844082624,127.0533218383789,6.638198375701904,1,90,2457229.0646447134,2457233.0646447134,True
1905161971117186176,1905161971117186243,60,2457245.024749432,126.9873504638672,6.5655388832092285,1,93,2457241.0646447134,2457245.0646447134,True
1905161971117186176,1905161971117186243,60,2457245.0987560586,127.42920684814452,5.526507377624512,1,94,2457245.0646447134,2457249.0646447134,True
1905161971117186176,1905161971117186243,60,2457365.3077890994,128.75149154663086,6.537909746170044,2,124,2457365.0646447134,2457369.0646447134,True
1905161971117186176,1905161971117186243,60,2457395.417683741,126.7148323059082,5.313690662384033,2,131,2457393.0646447134,2457397.0646447134,True
1905161971117186176,1905161971117186243,60,2457568.6038954,128.36819458007812,6.258169651031494,1,174,2457565.0646447134,2457569.0646447134,True
1905161971117186176,1905161971117186243,60,2457611.596327308,133.26797485351562,5.318474292755127,2,185,2457609.0646447134,2457613.0646447134,True
1905161971117186176,1905161971117186243,60,2457619.563600101,128.87535095214844,5.0505900382995605,1,187,2457617.0646447134,2457621.0646447134,True
1905161971117186176,1905161971117186243,60,2457670.152635685,128.65797805786133,5.432580590248108,4,200,2457669.0646447134,2457673.0646447134,True
1905161971117186176,1905161971117186243,60,2457675.6928823274,124.69352340698242,4.91267466545105,2,201,2457673.0646447134,2457677.0646447134,True
1905161971117186176,1905161971117186243,60,2457771.4661752773,132.62216186523438,6.933028221130371,2,225,2457769.0646447134,2457773.0646447134,True
1905161971117186176,1905161971117186243,60,2457888.385449783,128.6981086730957,6.776249170303344,2,254,2457885.0646447134,2457889.0646447134,True
1905161971117186176,1905161971117186243,60,2457944.7441986143,130.30287170410156,4.828839063644409,2,268,2457941.0646447134,2457945.0646447134,True
1905161971117186176,1905161971117186243,60,2458043.9606059645,128.65994262695312,7.049269437789917,2,293,2458041.0646447134,2458045.0646447134,True
1905161971117186176,1905161971117186243,60,2458093.799243425,128.8583984375,4.927330493927002,1,306,2458093.0646447134,2458097.0646447134,True
1905161971117186176,1905161971117186243,60,2458123.8217599355,132.4147720336914,5.423335075378418,2,313,2458121.0646447134,2458125.0646447134,True
1905161971117186176,1905161971117186243,60,2458147.535217772,129.87582397460938,5.073132514953613,1,319,2458145.0646447134,2458149.0646447134,True
1905161971117186176,1905161971117186243,60,2458211.7267796802,129.7936658859253,6.368346810340881,8,335,2458209.0646447134,2458213.0646447134,True
1905161971117186176,1905161971117186243,60,2458216.786757386,126.59164047241211,7.483910799026489,2,336,2458213.0646447134,2458217.0646447134,True
1905161971117186176,1905161971117186243,60,2458217.6576392087,129.4054094950358,4.92950701713562,6,337,2458217.0646447134,2458221.0646447134,True
1905161971117186176,1905161971117186243,60,2458265.096171802,128.4055938720703,5.462698936462402,1,349,2458265.0646447134,2458269.0646447134,True
1905161971117186176,1905161971117186243,60,2458299.076766576,127.69537353515624,5.67648458480835,1,357,2458297.0646447134,2458301.0646447134,True
1905161971117186176,1905161971117186243,60,2458320.752065272,129.85525512695312,6.498147487640381,1,362,2458317.0646447134,2458321.0646447134,True
1905161971117186176,1905161971117186243,60,2458418.699837069,127.11454010009766,4.0750813484191895,1,387,2458417.0646447134,2458421.0646447134,True
1905161971117186176,1905161971117186243,60,2458433.9528863183,131.80056762695312,4.326519966125488,1,391,2458433.0646447134,2458437.0646447134,True
1905161971117186176,1905161971117186243,60,2458469.670327425,131.73133850097656,4.247496128082275,1,400,2458469.0646447134,2458473.0646447134,True
1905161971117186176,1905161971117186243,60,2458504.240294283,133.6669692993164,6.024681329727173,2,408,2458501.0646447134,2458505.0646447134,True
1905161971117186176,1905161971117186243,60,2458523.49599226,132.25006866455078,7.1741578578948975,4,413,2458521.0646447134,2458525.0646447134,True
1905161971117186176,1905161971117186243,60,2458585.3677580217,126.57083511352539,6.954073786735535,4,429,2458585.0646447134,2458589.0646447134,True
1905161971117186176,1905161971117186243,60,2458603.1618516496,136.9071044921875,8.510449409484863,1,433,2458601.0646447134,2458605.0646447134,True
1905161971117186176,1905161971117186243,60,2458641.8205943992,129.1945037841797,5.827613830566406,1,443,2458641.0646447134,2458645.0646447134,True
1905161971117186176,1905161971117186243,60,2458678.61639488,128.3560028076172,8.844602584838867,1,452,2458677.0646447134,2458681.0646447134,True
1905161971117186176,1905161971117186243,60,2458709.27555683,133.6432647705078,6.0937886238098145,2,460,2458709.0646447134,2458713.0646447134,True
1905161971117186176,1905161971117186243,60,2458772.523140842,132.95641326904297,5.615586042404175,2,475,2458769.0646447134,2458773.0646447134,True
1905161971117186176,1905161971117186243,60,2458790.4689966473,129.88548787434897,6.035652319590251,3,480,2458789.0646447134,2458793.0646447134,True
1905161971117186176,1905161971117186243,60,2458861.6823951006,126.85748672485352,6.152458429336548,2,498,2458861.0646447134,2458865.0646447134,True
1981625793581429632,1981625793581429697,61,2456969.148413905,362.2576599121094,7.662246942520142,2,0,2456969.111410335,2456973.111410335,True
1981625793581429632,1981625793581429697,61,2456986.899550635,362.70233154296875,7.45105242729187,2,4,2456985.111410335,2456989.111410335,True
1981625793581429632,1981625793581429697,61,2457021.4067787025,362.4880981445313,6.4435811042785645,1,13,2457021.111410335,2457025.111410335,True
1981625793581429632,1981625793581429697,61,2457056.727095022,361.84825134277344,7.811755895614624,2,21,2457053.111410335,2457057.111410335,True
1981625793581429632,1981625793581429697,61,2457077.4532539467,363.3133036295573,10.22215747833252,3,27,2457077.111410335,2457081.111410335,True
1981625793581429632,1981625793581429697,61,2457133.223335257,364.52430725097656,7.869668006896973,2,41,2457133.111410335,2457137.111410335,True
1981625793581429632,1981625793581429697,61,2457155.8538643834,360.95591735839844,8.00377607345581,2,46,2457153.111410335,2457157.111410335,True
1981625793581429632,1981625793581429697,61,2457229.5580606153,363.9541778564453,7.993692398071289,2,65,2457229.111410335,2457233.111410335,True
1981625793581429632,1981625793581429697,61,2457247.5603048587,365.87181091308594,6.95941948890686,2,69,2457245.111410335,2457249.111410335,True
1981625793581429632,1981625793581429697,61,2457294.5920364745,352.4662272135417,8.402662913004557,3,81,2457293.111410335,2457297.111410335,True
1981625793581429632,1981625793581429697,61,2457300.1246245215,370.7319030761719,10.330614805221558,2,82,2457297.111410335,2457301.111410335,True
1981625793581429632,1981625793581429697,61,2457344.478209517,356.69976806640625,9.28590488433838,1,93,2457341.111410335,2457345.111410335,True
1981625793581429632,1981625793581429697,61,2457365.4389210907,363.9881286621094,8.065924882888794,2,99,2457365.111410335,2457369.111410335,True
1981625793581429632,1981625793581429697,61,2457397.6674718307,360.01341247558594,7.166081666946411,2,107,2457397.111410335,2457401.111410335,True
1981625793581429632,1981625793581429697,61,2457438.3994416175,362.2457962036133,8.164124608039856,4,117,2457437.111410335,2457441.111410335,True
1981625793581429632,1981625793581429697,61,2457454.8191299164,352.0548553466797,12.681317806243896,2,121,2457453.111410335,2457457.111410335,True
1981625793581429632,1981625793581429697,61,2457536.861303219,356.48309326171875,7.279598236083984,1,141,2457533.111410335,2457537.111410335,True
1981625793581429632,1981625793581429697,61,2457569.098287726,358.8692932128906,9.059624671936035,1,149,2457565.111410335,2457569.111410335,True
1981625793581429632,1981625793581429697,61,2457608.5973505415,368.72361755371094,9.295690059661865,2,159,2457605.111410335,2457609.111410335,True
1981625793581429632,1981625793581429697,61,2457670.0336141502,359.5334777832031,7.86304783821106,2,175,2457669.111410335,2457673.111410335,True
1981625793581429632,1981625793581429697,61,2457678.1088099875,361.23260498046875,8.055842081705729,3,177,2457677.111410335,2457681.111410335,True
1981625793581429632,1981625793581429697,61,2457720.022413662,361.17474365234375,8.090283393859863,1,187,2457717.111410335,2457721.111410335,True
1981625793581429632,1981625793581429697,61,2457744.1919583604,357.11785888671875,14.60506534576416,1,193,2457741.111410335,2457745.111410335,True
1981625793581429632,1981625793581429697,61,2457773.965558273,361.2660369873047,7.068585634231567,2,201,2457773.111410335,2457777.111410335,True
1981625793581429632,1981625793581429697,61,2457822.1331699253,363.3251139322917,8.71549908320109,6,213,2457821.111410335,2457825.111410335,True
1981625793581429632,1981625793581429697,61,2457832.852452511,368.80213928222656,9.795808792114258,2,215,2457829.111410335,2457833.111410335,True
1981625793581429632,1981625793581429697,61,2457833.4722326943,364.23602294921875,8.589255809783936,5,216,2457833.111410335,2457837.111410335,True
1981625793581429632,1981625793581429697,61,2457887.629123833,352.3880310058594,6.759368896484375,2,229,2457885.111410335,2457889.111410335,True
1981625793581429632,1981625793581429697,61,2457987.69375085,366.0327911376953,8.360347747802734,2,254,2457985.111410335,2457989.111410335,True
1981625793581429632,1981625793581429697,61,2457998.5193872764,366.2974446614583,8.237405776977539,3,257,2457997.111410335,2458001.111410335,True
1981625793581429632,1981625793581429697,61,2458045.092064439,371.3004455566406,8.176473617553711,1,268,2458041.111410335,2458045.111410335,True
1981625793581429632,1981625793581429697,61,2458045.166071214,358.1718139648437,7.964832305908203,1,269,2458045.111410335,2458049.111410335,True
1981625793581429632,1981625793581429697,61,2458056.3835386485,366.9916381835938,8.313295125961304,2,271,2458053.111410335,2458057.111410335,True
1981625793581429632,1981625793581429697,61,2458095.801135937,359.4148864746094,6.157942295074463,1,281,2458093.111410335,2458097.111410335,True
1981625793581429632,1981625793581429697,61,2458123.114059176,360.10894775390625,9.481647491455078,1,288,2458121.111410335,2458125.111410335,True
1981625793581429632,1981625793581429697,61,2458150.3212769898,363.22064208984375,8.13720417022705,2,295,2458149.111410335,2458153.111410335,True
1981625793581429632,1981625793581429697,61,2458203.935264124,361.48944600423175,8.142837047576904,6,308,2458201.111410335,2458205.111410335,True
1981625793581429632,1981625793581429697,61,2458216.067229819,360.0770212809245,8.649465640385946,6,311,2458213.111410335,2458217.111410335,True
1981625793581429632,1981625793581429697,61,2458264.6779537518,364.59498596191406,7.2474775314331055,2,323,2458261.111410335,2458265.111410335,True
1981625793581429632,1981625793581429697,61,2458321.997735009,365.7769775390625,7.636589050292969,1,338,2458321.111410335,2458325.111410335,True
1981625793581429632,1981625793581429697,61,2458366.195337918,367.0152587890625,10.106661796569824,1,349,2458365.111410335,2458369.111410335,True
1981625793581429632,1981625793581429697,61,2458373.915474705,357.34422810872394,7.912199020385742,3,351,2458373.111410335,2458377.111410335,True
1981625793581429632,1981625793581429697,61,2458420.168679453,362.1647033691406,6.857905864715576,2,362,2458417.111410335,2458421.111410335,True
1981625793581429632,1981625793581429697,61,2458434.709146811,356.9062805175781,8.151093482971191,1,366,2458433.111410335,2458437.111410335,True
1981625793581429632,1981625793581429697,61,2458471.634355314,355.14674377441406,8.36327862739563,2,375,2458469.111410335,2458473.111410335,True
1981625793581429632,1981625793581429697,61,2458502.6193410056,366.7498474121094,7.1446852684021,2,383,2458501.111410335,2458505.111410335,True
1981625793581429632,1981625793581429697,61,2458526.8700475856,351.6067199707031,16.709309577941895,2,389,2458525.111410335,2458529.111410335,True
1981625793581429632,1981625793581429697,61,2458582.235442401,362.8658905029297,8.521006464958191,4,403,2458581.111410335,2458585.111410335,True
1981625793581429632,1981625793581429697,61,2458599.9932658286,361.5202407836914,7.911415338516235,4,407,2458597.111410335,2458601.111410335,True
1981625793581429632,1981625793581429697,61,2458641.6383888274,359.73455810546875,6.644968032836914,1,418,2458641.111410335,2458645.111410335,True
1981625793581429632,1981625793581429697,61,2458676.542876872,358.1219482421875,9.989243507385254,1,426,2458673.111410335,2458677.111410335,True
1981625793581429632,1981625793581429697,61,2458687.41162002,365.11688232421875,6.510728359222412,2,429,2458685.111410335,2458689.111410335,True
1981625793581429632,1981625793581429697,61,2458712.943141902,360.33935546875,9.011305332183838,2,435,2458709.111410335,2458713.111410335,True
1981625793581429632,1981625793581429697,61,2458769.597489758,363.7582295735677,7.496332009633382,3,450,2458769.111410335,2458773.111410335,True
1981625793581429632,1981625793581429697,61,2458787.3633571095,363.78699747721356,7.3087999025980634,3,454,2458785.111410335,2458789.111410335,True
1981625793581429632,1981625793581429697,61,2458826.862394412,364.86492919921875,9.488103866577148,2,464,2458825.111410335,2458829.111410335,True
1981625793581429632,1981625793581429697,61,2458859.6422169097,364.9205627441406,6.3333353996276855,1,472,2458857.111410335,2458861.111410335,True
1981625793581429632,1981625793581429699,62,2456969.185418225,87.48835754394531,5.755506992340088,1,0,2456969.185418225,2456973.185418225,True
1981625793581429632,1981625793581429699,62,2456986.9365547965,89.3566665649414,6.405320167541504,1,4,2456985.185418225,2456989.185418225,True
1981625793581429632,1981625793581429699,62,2457021.406778964,80.17984008789062,4.316869258880615,1,13,2457021.185418225,2457025.185418225,True
1981625793581429632,1981625793581429699,62,2457056.639017485,83.04153442382812,6.833718776702881,1,21,2457053.185418225,2457057.185418225,True
1981625793581429632,1981625793581429699,62,2457229.595064014,76.63330078125,4.020524501800537,1,65,2457229.185418225,2457233.185418225,True
1981625793581429632,1981625793581429699,62,2457247.5973076946,88.66712188720703,6.228826999664307,1,69,2457245.185418225,2457249.185418225,True
1981625793581429632,1981625793581429699,62,2457294.783480586,83.33434295654297,4.723989963531494,1,81,2457293.185418225,2457297.185418225,True
1981625793581429632,1981625793581429699,62,2457300.036546308,83.85028839111328,3.877720355987549,1,82,2457297.185418225,2457301.185418225,True
1981625793581429632,1981625793581429699,62,2457344.478210188,82.65274047851562,5.429581165313721,1,93,2457341.185418225,2457345.185418225,True
1981625793581429632,1981625793581429699,62,2457365.401918284,83.84112548828125,9.259486198425291,1,99,2457365.185418225,2457369.185418225,True
1981625793581429632,1981625793581429699,62,2457397.667471979,80.60489273071289,3.5623892545700073,2,107,2457397.185418225,2457401.185418225,True
1981625793581429632,1981625793581429699,62,2457438.470496356,79.39624786376953,5.6315460205078125,3,117,2457437.185418225,2457441.185418225,True
1981625793581429632,1981625793581429699,62,2457454.620039892,84.97686004638672,4.702276706695557,1,121,2457453.185418225,2457457.185418225,True
1981625793581429632,1981625793581429699,62,2457669.996611502,83.9321517944336,4.351332664489746,1,175,2457669.185418225,2457673.185418225,True
1981625793581429632,1981625793581429699,62,2457720.02241422,83.45496368408203,6.096138000488281,1,187,2457717.185418225,2457721.185418225,True
1981625793581429632,1981625793581429699,62,2457822.2952560643,87.30524444580078,8.912822723388672,1,213,2457821.185418225,2457825.185418225,True
1981625793581429632,1981625793581429699,62,2457833.8020359203,81.67689514160156,5.952086448669434,1,216,2457833.185418225,2457837.185418225,True
1981625793581429632,1981625793581429699,62,2457987.7307540607,82.3302001953125,4.847395420074463,1,254,2457985.185418225,2457989.185418225,True
1981625793581429632,1981625793581429699,62,2457998.573415437,82.88034057617188,4.879159331321716,2,257,2457997.185418225,2458001.185418225,True
1981625793581429632,1981625793581429699,62,2458045.0920652123,82.46923828125,5.198198318481445,1,268,2458041.185418225,2458045.185418225,True
1981625793581429632,1981625793581429699,62,2458150.35828019,79.4952621459961,4.340620994567871,1,295,2458149.185418225,2458153.185418225,True
1981625793581429632,1981625793581429699,62,2458203.9892917383,79.50881958007812,5.758103370666504,3,308,2458201.185418225,2458205.185418225,True
1981625793581429632,1981625793581429699,62,2458216.1042316174,92.38638305664062,8.03872013092041,1,311,2458213.185418225,2458217.185418225,True
1981625793581429632,1981625793581429699,62,2458264.5898740147,84.64030456542969,5.096003532409668,1,323,2458261.185418225,2458265.185418225,True
1981625793581429632,1981625793581429699,62,2458420.205683898,82.47714233398438,4.84542179107666,1,362,2458417.185418225,2458421.185418225,True
1981625793581429632,1981625793581429699,62,2458502.6193417907,91.33829116821289,8.193427562713623,2,383,2458501.185418225,2458505.185418225,True
1981625793581429632,1981625793581429699,62,2458582.323521129,86.72958374023438,4.541511058807373,1,403,2458581.185418225,2458585.185418225,True
1981625793581429632,1981625793581429699,62,2458600.030268551,86.77570343017578,5.865462064743042,2,407,2458597.185418225,2458601.185418225,True
1981625793581429632,1981625793581429699,62,2458712.943142021,82.45882034301758,5.594618320465088,2,435,2458709.185418225,2458713.185418225,True
1981625793581429632,1981625793581429699,62,2458769.563439427,87.49573516845703,5.203411102294922,1,450,2458769.185418225,2458773.185418225,True
1981625793581429632,1981625793581429699,62,2458787.329307969,80.46703338623047,3.842479944229126,1,454,2458785.185418225,2458789.185418225,True
1981625793581429632,1981625793581429699,62,2458826.8993985797,78.24127197265625,4.041248798370361,1,464,2458825.185418225,2458829.185418225,True
1993461967540106112,1993461967540106177,63,2456894.612642506,647.1719360351562,9.371380805969238,2,0,2456894.5756390053,2456898.5756390053,True
1993461967540106112,1993461967540106177,63,2456973.9060935937,650.8011474609375,10.610639572143555,2,19,2456970.5756390053,2456974.5756390053,True
1993461967540106112,1993461967540106177,63,2456985.7852924857,650.6431579589844,9.519649505615234,2,22,2456982.5756390053,2456986.5756390053,True
1993461967540106112,1993461967540106177,63,2457024.652028599,645.6353149414062,10.074592590332031,1,32,2457022.5756390053,2457026.5756390053,True
1993461967540106112,1993461967540106177,63,2457131.478154011,645.7770629882813,8.94153299331665,5,59,2457130.5756390053,2457134.5756390053,True
1993461967540106112,1993461967540106177,63,2457146.5564365163,652.8427124023438,9.115533828735352,1,62,2457142.5756390053,2457146.5756390053,True
1993461967540106112,1993461967540106177,63,2457146.901037264,648.0163818359375,9.970419597625732,5,63,2457146.5756390053,2457150.5756390053,True
1993461967540106112,1993461967540106177,63,2457226.8523985846,650.5740966796875,11.935945510864258,1,83,2457226.5756390053,2457230.5756390053,True
1993461967540106112,1993461967540106177,63,2457252.023379304,631.9386596679688,9.704358100891112,1,89,2457250.5756390053,2457254.5756390053,True
1993461967540106112,1993461967540106177,63,2457295.045403899,646.7269287109375,9.564127922058104,1,100,2457294.5756390053,2457298.5756390053,True
1993461967540106112,1993461967540106177,63,2457304.1378321797,652.6690368652344,10.669132709503174,2,102,2457302.5756390053,2457306.5756390053,True
1993461967540106112,1993461967540106177,63,2457349.158975288,645.247314453125,13.29671573638916,1,113,2457346.5756390053,2457350.5756390053,True
1993461967540106112,1993461967540106177,63,2457363.9489546428,658.2819519042969,10.65454912185669,2,117,2457362.5756390053,2457366.5756390053,True
1993461967540106112,1993461967540106177,63,2457400.6242732555,635.3392333984375,8.585489273071289,1,126,2457398.5756390053,2457402.5756390053,True
1993461967540106112,1993461967540106177,63,2457431.433459983,661.2538452148438,8.716416358947754,1,134,2457430.5756390053,2457434.5756390053,True
1993461967540106112,1993461967540106177,63,2457456.646809882,654.1668395996094,9.053554058074951,2,140,2457454.5756390053,2457458.5756390053,True
1993461967540106112,1993461967540106177,63,2457530.018889359,656.7278747558594,17.64920425415039,2,158,2457526.5756390053,2457530.5756390053,True
1993461967540106112,1993461967540106177,63,2457571.5903997687,663.5785522460938,8.870519638061523,1,169,2457570.5756390053,2457574.5756390053,True
1993461967540106112,1993461967540106177,63,2457606.3559810277,649.0293884277344,8.954649448394775,2,177,2457602.5756390053,2457606.5756390053,True
1993461967540106112,1993461967540106177,63,2457672.671568,648.2739868164062,9.384114980697632,4,194,2457670.5756390053,2457674.5756390053,True
1993461967540106112,1993461967540106177,63,2457679.9794932753,656.0173543294271,9.820040067036947,3,196,2457678.5756390053,2457682.5756390053,True
1993461967540106112,1993461967540106177,63,2457742.2379403803,658.0726013183594,13.83597469329834,2,211,2457738.5756390053,2457742.5756390053,True
1993461967540106112,1993461967540106177,63,2457776.745175852,663.496337890625,14.938097953796388,1,220,2457774.5756390053,2457778.5756390053,True
1993461967540106112,1993461967540106177,63,2457811.7481048685,644.2052612304688,10.449232578277588,2,229,2457810.5756390053,2457814.5756390053,True
1993461967540106112,1993461967540106177,63,2457833.7532552388,641.4307250976562,9.067469596862793,2,234,2457830.5756390053,2457834.5756390053,True
1993461967540106112,1993461967540106177,63,2457888.6181170167,655.5855712890625,10.998135089874268,2,248,2457886.5756390053,2457890.5756390053,True
1993461967540106112,1993461967540106177,63,2457948.519573769,637.4304809570312,10.93104076385498,1,263,2457946.5756390053,2457950.5756390053,True
1993461967540106112,1993461967540106177,63,2458003.917875369,647.4554443359375,79.68974304199219,1,277,2458002.5756390053,2458006.5756390053,True
1993461967540106112,1993461967540106177,63,2458049.266536785,650.9181518554688,9.0166597366333,4,288,2458046.5756390053,2458050.5756390053,True
1993461967540106112,1993461967540106177,63,2458056.716519792,656.0753377278646,10.202832221984863,3,290,2458054.5756390053,2458058.5756390053,True
1993461967540106112,1993461967540106177,63,2458099.624249592,659.3190307617188,8.927044868469238,1,301,2458098.5756390053,2458102.5756390053,True
1993461967540106112,1993461967540106177,63,2458120.621619236,647.6865844726562,10.186772346496582,1,306,2458118.5756390053,2458122.5756390053,True
1993461967540106112,1993461967540106177,63,2458193.224189586,652.1250610351562,11.087651888529459,3,324,2458190.5756390053,2458194.5756390053,True
1993461967540106112,1993461967540106177,63,2458211.427846223,656.6294708251953,9.694511651992798,4,329,2458210.5756390053,2458214.5756390053,True
1993461967540106112,1993461967540106177,63,2458266.16754645,646.64013671875,9.142724514007568,2,342,2458262.5756390053,2458266.5756390053,True
1993461967540106112,1993461967540106177,63,2458293.0798624004,643.8442993164062,8.258268356323242,1,349,2458290.5756390053,2458294.5756390053,True
1993461967540106112,1993461967540106177,63,2458325.2798740156,646.7565002441406,9.568999767303467,2,357,2458322.5756390053,2458326.5756390053,True
1993461967540106112,1993461967540106177,63,2458364.4555288805,644.5924682617188,10.554832458496094,1,367,2458362.5756390053,2458366.5756390053,True
1993461967540106112,1993461967540106177,63,2458379.4591905414,647.1710815429688,10.863216400146484,1,371,2458378.5756390053,2458382.5756390053,True
1993461967540106112,1993461967540106177,63,2458424.929204208,642.4115600585938,12.531343936920166,2,382,2458422.5756390053,2458426.5756390053,True
1993461967540106112,1993461967540106177,63,2458434.1835437827,648.9591674804688,8.921730041503906,2,384,2458430.5756390053,2458434.5756390053,True
1993461967540106112,1993461967540106177,63,2458475.168359349,662.80615234375,8.603394508361816,1,395,2458474.5756390053,2458478.5756390053,True
1993461967540106112,1993461967540106177,63,2458499.337787025,642.1383056640625,8.847786903381348,1,401,2458498.5756390053,2458502.5756390053,True
1993461967540106112,1993461967540106177,63,2458529.361029745,651.9757995605469,9.025503158569336,2,408,2458526.5756390053,2458530.5756390053,True
1993461967540106112,1993461967540106177,63,2458576.0381963653,655.3795043945313,9.384371948242187,5,420,2458574.5756390053,2458578.5756390053,True
1993461967540106112,1993461967540106177,63,2458590.5663017863,640.1522827148438,11.017154693603516,1,423,2458586.5756390053,2458590.5756390053,True
1993461967540106112,1993461967540106177,63,2458590.9109025723,652.4726440429688,10.275420188903809,5,424,2458590.5756390053,2458594.5756390053,True
1993461967540106112,1993461967540106177,63,2458643.4666516804,653.2729797363281,11.132253170013428,2,437,2458642.5756390053,2458646.5756390053,True
1993461967540106112,1993461967540106177,63,2458673.335574561,651.51318359375,9.079145908355713,2,444,2458670.5756390053,2458674.5756390053,True
1993461967540106112,1993461967540106177,63,2458715.4554918096,638.3880310058594,13.734865188598633,2,455,2458714.5756390053,2458718.5756390053,True
1993461967540106112,1993461967540106177,63,2458763.783533729,649.1284790039062,10.193048318227133,6,467,2458762.5756390053,2458766.5756390053,True
1993461967540106112,1993461967540106177,63,2458778.2948934063,647.9639129638672,10.903107404708862,4,470,2458774.5756390053,2458778.5756390053,True
1993461967540106112,1993461967540106177,63,2458778.582060388,646.5205078125,11.365866661071776,1,471,2458778.5756390053,2458782.5756390053,True
1993461967540106112,1993461967540106177,63,2458828.624480876,646.3301086425781,8.409812927246094,2,483,2458826.5756390053,2458830.5756390053,True
1993461967540106112,1993461967540106177,63,2458856.6693017757,639.9565734863281,10.184230327606201,2,490,2458854.5756390053,2458858.5756390053,True
1993461967540106112,1993461967540106179,64,2456985.7852924685,128.67625045776367,5.2232506275177,2,0,2456985.697214028,2456989.697214028,True
1993461967540106112,1993461967540106179,64,2457131.2103732824,130.65645217895508,6.466607332229614,2,36,2457129.697214028,2457133.697214028,True
1993461967540106112,1993461967540106179,64,2457146.886235365,129.67196655273438,6.343300914764404,5,40,2457145.697214028,2457149.697214028,True
1993461967540106112,1993461967540106179,64,2457226.852397629,123.65853881835938,4.519689083099365,1,60,2457225.697214028,2457229.697214028,True
1993461967540106112,1993461967540106179,64,2457252.0233783145,129.54833984375,5.173004150390625,1,66,2457249.697214028,2457253.697214028,True
1993461967540106112,1993461967540106179,64,2457295.0454036486,136.06727600097656,9.275494575500488,1,77,2457293.697214028,2457297.697214028,True
1993461967540106112,1993461967540106179,64,2457304.262913616,130.39002990722656,8.556800603866577,2,79,2457301.697214028,2457305.697214028,True
1993461967540106112,1993461967540106179,64,2457349.158976323,131.38462829589844,4.204209327697754,1,90,2457345.697214028,2457349.697214028,True
1993461967540106112,1993461967540106179,64,2457363.9489547787,125.71277618408203,6.931135654449463,2,94,2457361.697214028,2457365.697214028,True
1993461967540106112,1993461967540106179,64,2457400.624274279,128.1433563232422,5.281187057495117,1,103,2457397.697214028,2457401.697214028,True
1993461967540106112,1993461967540106179,64,2457431.4334609727,126.09156799316406,5.0309157371521,1,111,2457429.697214028,2457433.697214028,True
1993461967540106112,1993461967540106179,64,2457456.60980654,130.27664184570312,5.188386917114258,1,117,2457453.697214028,2457457.697214028,True
1993461967540106112,1993461967540106179,64,2457530.018888668,128.79233360290527,7.175231337547302,4,136,2457529.697214028,2457533.697214028,True
1993461967540106112,1993461967540106179,64,2457571.5903993137,131.6956329345703,5.948093891143799,1,146,2457569.697214028,2457573.697214028,True
1993461967540106112,1993461967540106179,64,2457672.671567952,129.80496406555176,6.057410001754761,4,171,2457669.697214028,2457673.697214028,True
1993461967540106112,1993461967540106179,64,2457679.837386403,128.8918914794922,4.087797164916992,1,173,2457677.697214028,2457681.697214028,True
1993461967540106112,1993461967540106179,64,2457742.237940676,132.18972778320312,6.1946961879730225,2,189,2457741.697214028,2457745.697214028,True
1993461967540106112,1993461967540106179,64,2457776.708173232,129.84128952026367,5.128538131713867,2,197,2457773.697214028,2457777.697214028,True
1993461967540106112,1993461967540106179,64,2457811.785109416,127.41995239257812,5.986286163330078,1,206,2457809.697214028,2457813.697214028,True
1993461967540106112,1993461967540106179,64,2457833.7162519936,127.1528549194336,4.446994304656982,1,212,2457833.697214028,2457837.697214028,True
1993461967540106112,1993461967540106179,64,2457888.618117125,130.50606536865234,5.872149467468262,2,225,2457885.697214028,2457889.697214028,True
1993461967540106112,1993461967540106179,64,2457948.519573177,130.44517517089844,5.622195720672607,1,240,2457945.697214028,2457949.697214028,True
1993461967540106112,1993461967540106179,64,2458049.266537018,130.31721115112305,5.2189202308654785,4,265,2458045.697214028,2458049.697214028,True
1993461967540106112,1993461967540106179,64,2458099.624250764,134.4055633544922,5.458277225494385,1,278,2458097.697214028,2458101.697214028,True
1993461967540106112,1993461967540106179,64,2458120.6216197023,129.81378173828125,5.33882474899292,1,283,2458117.697214028,2458121.697214028,True
1993461967540106112,1993461967540106179,64,2458193.224190754,137.47207641601562,5.485320250193278,3,301,2458189.697214028,2458193.697214028,True
1993461967540106112,1993461967540106179,64,2458211.427846374,127.78165817260742,6.350931167602539,4,306,2458209.697214028,2458213.697214028,True
1993461967540106112,1993461967540106179,64,2458266.1675464106,131.51634979248047,4.8939878940582275,2,320,2458265.697214028,2458269.697214028,True
1993461967540106112,1993461967540106179,64,2458293.07986124,133.54421997070312,4.839468955993652,1,326,2458289.697214028,2458293.697214028,True
1993461967540106112,1993461967540106179,64,2458325.279873288,132.20269012451172,6.170793533325195,2,334,2458321.697214028,2458325.697214028,True
1993461967540106112,1993461967540106179,64,2458364.5295349844,128.88795471191406,5.5225324630737305,1,344,2458361.697214028,2458365.697214028,True
1993461967540106112,1993461967540106179,64,2458379.49619278,134.92977905273438,4.934442520141602,2,348,2458377.697214028,2458381.697214028,True
1993461967540106112,1993461967540106179,64,2458424.9292047657,132.03443908691406,5.80955958366394,2,359,2458421.697214028,2458425.697214028,True
1993461967540106112,1993461967540106179,64,2458434.183543595,122.10456848144533,5.355903625488281,2,362,2458433.697214028,2458437.697214028,True
1993461967540106112,1993461967540106179,64,2458475.1683604973,129.9646453857422,4.515374660491943,1,372,2458473.697214028,2458477.697214028,True
1993461967540106112,1993461967540106179,64,2458499.337787651,139.4559783935547,8.020919799804688,1,378,2458497.697214028,2458501.697214028,True
1993461967540106112,1993461967540106179,64,2458529.3610304613,134.09690856933594,6.949641942977905,2,385,2458525.697214028,2458529.697214028,True
1993461967540106112,1993461967540106179,64,2458576.0381973074,128.1406997680664,6.1955845832824705,5,397,2458573.697214028,2458577.697214028,True
1993461967540106112,1993461967540106179,64,2458590.8534689397,129.9526685078939,7.850844144821167,6,401,2458589.697214028,2458593.697214028,True
1993461967540106112,1993461967540106179,64,2458643.554730849,131.17359924316406,5.743469715118408,1,414,2458641.697214028,2458645.697214028,True
1993461967540106112,1993461967540106179,64,2458673.3725770386,138.9467010498047,33.57234573364258,1,421,2458669.697214028,2458673.697214028,True
1993461967540106112,1993461967540106179,64,2458715.4554911107,133.87857818603516,5.928039789199829,2,432,2458713.697214028,2458717.697214028,True
1993461967540106112,1993461967540106179,64,2458763.7260989486,136.20083923339843,5.808391952514649,5,444,2458761.697214028,2458765.697214028,True
1993461967540106112,1993461967540106179,64,2458778.3523269985,126.88437042236328,5.206988859176636,5,448,2458777.697214028,2458781.697214028,True
1993461967540106112,1993461967540106179,64,2458828.6244810643,129.01465225219727,4.951616048812866,2,460,2458825.697214028,2458829.697214028,True
1993461967540106112,1993461967540106179,64,2458856.6693028393,130.743896484375,5.955185651779175,2,467,2458853.697214028,2458857.697214028,True
2043667558242118656,2043667558242118721,66,2456961.124195244,2567.779052734375,20.990768432617188,1,0,2456961.124195244,2456965.124195244,True
2043667558242118656,2043667558242118721,66,2456997.0189997423,2561.0283203125,16.200454235076904,2,8,2456993.124195244,2456997.124195244,True
2043667558242118656,2043667558242118721,66,2457020.2730860803,2571.2321166992188,18.646053552627563,4,14,2457017.124195244,2457021.124195244,True
2043667558242118656,2043667558242118721,66,2457067.3458442832,2574.279296875,16.00042724609375,1,26,2457065.124195244,2457069.124195244,True
2043667558242118656,2043667558242118721,66,2457093.3827847433,2560.3905029296875,17.48686695098877,2,33,2457093.124195244,2457097.124195244,True
2043667558242118656,2043667558242118721,66,2457125.905080248,2557.771484375,18.3433895111084,1,41,2457125.124195244,2457129.124195244,True
2043667558242118656,2043667558242118721,66,2457163.08575411,2569.7158203125,18.5733060836792,2,50,2457161.124195244,2457165.124195244,True
2043667558242118656,2043667558242118721,66,2457226.27765563,2582.4696044921875,16.368649005889893,2,66,2457225.124195244,2457229.124195244,True
2043667558242118656,2043667558242118721,66,2457239.407241725,2578.13916015625,18.577153205871582,2,69,2457237.124195244,2457241.124195244,True
2043667558242118656,2043667558242118721,66,2457281.4813646385,2561.1505126953125,16.79779100418091,2,80,2457281.124195244,2457285.124195244,True
2043667558242118656,2043667558242118721,66,2457305.5134525253,2550.74169921875,14.545567512512209,1,86,2457305.124195244,2457309.124195244,True
2043667558242118656,2043667558242118721,66,2457337.708642422,2578.598388671875,18.812023162841797,2,94,2457337.124195244,2457341.124195244,True
2043667558242118656,2043667558242118721,66,2457377.441033693,2577.302978515625,16.254722118377686,2,104,2457377.124195244,2457381.124195244,True
2043667558242118656,2043667558242118721,66,2457398.8222820726,2565.4492797851562,15.78361439704895,4,109,2457397.124195244,2457401.124195244,True
2043667558242118656,2043667558242118721,66,2457444.6814506343,2568.8232421875,16.088485717773438,2,120,2457441.124195244,2457445.124195244,True
2043667558242118656,2043667558242118721,66,2457472.9260573545,2575.587890625,17.5186824798584,2,127,2457469.124195244,2457473.124195244,True
2043667558242118656,2043667558242118721,66,2457502.539566731,2562.3272705078125,16.550609588623047,2,135,2457501.124195244,2457505.124195244,True
2043667558242118656,2043667558242118721,66,2457541.625345625,2568.3092041015625,16.266884803771973,2,145,2457541.124195244,2457545.124195244,True
2043667558242118656,2043667558242118721,66,2457558.1286142413,2565.7244873046875,28.090367317199707,2,149,2457557.124195244,2457561.124195244,True
2043667558242118656,2043667558242118721,66,2457602.85422421,2570.892333984375,15.053027153015137,1,160,2457601.124195244,2457605.124195244,True
2043667558242118656,2043667558242118721,66,2457617.358292876,2549.70751953125,15.634553909301758,1,164,2457617.124195244,2457621.124195244,True
2043667558242118656,2043667558242118721,66,2457657.81318304,2570.75146484375,17.749025344848633,1,174,2457657.124195244,2457661.124195244,True
2043667558242118656,2043667558242118721,66,2457684.554662135,2560.314208984375,21.408885955810547,1,180,2457681.124195244,2457685.124195244,True
2043667558242118656,2043667558242118721,66,2457757.810691338,2565.5279134114585,17.294546763102215,3,199,2457757.124195244,2457761.124195244,True
2043667558242118656,2043667558242118721,66,2457778.4965678435,2563.112060546875,18.714077949523926,2,204,2457777.124195244,2457781.124195244,True
2043667558242118656,2043667558242118721,66,2457821.7870842395,2575.357421875,15.922570705413818,2,215,2457821.124195244,2457825.124195244,True
2043667558242118656,2043667558242118721,66,2457852.2754611094,2564.0760498046875,16.206660747528076,2,222,2457849.124195244,2457853.124195244,True
2043667558242118656,2043667558242118721,66,2457934.4762471793,2556.5830078125,22.838778495788574,2,243,2457933.124195244,2457937.124195244,True
2043667558242118656,2043667558242118721,66,2457979.1649719635,2570.2779541015625,15.138009548187256,2,254,2457977.124195244,2457981.124195244,True
2043667558242118656,2043667558242118721,66,2457995.7049322343,2580.400390625,18.91011428833008,1,258,2457993.124195244,2457997.124195244,True
2043667558242118656,2043667558242118721,66,2458091.6122306976,2583.7998046875,19.65134048461914,2,282,2458089.124195244,2458093.124195244,True
2043667558242118656,2043667558242118721,66,2458137.4173290175,2566.0616048177085,18.07130750020345,3,294,2458137.124195244,2458141.124195244,True
2043667558242118656,2043667558242118721,66,2458159.1025071507,2554.5135498046875,17.321173667907715,2,299,2458157.124195244,2458161.124195244,True
2043667558242118656,2043667558242118721,66,2458198.6219912367,2567.515380859375,16.34442138671875,1,309,2458197.124195244,2458201.124195244,True
2043667558242118656,2043667558242118721,66,2458231.529763325,2562.634033203125,16.2971134185791,1,317,2458229.124195244,2458233.124195244,True
2043667558242118656,2043667558242118721,66,2458255.5254156487,2575.9970703125,17.10999870300293,1,323,2458253.124195244,2458257.124195244,True
2043667558242118656,2043667558242118721,66,2458298.136196893,2582.5899658203125,15.505252838134766,2,334,2458297.124195244,2458301.124195244,True
2043667558242118656,2043667558242118721,66,2458355.456541227,2577.27197265625,15.437649726867676,2,348,2458353.124195244,2458357.124195244,True
2043667558242118656,2043667558242118721,66,2458374.244542816,2582.03955078125,14.46999168395996,1,353,2458373.124195244,2458377.124195244,True
2043667558242118656,2043667558242118721,66,2458410.7126274337,2562.861572265625,15.34804630279541,1,362,2458409.124195244,2458413.124195244,True
2043667558242118656,2043667558242118721,66,2458443.373563635,2561.56005859375,18.353307723999023,1,370,2458441.124195244,2458445.124195244,True
2043667558242118656,2043667558242118721,66,2458468.9478465086,2576.632568359375,16.163715362548828,1,376,2458465.124195244,2458469.124195244,True
2043667558242118656,2043667558242118721,66,2458515.8955131457,2566.3609619140625,18.642221450805664,2,388,2458513.124195244,2458517.124195244,True
2043667558242118656,2043667558242118721,66,2458539.4703250756,2575.5350748697915,16.75197696685791,3,394,2458537.124195244,2458541.124195244,True
2043667558242118656,2043667558242118721,66,2458575.4195585377,2577.533935546875,18.60647392272949,1,403,2458573.124195244,2458577.124195244,True
2043667558242118656,2043667558242118721,66,2458631.8561533093,2595.455078125,34.976436614990234,2,417,2458629.124195244,2458633.124195244,True
2043667558242118656,2043667558242118721,66,2458675.5871283268,2565.880126953125,15.307175636291504,1,428,2458673.124195244,2458677.124195244,True
2043667558242118656,2043667558242118721,66,2458701.402908806,2573.5281982421875,15.636589050292969,2,435,2458701.124195244,2458705.124195244,True
2043667558242118656,2043667558242118721,66,2458726.3063461217,2571.957763671875,16.405287742614746,2,441,2458725.124195244,2458729.124195244,True
2043667558242118656,2043667558242118721,66,2458762.7454746533,2553.0531005859375,18.466949462890625,2,450,2458761.124195244,2458765.124195244,True
2043667558242118656,2043667558242118721,66,2458797.317230788,2572.8251953125,17.339383125305176,2,459,2458797.124195244,2458801.124195244,True
2043667558242118656,2043667558242118721,66,2458858.707633366,2570.0826416015625,17.19901752471924,2,474,2458857.124195244,2458861.124195244,True
2043667558242118656,2043667558242118723,65,2456961.1241939133,467.9531555175781,8.391011238098145,1,0,2456961.1241939133,2456965.1241939133,True
2043667558242118656,2043667558242118723,65,2456997.018997917,474.93101501464844,8.31458067893982,2,8,2456993.1241939133,2456997.1241939133,True
2043667558242118656,2043667558242118723,65,2457020.327114536,474.3578796386719,9.633434136708578,3,14,2457017.1241939133,2457021.1241939133,True
2043667558242118656,2043667558242118723,65,2457067.382847352,474.3511505126953,8.419793128967285,2,26,2457065.1241939133,2457069.1241939133,True
2043667558242118656,2043667558242118723,65,2457093.3827865804,473.20594787597656,8.319034337997437,2,33,2457093.1241939133,2457097.1241939133,True
2043667558242118656,2043667558242118723,65,2457125.9050812377,473.0245056152344,7.938111782073975,1,41,2457125.1241939133,2457129.1241939133,True
2043667558242118656,2043667558242118723,65,2457163.0857550427,472.6932067871094,8.907908916473389,2,50,2457161.1241939133,2457165.1241939133,True
2043667558242118656,2043667558242118723,65,2457239.407242413,475.2002868652344,7.858308553695679,2,69,2457237.1241939133,2457241.1241939133,True
2043667558242118656,2043667558242118723,65,2457281.4813628015,475.9587860107422,9.413523197174072,2,80,2457281.1241939133,2457285.1241939133,True
2043667558242118656,2043667558242118723,65,2457305.513451684,471.5861511230469,8.911345481872559,1,86,2457305.1241939133,2457309.1241939133,True
2043667558242118656,2043667558242118723,65,2457337.7086412846,467.8379211425781,10.916750431060791,2,94,2457337.1241939133,2457341.1241939133,True
2043667558242118656,2043667558242118723,65,2457377.441031919,473.07281494140625,8.994171142578125,2,104,2457377.1241939133,2457381.1241939133,True
2043667558242118656,2043667558242118723,65,2457398.822282508,472.24267578125,8.827560782432556,4,109,2457397.1241939133,2457401.1241939133,True
2043667558242118656,2043667558242118723,65,2457444.681450583,466.6670837402344,10.16518211364746,2,120,2457441.1241939133,2457445.1241939133,True
2043667558242118656,2043667558242118723,65,2457472.9260591175,470.1801452636719,8.087069511413574,2,127,2457469.1241939133,2457473.1241939133,True
2043667558242118656,2043667558242118723,65,2457502.5395679595,461.0453643798828,7.69507098197937,2,135,2457501.1241939133,2457505.1241939133,True
2043667558242118656,2043667558242118723,65,2457541.62534629,465.694091796875,8.634017944335938,2,145,2457541.1241939133,2457545.1241939133,True
2043667558242118656,2043667558242118723,65,2457558.128616033,475.1173400878906,8.782038688659668,2,149,2457557.1241939133,2457561.1241939133,True
2043667558242118656,2043667558242118723,65,2457602.854223027,473.5395812988281,12.63766384124756,1,160,2457601.1241939133,2457605.1241939133,True
2043667558242118656,2043667558242118723,65,2457617.3582932395,462.5771484375,10.154690742492676,1,164,2457617.1241939133,2457621.1241939133,True
2043667558242118656,2043667558242118723,65,2457657.8131812764,463.3139343261719,9.462121963500977,1,174,2457657.1241939133,2457661.1241939133,True
2043667558242118656,2043667558242118723,65,2457684.554660998,468.07269287109375,9.146254539489746,1,180,2457681.1241939133,2457685.1241939133,True
2043667558242118656,2043667558242118723,65,2457757.810689848,474.83201090494794,7.758325258890788,3,199,2457757.1241939133,2457761.1241939133,True
2043667558242118656,2043667558242118723,65,2457778.496568827,467.3762969970703,14.164421081542969,2,204,2457777.1241939133,2457781.1241939133,True
2043667558242118656,2043667558242118723,65,2457821.787084461,471.5400390625,8.370709657669067,2,215,2457821.1241939133,2457825.1241939133,True
2043667558242118656,2043667558242118723,65,2457852.2754627136,476.3348083496094,11.017534732818604,2,222,2457849.1241939133,2457853.1241939133,True
2043667558242118656,2043667558242118723,65,2457879.054539049,472.0067138671875,9.353278160095217,1,229,2457877.1241939133,2457881.1241939133,True
2043667558242118656,2043667558242118723,65,2457934.476248806,473.89625549316406,8.464122772216797,2,243,2457933.1241939133,2457937.1241939133,True
2043667558242118656,2043667558242118723,65,2457979.1649704613,470.4499816894531,10.089578628540039,2,254,2457977.1241939133,2457981.1241939133,True
2043667558242118656,2043667558242118723,65,2458063.830158268,474.5759582519531,9.120509147644045,1,275,2458061.1241939133,2458065.1241939133,True
2043667558242118656,2043667558242118723,65,2458091.612230038,469.64906311035156,8.397464513778687,2,282,2458089.1241939133,2458093.1241939133,True
2043667558242118656,2043667558242118723,65,2458137.4173279484,474.4593200683594,9.326183954874674,3,294,2458137.1241939133,2458141.1241939133,True
2043667558242118656,2043667558242118723,65,2458159.102508641,462.3178100585938,9.821617364883423,2,299,2458157.1241939133,2458161.1241939133,True
2043667558242118656,2043667558242118723,65,2458198.6219917145,488.7109375,8.646965980529785,1,309,2458197.1241939133,2458201.1241939133,True
2043667558242118656,2043667558242118723,65,2458231.529764736,465.079345703125,6.942628860473633,1,317,2458229.1241939133,2458233.1241939133,True
2043667558242118656,2043667558242118723,65,2458255.525417287,478.2073364257813,8.337684631347656,1,323,2458253.1241939133,2458257.1241939133,True
2043667558242118656,2043667558242118723,65,2458298.136196927,470.29588317871094,8.133192539215088,2,334,2458297.1241939133,2458301.1241939133,True
2043667558242118656,2043667558242118723,65,2458311.0157155753,482.27608700998496,6.774188206821562,2,337,2458309.1241939133,2458313.1241939133,
2043667558242118656,2043667558242118723,65,2458355.493542749,469.5167541503906,8.342730522155762,1,348,2458353.1241939133,2458357.1241939133,True
2043667558242118656,2043667558242118723,65,2458374.244542566,468.4071350097656,7.873899459838867,1,353,2458373.1241939133,2458377.1241939133,True
2043667558242118656,2043667558242118723,65,2458443.373561963,482.380859375,18.322101593017575,1,370,2458441.1241939133,2458445.1241939133,True
2043667558242118656,2043667558242118723,65,2458468.9108423362,469.28318786621094,9.024007320404053,2,376,2458465.1241939133,2458469.1241939133,True
2043667558242118656,2043667558242118723,65,2458515.8955124635,469.19947814941406,8.544990539550781,2,388,2458513.1241939133,2458517.1241939133,True
2043667558242118656,2043667558242118723,65,2458539.4703268465,474.1547139485677,8.394762674967447,3,394,2458537.1241939133,2458541.1241939133,True
2043667558242118656,2043667558242118723,65,2458575.419559265,465.7036743164063,7.797841548919678,1,403,2458573.1241939133,2458577.1241939133,True
2043667558242118656,2043667558242118723,65,2458631.8561550896,472.8197326660156,8.553165912628174,2,417,2458629.1241939133,2458633.1241939133,True
2043667558242118656,2043667558242118723,65,2458675.5871279514,482.4227294921875,8.302806854248047,1,428,2458673.1241939133,2458677.1241939133,True
2043667558242118656,2043667558242118723,65,2458701.402909466,471.88047790527344,8.210343360900879,2,435,2458701.1241939133,2458705.1241939133,True
2043667558242118656,2043667558242118723,65,2458726.306344347,467.3041229248047,8.246206760406494,2,441,2458725.1241939133,2458729.1241939133,True
2043667558242118656,2043667558242118723,65,2458762.7454739027,473.8332214355469,10.020958423614502,2,450,2458761.1241939133,2458765.1241939133,True
2043667558242118656,2043667558242118723,65,2458797.280226138,464.0842895507813,7.712270259857178,1,459,2458797.1241939133,2458801.1241939133,True
2043667558242118656,2043667558242118723,65,2458817.558430895,474.9480590820313,9.65308666229248,1,464,2458817.1241939133,2458821.1241939133,True
2043667558242118656,2043667558242118723,65,2458858.707633759,472.1740264892578,10.322902202606201,2,474,2458857.1241939133,2458861.1241939133,True
2054505233904010880,2054505233904010945,67,2457018.7616979866,216.93217034009027,12.169718622943797,4,6,2457016.103117341,2457020.103117341,
2054505233904010880,2054505233904010945,67,2457068.6230699774,213.80175039797618,14.315607528599703,8,19,2457068.103117341,2457072.103117341,
2054505233904010880,2054505233904010945,67,2457129.076640748,207.5081939697266,17.46697759628296,2,34,2457128.103117341,2457132.103117341,True
2054505233904010880,2054505233904010945,67,2457230.038610169,222.67033706916948,12.268375930588235,4,59,2457228.103117341,2457232.103117341,
2054505233904010880,2054505233904010945,67,2457239.8642318505,228.09619721999175,11.57111740962344,6,61,2457236.103117341,2457240.103117341,
2054505233904010880,2054505233904010945,67,2457302.857250641,213.11771964316148,14.627292602250126,4,77,2457300.103117341,2457304.103117341,
2054505233904010880,2054505233904010945,67,2457338.9863464367,225.95304570627732,15.177903182080236,2,86,2457336.103117341,2457340.103117341,
2054505233904010880,2054505233904010945,67,2457395.685506567,201.56873321533203,16.135851545745496,4,100,2457392.103117341,2457396.103117341,
2054505233904010880,2054505233904010945,67,2457446.7977288654,204.8836472465348,13.366378579006007,4,113,2457444.103117341,2457448.103117341,
2054505233904010880,2054505233904010945,67,2457541.4228926897,233.92497263841761,12.071535441902112,2,137,2457540.103117341,2457544.103117341,
2054505233904010880,2054505233904010945,67,2457607.505969503,215.63255478308292,12.311382741559044,6,153,2457604.103117341,2457608.103117341,
2054505233904010880,2054505233904010945,67,2457616.6524838395,201.30004145556964,15.373073161463509,6,156,2457616.103117341,2457620.103117341,
2054505233904010880,2054505233904010945,67,2457661.0596673945,297.1643371582031,9.462848663330078,1,167,2457660.103117341,2457664.103117341,True
2054505233904010880,2054505233904010945,67,2457752.2287486005,263.4709930419922,9.008657932281494,2,190,2457752.103117341,2457756.103117341,True
2054505233904010880,2054505233904010945,67,2457773.1097216923,217.1712557766626,13.521911196419113,8,195,2457772.103117341,2457776.103117341,
2054505233904010880,2054505233904010945,67,2457824.2792703123,180.48147201538086,17.35546984138736,4,208,2457824.103117341,2457828.103117341,
2054505233904010880,2054505233904010945,67,2457849.293331059,208.10718282063803,24.42474126815796,3,214,2457848.103117341,2457852.103117341,True
2054505233904010880,2054505233904010945,67,2457882.553163881,191.10252380371094,12.871928691864014,2,222,2457880.103117341,2457884.103117341,True
2054505233904010880,2054505233904010945,67,2457938.022606532,221.7643280029297,14.087594985961914,1,236,2457936.103117341,2457940.103117341,True
2054505233904010880,2054505233904010945,67,2457983.959385158,221.6688232421875,5.983348846435547,1,247,2457980.103117341,2457984.103117341,True
2054505233904010880,2054505233904010945,67,2457984.1725464873,191.5131378173828,12.693520307540894,4,248,2457984.103117341,2457988.103117341,True
2054505233904010880,2054505233904010945,67,2457994.177142046,190.17980011559143,14.619310027059404,4,250,2457992.103117341,2457996.103117341,
2054505233904010880,2054505233904010945,67,2458133.5062288856,193.59347534179688,15.746996593475341,5,285,2458132.103117341,2458136.103117341,True
2054505233904010880,2054505233904010945,67,2458151.4667658806,206.09472841777026,13.383598996149393,8,289,2458148.103117341,2458152.103117341,
2054505233904010880,2054505233904010945,67,2458201.4238643833,194.30045064290366,12.825966517130533,3,302,2458200.103117341,2458204.103117341,True
2054505233904010880,2054505233904010945,67,2458229.324282614,181.96870803833008,15.637937903404236,4,309,2458228.103117341,2458232.103117341,True
2054505233904010880,2054505233904010945,67,2458259.276019886,185.76205444335935,6.100121021270752,1,316,2458256.103117341,2458260.103117341,True
2054505233904010880,2054505233904010945,67,2458299.5224550636,194.67263793945312,13.66229851239168,4,326,2458296.103117341,2458300.103117341,
2054505233904010880,2054505233904010945,67,2458314.038937845,182.5154774983724,13.260034402211508,3,330,2458312.103117341,2458316.103117341,True
2054505233904010880,2054505233904010945,67,2458360.1988985166,196.63342793782553,9.8501615524292,3,342,2458360.103117341,2458364.103117341,True
2054505233904010880,2054505233904010945,67,2458372.2527514994,245.48147002246137,12.985398045535941,2,345,2458372.103117341,2458376.103117341,
2054505233904010880,2054505233904010945,67,2458412.9555508974,253.287109375,115.82878875732422,1,355,2458412.103117341,2458416.103117341,True
2054505233904010880,2054505233904010945,67,2458439.196892033,202.7540740966797,4.899395942687988,1,361,2458436.103117341,2458440.103117341,True
2054505233904010880,2054505233904010945,67,2458468.399829071,215.6611303033146,11.846532707715635,4,369,2458468.103117341,2458472.103117341,
2054505233904010880,2054505233904010945,67,2458514.9799006665,224.68516316349147,17.659891195483166,6,380,2458512.103117341,2458516.103117341,
2054505233904010880,2054505233904010945,67,2458609.0792884985,205.58937072753906,12.111877441406248,2,404,2458608.103117341,2458612.103117341,True
2054505233904010880,2054505233904010945,67,2458678.0614412487,216.67030715942383,15.78791709867269,4,421,2458676.103117341,2458680.103117341,
2054505233904010880,2054505233904010945,67,2458700.6204783493,202.74260406494142,14.74473934042626,10,427,2458700.103117341,2458704.103117341,
2054505233904010880,2054505233904010945,67,2458718.165324522,188.38910675048828,13.73711109161377,6,431,2458716.103117341,2458720.103117341,True
2054505233904010880,2054505233904010945,67,2458765.7550813793,197.82638931274414,15.21912395954132,4,443,2458764.103117341,2458768.103117341,True
2054505233904010880,2054505233904010945,67,2458796.0194176575,208.88835906982422,32.82326126098633,2,450,2458792.103117341,2458796.103117341,True
2054505233904010880,2054505233904010945,67,2458861.0745941596,209.9419705603874,13.772384059873364,4,467,2458860.103117341,2458864.103117341,
2054505233904010880,2054505233904010947,68,2457018.761698641,325.0368194580078,9.70691967010498,2,0,2457018.6736197453,2457022.6736197453,True
2054505233904010880,2054505233904010947,68,2457068.623070627,315.8955612182617,8.073356747627258,4,12,2457066.6736197453,2457070.6736197453,True
2054505233904010880,2054505233904010947,68,2457087.0056303423,316.2270965576172,9.493849158287048,4,17,2457086.6736197453,2457090.6736197453,True
2054505233904010880,2054505233904010947,68,2457129.07664147,317.4784545898437,9.578625679016112,1,27,2457126.6736197453,2457130.6736197453,True
2054505233904010880,2054505233904010947,68,2457230.03860943,325.5467224121094,6.679999113082886,2,52,2457226.6736197453,2457230.6736197453,True
2054505233904010880,2054505233904010947,68,2457239.8642313424,319.94420369466144,7.4037783940633135,3,55,2457238.6736197453,2457242.6736197453,True
2054505233904010880,2054505233904010947,68,2457285.267241457,309.6719055175781,8.027399063110352,1,66,2457282.6736197453,2457286.6736197453,True
2054505233904010880,2054505233904010947,68,2457302.8572498932,308.8480682373047,8.627530336380005,2,71,2457302.6736197453,2457306.6736197453,True
2054505233904010880,2054505233904010947,68,2457338.986346812,326.3502502441406,7.529003620147705,1,80,2457338.6736197453,2457342.6736197453,True
2054505233904010880,2054505233904010947,68,2457371.808379841,310.27001953125,7.041508913040161,2,88,2457370.6736197453,2457374.6736197453,True
2054505233904010880,2054505233904010947,68,2457395.685507261,317.35264587402344,8.314067125320435,2,94,2457394.6736197453,2457398.6736197453,True
2054505233904010880,2054505233904010947,68,2457446.7977295793,321.02734375,6.897831439971924,2,107,2457446.6736197453,2457450.6736197453,True
2054505233904010880,2054505233904010947,68,2457468.6074655205,312.89333089192706,8.269056479136148,3,112,2457466.6736197453,2457470.6736197453,True
2054505233904010880,2054505233904010947,68,2457541.4228921547,312.71514892578125,8.426129341125488,1,130,2457538.6736197453,2457542.6736197453,True
2054505233904010880,2054505233904010947,68,2457562.01097795,314.9535827636719,8.879512548446655,2,135,2457558.6736197453,2457562.6736197453,True
2054505233904010880,2054505233904010947,68,2457607.505968758,322.5966084798177,7.630719820658366,3,147,2457606.6736197453,2457610.6736197453,True
2054505233904010880,2054505233904010947,68,2457616.652483212,307.9984944661458,8.046858469645182,3,149,2457614.6736197453,2457618.6736197453,True
2054505233904010880,2054505233904010947,68,2457661.0596672352,319.9714050292969,7.291284561157227,1,160,2457658.6736197453,2457662.6736197453,True
2054505233904010880,2054505233904010947,68,2457752.265751965,302.4749755859375,7.350319862365723,1,183,2457750.6736197453,2457754.6736197453,True
2054505233904010880,2054505233904010947,68,2457773.1097224187,319.48895263671875,7.606562972068787,4,188,2457770.6736197453,2457774.6736197453,True
2054505233904010880,2054505233904010947,68,2457824.2792710513,323.2886657714844,8.206626415252686,2,201,2457822.6736197453,2457826.6736197453,True
2054505233904010880,2054505233904010947,68,2457849.2809965545,319.77162170410156,6.977387428283691,2,207,2457846.6736197453,2457850.6736197453,True
2054505233904010880,2054505233904010947,68,2457882.5531645347,306.9276123046875,7.123121738433838,1,215,2457878.6736197453,2457882.6736197453,True
2054505233904010880,2054505233904010947,68,2457882.729322303,320.9456787109375,11.74277114868164,1,216,2457882.6736197453,2457886.6736197453,True
2054505233904010880,2054505233904010947,68,2457938.0226065894,313.3321838378906,6.874752521514893,1,229,2457934.6736197453,2457938.6736197453,True
2054505233904010880,2054505233904010947,68,2457984.101492003,315.87685139973956,8.638001283009848,3,241,2457982.6736197453,2457986.6736197453,True
2054505233904010880,2054505233904010947,68,2457994.177141352,313.99952697753906,9.696399211883545,2,243,2457990.6736197453,2457994.6736197453,True
2054505233904010880,2054505233904010947,68,2458091.8516853256,316.7729949951172,7.918387174606323,2,268,2458090.6736197453,2458094.6736197453,True
2054505233904010880,2054505233904010947,68,2458133.4960138435,319.0164337158203,7.266178131103516,2,278,2458130.6736197453,2458134.6736197453,True
2054505233904010880,2054505233904010947,68,2458151.4667666242,313.60794830322266,10.312366843223572,4,283,2458150.6736197453,2458154.6736197453,True
2054505233904010880,2054505233904010947,68,2458201.4532247093,316.9641418457031,9.076111316680908,2,295,2458198.6736197453,2458202.6736197453,True
2054505233904010880,2054505233904010947,68,2458229.324282432,315.31739807128906,8.864835739135742,2,302,2458226.6736197453,2458230.6736197453,True
2054505233904010880,2054505233904010947,68,2458259.276020478,319.5758972167969,10.73879051208496,1,310,2458258.6736197453,2458262.6736197453,True
2054505233904010880,2054505233904010947,68,2458299.5224544033,318.7702178955078,6.94363808631897,2,320,2458298.6736197453,2458302.6736197453,True
2054505233904010880,2054505233904010947,68,2458314.0266031995,316.3939666748047,6.957325220108032,2,323,2458310.6736197453,2458314.6736197453,True
2054505233904010880,2054505233904010947,68,2458360.211232272,316.5098571777344,6.802500009536743,2,335,2458358.6736197453,2458362.6736197453,True
2054505233904010880,2054505233904010947,68,2458412.955551034,327.53887939453125,8.524835586547852,1,348,2458410.6736197453,2458414.6736197453,True
2054505233904010880,2054505233904010947,68,2458439.1968914187,314.8310546875,8.330953598022461,1,355,2458438.6736197453,2458442.6736197453,True
2054505233904010880,2054505233904010947,68,2458468.3998296624,318.8859405517578,8.204521894454956,2,362,2458466.6736197453,2458470.6736197453,True
2054505233904010880,2054505233904010947,68,2458514.979901159,319.19163004557294,8.000746409098307,3,374,2458514.6736197453,2458518.6736197453,True
2054505233904010880,2054505233904010947,68,2458609.0792881628,311.9007873535156,6.213162899017334,1,397,2458606.6736197453,2458610.6736197453,True
2054505233904010880,2054505233904010947,68,2458635.8219803805,321.8132019042969,6.190865993499756,1,404,2458634.6736197453,2458638.6736197453,True
2054505233904010880,2054505233904010947,68,2458678.0614405526,319.38096618652344,6.343002796173096,2,414,2458674.6736197453,2458678.6736197453,True
2054505233904010880,2054505233904010947,68,2458700.620477845,317.90029296875,7.552178859710693,5,420,2458698.6736197453,2458702.6736197453,True
2054505233904010880,2054505233904010947,68,2458718.165323838,317.5658772786458,8.467332363128662,3,424,2458714.6736197453,2458718.6736197453,True
2054505233904010880,2054505233904010947,68,2458765.75508064,320.9346466064453,7.13434362411499,2,436,2458762.6736197453,2458766.6736197453,True
2054505233904010880,2054505233904010947,68,2458861.0745948646,317.89239501953125,7.363604784011841,2,460,2458858.6736197453,2458862.6736197453,True
2117350191811386496,2117350191811386561,70,2456997.1528998064,146.73957061767578,6.446529150009155,2,0,2456997.115896288,2457001.115896288,True
2117350191811386496,2117350191811386561,70,2457025.1123211537,139.72183227539062,21.83511325293616,1,6,2457021.115896288,2457025.115896288,False
2117350191811386496,2117350191811386561,70,2457025.186328748,155.07005310058594,5.855417728424072,1,7,2457025.115896288,2457029.115896288,True
2117350191811386496,2117350191811386561,70,2457063.1320898933,143.7858428955078,6.551640033721924,2,16,2457061.115896288,2457065.115896288,True
2117350191811386496,2117350191811386561,70,2457092.8736852817,136.9918441772461,6.2049877643585205,2,23,2457089.115896288,2457093.115896288,True
2117350191811386496,2117350191811386561,70,2457160.0801333645,128.03033447265625,8.701884984970093,2,40,2457157.115896288,2457161.115896288,True
2117350191811386496,2117350191811386561,70,2457223.2805752233,132.76375579833984,4.539823770523071,2,56,2457221.115896288,2457225.115896288,True
2117350191811386496,2117350191811386561,70,2457242.781245712,130.41445922851562,5.906065940856934,2,61,2457241.115896288,2457245.115896288,True
2117350191811386496,2117350191811386561,70,2457281.990415745,136.08296966552734,6.166253566741943,2,71,2457281.115896288,2457285.115896288,True
2117350191811386496,2117350191811386561,70,2457308.195984052,135.70033264160156,8.45669174194336,1,77,2457305.115896288,2457309.115896288,True
2117350191811386496,2117350191811386561,70,2457340.7151125628,131.18792724609375,5.329633951187134,2,85,2457337.115896288,2457341.115896288,True
2117350191811386496,2117350191811386561,70,2457376.07359559,133.72313690185547,6.182910680770874,2,94,2457373.115896288,2457377.115896288,True
2117350191811386496,2117350191811386561,70,2457440.716238929,138.5809326171875,4.651895999908447,1,110,2457437.115896288,2457441.115896288,True
2117350191811386496,2117350191811386561,70,2457500.369805681,177.44850158691406,44.96376419067383,1,125,2457497.115896288,2457501.115896288,True
2117350191811386496,2117350191811386561,70,2457559.1208172506,162.18531799316406,6.639108896255493,2,140,2457557.115896288,2457561.115896288,True
2117350191811386496,2117350191811386561,70,2457620.859035067,164.19686664543786,5.166030800220607,1,155,2457617.115896288,2457621.115896288,False
2117350191811386496,2117350191811386561,70,2457658.8221449964,168.44265747070312,9.593877792358398,1,165,2457657.115896288,2457661.115896288,True
2117350191811386496,2117350191811386561,70,2457686.8123023016,155.7291717529297,4.523083686828613,1,172,2457685.115896288,2457689.115896288,True
2117350191811386496,2117350191811386561,70,2457754.870034126,165.99435424804688,6.081290245056152,2,189,2457753.115896288,2457757.115896288,True
2117350191811386496,2117350191811386561,70,2457782.242837128,160.2671356201172,5.871331691741943,2,196,2457781.115896288,2457785.115896288,True
2117350191811386496,2117350191811386561,70,2457818.15859529,168.21894073486328,6.971376657485962,2,205,2457817.115896288,2457821.115896288,True
2117350191811386496,2117350191811386561,70,2457877.296002644,169.59423828125,6.758794784545898,1,220,2457877.115896288,2457881.115896288,True
2117350191811386496,2117350191811386561,70,2457936.256779559,170.56268310546875,5.359469413757324,1,234,2457933.115896288,2457937.115896288,True
2117350191811386496,2117350191811386561,70,2457998.957135324,185.86773681640625,4.942665100097656,1,250,2457997.115896288,2458001.115896288,True
2117350191811386496,2117350191811386561,70,2458035.850921252,186.50656127929688,5.247917652130127,1,259,2458033.115896288,2458037.115896288,True
2117350191811386496,2117350191811386561,70,2458065.6257439773,188.1796646118164,5.882872104644775,2,267,2458065.115896288,2458069.115896288,True
2117350191811386496,2117350191811386561,70,2458133.3492345093,190.67035675048828,6.330679178237915,2,284,2458133.115896288,2458137.115896288,True
2117350191811386496,2117350191811386561,70,2458161.132983269,196.89743041992188,10.608217239379885,1,291,2458161.115896288,2458165.115896288,True
2117350191811386496,2117350191811386561,70,2458195.367311889,195.70106506347656,5.031655788421631,1,299,2458193.115896288,2458197.115896288,True
2117350191811386496,2117350191811386561,70,2458229.3089752877,197.01370239257812,6.166258096694946,2,308,2458229.115896288,2458233.115896288,True
2117350191811386496,2117350191811386561,70,2458254.340409913,196.7342834472656,7.354416370391846,1,314,2458253.115896288,2458257.115896288,True
2117350191811386496,2117350191811386561,70,2458294.473076161,196.09866333007807,6.6843085289001465,1,324,2458293.115896288,2458297.115896288,True
2117350191811386496,2117350191811386561,70,2458313.724143982,184.06930541992188,7.2971110343933105,1,329,2458313.115896288,2458317.115896288,True
2117350191811386496,2117350191811386561,70,2458354.464368134,191.80333709716797,7.158574104309082,2,339,2458353.115896288,2458357.115896288,True
2117350191811386496,2117350191811386561,70,2458377.4243342243,201.64942932128903,8.578822135925293,1,345,2458377.115896288,2458381.115896288,True
2117350191811386496,2117350191811386561,70,2458412.7206830336,200.02581787109372,7.182315349578857,1,353,2458409.115896288,2458413.115896288,True
2117350191811386496,2117350191811386561,70,2458444.4566186685,191.43734741210935,9.1115083694458,1,361,2458441.115896288,2458445.115896288,True
2117350191811386496,2117350191811386561,70,2458473.2005994585,214.8056488037109,7.115384578704834,1,369,2458473.115896288,2458477.115896288,True
2117350191811386496,2117350191811386561,70,2458511.5214097267,187.94700622558594,7.200897455215454,2,378,2458509.115896288,2458513.115896288,True
2117350191811386496,2117350191811386561,70,2458540.1410714625,198.65509033203125,6.897783994674683,2,385,2458537.115896288,2458541.115896288,True
2117350191811386496,2117350191811386561,70,2458572.589839027,204.8811492919922,8.830110549926758,1,393,2458569.115896288,2458573.115896288,True
2117350191811386496,2117350191811386561,70,2458607.887495272,208.2035980224609,7.190690040588379,1,402,2458605.115896288,2458609.115896288,True
2117350191811386496,2117350191811386561,70,2458631.3101261444,215.92225646972656,7.430108547210693,1,408,2458629.115896288,2458633.115896288,True
2117350191811386496,2117350191811386561,70,2458672.050921549,231.66354370117188,6.848597288131714,2,418,2458669.115896288,2458673.115896288,True
2117350191811386496,2117350191811386561,70,2458696.609122245,233.9911193847656,12.129940032958984,1,424,2458693.115896288,2458697.115896288,True
2117350191811386496,2117350191811386561,70,2458726.9404808073,227.6156234741211,6.60370135307312,2,432,2458725.115896288,2458729.115896288,True
2117350191811386496,2117350191811386561,70,2458759.9606536394,232.7109222412109,8.867562294006348,1,440,2458757.115896288,2458761.115896288,True
2117350191811386496,2117350191811386561,70,2458794.783527843,222.29202270507807,7.062823295593262,1,449,2458793.115896288,2458797.115896288,True
2117350191811386496,2117350191811386561,70,2458817.06682003,232.1895751953125,5.756025314331055,1,454,2458813.115896288,2458817.115896288,True
2117350191811386496,2117350191811386561,70,2458855.415257046,223.1020965576172,7.483257293701172,1,464,2458853.115896288,2458857.115896288,True
2117350191811386496,2117350191811386563,69,2456997.152899687,100.56043243408203,7.348823308944702,2,0,2456997.115896163,2457001.115896163,True
2117350191811386496,2117350191811386563,69,2457025.112321859,109.9126434326172,4.315176963806152,1,6,2457021.115896163,2457025.115896163,True
2117350191811386496,2117350191811386563,69,2457025.1863294644,104.88143920898438,5.201357364654541,1,7,2457025.115896163,2457029.115896163,True
2117350191811386496,2117350191811386563,69,2457063.1320905415,114.46719360351562,6.15074348449707,2,16,2457061.115896163,2457065.115896163,True
2117350191811386496,2117350191811386563,69,2457092.836681934,115.06510925292967,5.841792106628418,1,23,2457089.115896163,2457093.115896163,True
2117350191811386496,2117350191811386563,69,2457123.3242443856,112.0344696044922,6.282991409301758,1,31,2457121.115896163,2457125.115896163,True
2117350191811386496,2117350191811386563,69,2457160.0801327443,107.71172332763672,5.21387505531311,2,40,2457157.115896163,2457161.115896163,True
2117350191811386496,2117350191811386563,69,2457223.2805745807,103.31988906860352,4.760302305221558,2,56,2457221.115896163,2457225.115896163,True
2117350191811386496,2117350191811386563,69,2457281.9904157505,108.06930923461914,4.810637831687927,2,71,2457281.115896163,2457285.115896163,True
2117350191811386496,2117350191811386563,69,2457308.195983404,111.37946319580078,7.133409023284912,1,77,2457305.115896163,2457309.115896163,True
2117350191811386496,2117350191811386563,69,2457340.752116684,114.7547607421875,4.664789199829102,1,85,2457337.115896163,2457341.115896163,True
2117350191811386496,2117350191811386563,69,2457376.07359567,101.39351654052734,5.867260694503784,2,94,2457373.115896163,2457377.115896163,True
2117350191811386496,2117350191811386563,69,2457403.4092296404,111.69403839111328,7.3244194984436035,1,101,2457401.115896163,2457405.115896163,True
2117350191811386496,2117350191811386563,69,2457440.7162396344,105.13418579101562,4.114384651184082,1,110,2457437.115896163,2457441.115896163,True
2117350191811386496,2117350191811386563,69,2457471.8801170974,107.9545669555664,4.98883056640625,1,118,2457469.115896163,2457473.115896163,True
2117350191811386496,2117350191811386563,69,2457559.083813596,109.73323822021484,4.730764865875244,1,140,2457557.115896163,2457561.115896163,True
2117350191811386496,2117350191811386563,69,2457754.870034399,106.07226943969727,6.216641664505005,2,189,2457753.115896163,2457757.115896163,True
2117350191811386496,2117350191811386563,69,2457782.242837663,103.99240493774414,4.711147785186768,2,196,2457781.115896163,2457785.115896163,True
2117350191811386496,2117350191811386563,69,2457818.1585960183,113.01738739013672,5.120561003684998,2,205,2457817.115896163,2457821.115896163,True
2117350191811386496,2117350191811386563,69,2457936.256779309,103.99964141845705,4.833620548248291,1,234,2457933.115896163,2457937.115896163,True
2117350191811386496,2117350191811386563,69,2457977.4585312894,102.46118927001952,6.252483367919922,1,245,2457977.115896163,2457981.115896163,True
2117350191811386496,2117350191811386563,69,2458035.850921524,101.8851318359375,4.669577598571777,1,259,2458033.115896163,2458037.115896163,True
2117350191811386496,2117350191811386563,69,2458133.3862384087,106.79216003417967,6.382648468017578,1,284,2458133.115896163,2458137.115896163,True
2117350191811386496,2117350191811386563,69,2458161.132983656,109.70310974121094,15.446859359741213,1,291,2458161.115896163,2458165.115896163,True
2117350191811386496,2117350191811386563,69,2458195.367312605,107.3276596069336,4.200541973114014,1,299,2458193.115896163,2458197.115896163,True
2117350191811386496,2117350191811386563,69,2458229.3089748556,106.0998420715332,5.98936128616333,2,308,2458229.115896163,2458233.115896163,True
2117350191811386496,2117350191811386563,69,2458254.340410277,96.2159423828125,6.0249104499816895,1,314,2458253.115896163,2458257.115896163,True
2117350191811386496,2117350191811386563,69,2458294.473075433,108.2471694946289,3.6844642162323,1,324,2458293.115896163,2458297.115896163,True
2117350191811386496,2117350191811386563,69,2458354.501371305,104.06531524658205,5.303935527801514,1,339,2458353.115896163,2458357.115896163,True
2117350191811386496,2117350191811386563,69,2458377.4243334965,107.34828186035156,7.19286584854126,1,345,2458377.115896163,2458381.115896163,True
2117350191811386496,2117350191811386563,69,2458412.72068342,109.96810913085938,6.038319110870361,1,353,2458409.115896163,2458413.115896163,True
2117350191811386496,2117350191811386563,69,2458444.4566183616,103.139892578125,3.860002040863037,1,361,2458441.115896163,2458445.115896163,True
2117350191811386496,2117350191811386563,69,2458473.200600175,117.29808044433594,10.416289329528809,1,369,2458473.115896163,2458477.115896163,True
2117350191811386496,2117350191811386563,69,2458511.6094895373,105.09115600585938,6.386828899383545,1,378,2458509.115896163,2458513.115896163,True
2117350191811386496,2117350191811386563,69,2458607.8874947373,99.87186431884766,7.252005577087402,1,402,2458605.115896163,2458609.115896163,True
2117350191811386496,2117350191811386563,69,2458631.310126372,108.13643646240234,6.236976623535156,1,408,2458629.115896163,2458633.115896163,True
2117350191811386496,2117350191811386563,69,2458726.903477045,102.4713134765625,4.695663928985596,1,432,2458725.115896163,2458729.115896163,True
2117350191811386496,2117350191811386563,69,2458759.9606529456,117.00568389892578,5.65964412689209,1,440,2458757.115896163,2458761.115896163,True
2117350191811386496,2117350191811386563,69,2458794.820531845,101.9263572692871,5.7273993492126465,2,449,2458793.115896163,2458797.115896163,True
2117350191811386496,2117350191811386563,69,2458817.066819825,104.92749786376952,5.108916282653809,1,454,2458813.115896163,2458817.115896163,True
2117350191811386496,2117350191811386563,69,2458855.41525774,105.314453125,4.295480251312256,1,464,2458853.115896163,2458857.115896163,True
2126077874598020352,2126077874598020417,73,2456995.1497980966,4913.82568359375,25.118704795837402,2,7,2456991.8767005284,2456995.8767005284,True
2126077874598020352,2126077874598020417,73,2457023.394378459,4878.838623046875,51.3277473449707,2,14,2457019.8767005284,2457023.8767005284,True
2126077874598020352,2126077874598020417,73,2457063.3771432904,4909.8203125,23.980530738830566,2,24,2457059.8767005284,2457063.8767005284,True
2126077874598020352,2126077874598020417,73,2457091.087941984,4924.3505859375,25.65390968322754,1,31,2457087.8767005284,2457091.8767005284,True
2126077874598020352,2126077874598020417,73,2457124.984766784,4913.894287109375,24.011752128601074,2,40,2457123.8767005284,2457127.8767005284,True
2126077874598020352,2126077874598020417,73,2457160.122269601,4909.494140625,21.96003150939941,1,49,2457159.8767005284,2457163.8767005284,True
2126077874598020352,2126077874598020417,73,2457225.034317664,4937.898193359375,26.815427780151367,2,65,2457223.8767005284,2457227.8767005284,True
2126077874598020352,2126077874598020417,73,2457306.697765934,4896.20068359375,23.995819091796875,1,85,2457303.8767005284,2457307.8767005284,True
2126077874598020352,2126077874598020417,73,2457374.194352652,4932.874755859375,27.19699478149414,2,102,2457371.8767005284,2457375.8767005284,True
2126077874598020352,2126077874598020417,73,2457401.442052036,4923.002197265625,26.427061080932617,2,109,2457399.8767005284,2457403.8767005284,True
2126077874598020352,2126077874598020417,73,2457441.424834412,4930.427001953125,25.29158878326416,2,119,2457439.8767005284,2457443.8767005284,True
2126077874598020352,2126077874598020417,73,2457470.4195943084,4930.636962890625,122.31469917297363,2,126,2457467.8767005284,2457471.8767005284,True
2126077874598020352,2126077874598020417,73,2457502.119263564,4903.3701171875,24.22502899169922,1,134,2457499.8767005284,2457503.8767005284,True
2126077874598020352,2126077874598020417,73,2457538.8764203624,4923.740966796875,23.436880111694336,2,143,2457535.8767005284,2457539.8767005284,True
2126077874598020352,2126077874598020417,73,2457560.588056937,4890.568359375,24.391788482666016,1,149,2457559.8767005284,2457563.8767005284,True
2126077874598020352,2126077874598020417,73,2457602.324919046,4907.5712890625,27.57196044921875,2,159,2457599.8767005284,2457603.8767005284,True
2126077874598020352,2126077874598020417,73,2457620.363727406,4936.11865234375,23.846649169921875,1,164,2457619.8767005284,2457623.8767005284,True
2126077874598020352,2126077874598020417,73,2457685.062963675,4876.130859375,30.26078414916992,1,180,2457683.8767005284,2457687.8767005284,True
2126077874598020352,2126077874598020417,73,2457753.2769332416,4910.14697265625,22.0759334564209,1,197,2457751.8767005284,2457755.8767005284,True
2126077874598020352,2126077874598020417,73,2457779.7765291748,4921.20458984375,30.43624496459961,1,203,2457775.8767005284,2457779.8767005284,True
2126077874598020352,2126077874598020417,73,2457779.952686977,4917.99658203125,28.327787399291992,1,204,2457779.8767005284,2457783.8767005284,True
2126077874598020352,2126077874598020417,73,2457849.5204786025,4945.269775390625,25.503389358520508,2,221,2457847.8767005284,2457851.8767005284,True
2126077874598020352,2126077874598020417,73,2457879.222558449,4938.9833984375,25.87729835510254,1,228,2457875.8767005284,2457879.8767005284,True
2126077874598020352,2126077874598020417,73,2457937.474657242,4939.76904296875,51.48469352722168,2,243,2457935.8767005284,2457939.8767005284,True
2126077874598020352,2126077874598020417,73,2457979.4232561802,4928.195556640625,28.02851295471191,2,253,2457975.8767005284,2457979.8767005284,True
2126077874598020352,2126077874598020417,73,2457998.299429573,4937.29833984375,22.94057559967041,2,258,2457995.8767005284,2457999.8767005284,True
2126077874598020352,2126077874598020417,73,2458094.861149581,4923.017578125,24.238829612731934,2,282,2458091.8767005284,2458095.8767005284,True
2126077874598020352,2126077874598020417,73,2458132.3068321794,4925.0107421875,23.8630313873291,1,292,2458131.8767005284,2458135.8767005284,True
2126077874598020352,2126077874598020417,73,2458158.8442154606,4934.46435546875,24.577231407165527,2,298,2458155.8767005284,2458159.8767005284,True
2126077874598020352,2126077874598020417,73,2458256.091812806,4929.15087890625,23.18697738647461,1,323,2458255.8767005284,2458259.8767005284,True
2126077874598020352,2126077874598020417,73,2458314.516299334,4940.1328125,28.461551666259766,2,337,2458311.8767005284,2458315.8767005284,True
2126077874598020352,2126077874598020417,73,2458356.4279474257,4911.30810546875,25.602935791015625,1,348,2458355.8767005284,2458359.8767005284,True
2126077874598020352,2126077874598020417,73,2458376.339818175,4674.63818359375,71.55335140228271,2,353,2458375.8767005284,2458379.8767005284,True
2126077874598020352,2126077874598020417,73,2458442.454794419,4913.955078125,28.47638702392578,1,369,2458439.8767005284,2458443.8767005284,True
2126077874598020352,2126077874598020417,73,2458472.1584836533,4860.026611328125,67.71192741394043,2,377,2458471.8767005284,2458475.8767005284,True
2126077874598020352,2126077874598020417,73,2458537.8907199353,4884.379150390625,27.440011024475098,2,393,2458535.8767005284,2458539.8767005284,True
2126077874598020352,2126077874598020417,73,2458574.0875171386,4865.048828125,37.57477951049805,1,402,2458571.8767005284,2458575.8767005284,True
2126077874598020352,2126077874598020417,73,2458633.0995696075,4862.8876953125,30.49643611907959,2,417,2458631.8767005284,2458635.8767005284,True
2126077874598020352,2126077874598020417,73,2458673.555394289,4879.375144798498,36.188178514176,2,427,2458671.8767005284,2458675.8767005284,
2126077874598020352,2126077874598020417,73,2458724.7247756384,4915.5498046875,23.742956161499023,1,440,2458723.8767005284,2458727.8767005284,True
2126077874598020352,2126077874598020417,73,2458761.464902417,4936.5380859375,23.0573787689209,1,449,2458759.8767005284,2458763.8767005284,True
2126077874598020352,2126077874598020417,73,2458856.73666001,4911.89501953125,28.28282356262207,1,473,2458855.8767005284,2458859.8767005284,True
2126077874598020352,2126077874598020421,71,2456963.9137024824,656.8758850097656,9.961387634277344,2,0,2456963.8766990383,2456967.8766990383,True
2126077874598020352,2126077874598020421,71,2456995.1497969595,655.4460144042969,11.412424564361572,2,7,2456991.8766990383,2456995.8766990383,True
2126077874598020352,2126077874598020421,71,2457023.3943779017,662.5571899414062,9.589199542999268,2,14,2457019.8766990383,2457023.8766990383,True
2126077874598020352,2126077874598020421,71,2457063.3771420107,659.1052856445312,9.19633674621582,2,24,2457059.8766990383,2457063.8766990383,True
2126077874598020352,2126077874598020421,71,2457091.0879432578,659.0595092773438,10.455796241760254,1,31,2457087.8766990383,2457091.8766990383,True
2126077874598020352,2126077874598020421,71,2457124.8966879286,655.3651733398438,8.655030250549316,1,40,2457123.8766990383,2457127.8766990383,True
2126077874598020352,2126077874598020421,71,2457160.122270944,668.5128784179688,9.703886032104492,1,49,2457159.8766990383,2457163.8766990383,True
2126077874598020352,2126077874598020421,71,2457225.0343177384,672.6038818359375,14.306183338165283,2,65,2457223.8766990383,2457227.8766990383,True
2126077874598020352,2126077874598020421,71,2457242.749377722,657.4469604492188,9.483782768249512,1,69,2457239.8766990383,2457243.8766990383,True
2126077874598020352,2126077874598020421,71,2457283.488622072,660.3145141601562,10.011978149414062,2,79,2457279.8766990383,2457283.8766990383,True
2126077874598020352,2126077874598020421,71,2457306.6977660363,659.582763671875,9.883572578430176,1,85,2457303.8766990383,2457307.8766990383,True
2126077874598020352,2126077874598020421,71,2457374.1943512755,649.7825927734375,9.387020111083984,2,102,2457371.8766990383,2457375.8766990383,True
2126077874598020352,2126077874598020421,71,2457401.4420518195,666.7216491699219,9.159948348999023,2,109,2457399.8766990383,2457403.8766990383,True
2126077874598020352,2126077874598020421,71,2457441.4248333657,655.561767578125,8.519346714019775,2,119,2457439.8766990383,2457443.8766990383,True
2126077874598020352,2126077874598020421,71,2457470.419595776,658.141357421875,11.048215389251709,2,126,2457467.8766990383,2457471.8766990383,True
2126077874598020352,2126077874598020421,71,2457502.1192638483,656.2055053710938,11.14128303527832,1,134,2457499.8766990383,2457503.8766990383,True
2126077874598020352,2126077874598020421,71,2457538.876421534,656.044677734375,8.828404903411865,2,143,2457535.8766990383,2457539.8766990383,True
2126077874598020352,2126077874598020421,71,2457560.58805837,644.01611328125,10.27207088470459,1,149,2457559.8766990383,2457563.8766990383,True
2126077874598020352,2126077874598020421,71,2457602.324918772,653.28076171875,8.80382776260376,2,159,2457599.8766990383,2457603.8766990383,True
2126077874598020352,2126077874598020421,71,2457620.3637285777,650.65234375,9.363323211669922,1,164,2457619.8766990383,2457623.8766990383,True
2126077874598020352,2126077874598020421,71,2457685.06296347,653.8060913085938,11.784070014953612,1,180,2457683.8766990383,2457687.8766990383,True
2126077874598020352,2126077874598020421,71,2457779.776529345,676.5283813476562,12.848052978515623,1,203,2457775.8766990383,2457779.8766990383,True
2126077874598020352,2126077874598020421,71,2457779.952687148,659.2454833984375,8.37743091583252,1,204,2457779.8766990383,2457783.8766990383,True
2126077874598020352,2126077874598020421,71,2457819.2428330565,669.1185913085938,8.874027252197266,1,213,2457815.8766990383,2457819.8766990383,True
2126077874598020352,2126077874598020421,71,2457849.520480149,658.7108764648438,9.27260971069336,2,221,2457847.8766990383,2457851.8766990383,True
2126077874598020352,2126077874598020421,71,2457879.222559006,660.8411865234375,9.79450225830078,1,228,2457875.8766990383,2457879.8766990383,True
2126077874598020352,2126077874598020421,71,2457937.5116621824,660.2756958007812,8.936800956726074,1,243,2457935.8766990383,2457939.8766990383,True
2126077874598020352,2126077874598020421,71,2457979.38625202,657.0911865234375,8.934731483459473,1,253,2457975.8766990383,2457979.8766990383,True
2126077874598020352,2126077874598020421,71,2457998.211351491,651.4188842773438,7.610544204711914,1,258,2457995.8766990383,2457999.8766990383,True
2126077874598020352,2126077874598020421,71,2458036.8473492432,658.0846557617188,8.438936233520508,1,268,2458035.8766990383,2458039.8766990383,True
2126077874598020352,2126077874598020421,71,2458063.7502214555,659.7958984375,9.487979412078857,2,274,2458059.8766990383,2458063.8766990383,True
2126077874598020352,2126077874598020421,71,2458094.861148512,654.0829772949219,9.349169731140137,2,282,2458091.8766990383,2458095.8766990383,True
2126077874598020352,2126077874598020421,71,2458132.306830632,664.8722534179688,9.192878723144531,1,292,2458131.8766990383,2458135.8766990383,True
2126077874598020352,2126077874598020421,71,2458158.844216052,658.9584045410156,10.025743007659912,2,298,2458155.8766990383,2458159.8766990383,True
2126077874598020352,2126077874598020421,71,2458196.7022499545,659.3697204589844,9.754697799682617,2,308,2458195.8766990383,2458199.8766990383,True
2126077874598020352,2126077874598020421,71,2458228.6002515294,647.5261840820312,14.277873039245604,1,316,2458227.8766990383,2458231.8766990383,True
2126077874598020352,2126077874598020421,71,2458256.091813625,659.8436279296875,7.919664859771728,1,323,2458255.8766990383,2458259.8766990383,True
2126077874598020352,2126077874598020421,71,2458295.514931177,649.7252807617188,8.421955108642578,2,332,2458291.8766990383,2458295.8766990383,True
2126077874598020352,2126077874598020421,71,2458314.5163008925,645.5856323242188,9.760314464569092,2,337,2458311.8766990383,2458315.8766990383,True
2126077874598020352,2126077874598020421,71,2458356.4279465047,634.8214721679688,10.933259963989258,1,348,2458355.8766990383,2458359.8766990383,True
2126077874598020352,2126077874598020421,71,2458376.3398188455,652.351806640625,9.753419876098633,2,353,2458375.8766990383,2458379.8766990383,True
2126077874598020352,2126077874598020421,71,2458413.46647889,661.5134887695312,10.521025657653809,1,362,2458411.8766990383,2458415.8766990383,True
2126077874598020352,2126077874598020421,71,2458442.454793577,654.2713012695312,9.021560668945312,1,369,2458439.8766990383,2458443.8766990383,True
2126077874598020352,2126077874598020421,71,2458472.1584828235,668.5368041992188,24.700554847717285,2,377,2458471.8766990383,2458475.8766990383,True
2126077874598020352,2126077874598020421,71,2458511.266158994,659.1718444824219,9.65079402923584,2,386,2458507.8766990383,2458511.8766990383,True
2126077874598020352,2126077874598020421,71,2458537.9277240518,640.4512329101562,10.66993236541748,1,393,2458535.8766990383,2458539.8766990383,True
2126077874598020352,2126077874598020421,71,2458574.087516877,655.2643432617188,10.263943672180176,1,402,2458571.8766990383,2458575.8766990383,True
2126077874598020352,2126077874598020421,71,2458607.6053830967,671.3481475149404,7.097801236637942,2,410,2458603.8766990383,2458607.8766990383,
2126077874598020352,2126077874598020421,71,2458633.0995706767,661.2514038085938,9.863202095031738,2,417,2458631.8766990383,2458635.8766990383,True
2126077874598020352,2126077874598020421,71,2458673.555394687,653.5431518554688,9.414276123046875,2,427,2458671.8766990383,2458675.8766990383,True
2126077874598020352,2126077874598020421,71,2458696.4010575446,644.8029479980469,14.048849105834961,2,433,2458695.8766990383,2458699.8766990383,True
2126077874598020352,2126077874598020421,71,2458724.687771347,660.3033752441406,8.608672857284546,2,440,2458723.8766990383,2458727.8766990383,True
2126077874598020352,2126077874598020421,71,2458761.464902668,660.2778930664062,11.08058738708496,1,449,2458759.8766990383,2458763.8766990383,True
2126077874598020352,2126077874598020421,71,2458856.736659636,666.5111694335938,10.731585502624512,1,473,2458855.8766990383,2458859.8766990383,True
2126077874598020352,2126077874598020423,72,2456963.913702881,441.24510192871094,9.13125228881836,2,0,2456963.8766994365,2456967.8766994365,True
2126077874598020352,2126077874598020423,72,2456995.1497981194,428.63539123535156,8.184654474258423,2,7,2456991.8766994365,2456995.8766994365,True
2126077874598020352,2126077874598020423,72,2457023.394377248,423.0385437011719,8.9136061668396,2,14,2457019.8766994365,2457023.8766994365,True
2126077874598020352,2126077874598020423,72,2457063.3771420224,442.55979919433594,8.17658805847168,2,24,2457059.8766994365,2457063.8766994365,True
2126077874598020352,2126077874598020423,72,2457091.087942143,444.1597290039063,7.2039642333984375,1,31,2457087.8766994365,2457091.8766994365,True
2126077874598020352,2126077874598020423,72,2457124.8966869614,463.4496154785156,7.17634391784668,1,40,2457123.8766994365,2457127.8766994365,True
2126077874598020352,2126077874598020423,72,2457160.12227083,468.9264526367188,14.043057441711426,1,49,2457159.8766994365,2457163.8766994365,True
2126077874598020352,2126077874598020423,72,2457225.034318665,487.0076904296875,8.023001909255981,2,65,2457223.8766994365,2457227.8766994365,True
2126077874598020352,2126077874598020423,72,2457242.7863810468,491.0706329345703,8.706928491592407,2,69,2457239.8766994365,2457243.8766994365,True
2126077874598020352,2126077874598020423,72,2457283.4886231422,495.4873504638672,8.236273765563965,2,79,2457279.8766994365,2457283.8766994365,True
2126077874598020352,2126077874598020423,72,2457306.697766958,503.1325073242188,11.323054313659668,1,85,2457303.8766994365,2457307.8766994365,True
2126077874598020352,2126077874598020423,72,2457374.1943523334,560.9813537597656,9.894808292388916,2,102,2457371.8766994365,2457375.8766994365,True
2126077874598020352,2126077874598020423,72,2457401.442050961,553.9610290527344,9.81080961227417,2,109,2457399.8766994365,2457403.8766994365,True
2126077874598020352,2126077874598020423,72,2457441.424833115,546.4430847167969,21.115155935287476,2,119,2457439.8766994365,2457443.8766994365,True
2126077874598020352,2126077874598020423,72,2457470.4195947973,582.2883911132812,8.94463062286377,2,126,2457467.8766994365,2457471.8766994365,True
2126077874598020352,2126077874598020423,72,2457502.1192627675,598.2901611328125,11.233384132385254,1,134,2457499.8766994365,2457503.8766994365,True
2126077874598020352,2126077874598020423,72,2457538.8764216537,614.3720703125,8.6025710105896,2,143,2457535.8766994365,2457539.8766994365,True
2126077874598020352,2126077874598020423,72,2457560.588057369,626.6438598632812,11.705403327941896,1,149,2457559.8766994365,2457563.8766994365,True
2126077874598020352,2126077874598020423,72,2457602.324919848,598.1357116699219,9.324540138244629,2,159,2457599.8766994365,2457603.8766994365,True
2126077874598020352,2126077874598020423,72,2457620.363728692,616.2372436523438,8.5230712890625,1,164,2457619.8766994365,2457623.8766994365,True
2126077874598020352,2126077874598020423,72,2457685.0629645167,596.7633056640625,8.966769218444824,1,180,2457683.8766994365,2457687.8766994365,True
2126077874598020352,2126077874598020423,72,2457753.276932593,564.6093139648438,7.372812271118164,1,197,2457751.8766994365,2457755.8766994365,True
2126077874598020352,2126077874598020423,72,2457779.7765283105,541.455322265625,16.309486389160156,1,203,2457775.8766994365,2457779.8766994365,True
2126077874598020352,2126077874598020423,72,2457779.952686113,549.8021850585938,9.956987380981444,1,204,2457779.8766994365,2457783.8766994365,True
2126077874598020352,2126077874598020423,72,2457819.2428325787,517.1858520507812,9.01756191253662,1,213,2457815.8766994365,2457819.8766994365,True
2126077874598020352,2126077874598020423,72,2457849.5204793587,497.3237609863281,9.069920063018799,2,221,2457847.8766994365,2457851.8766994365,True
2126077874598020352,2126077874598020423,72,2457879.222557857,495.9541320800781,10.2241792678833,1,228,2457875.8766994365,2457879.8766994365,True
2126077874598020352,2126077874598020423,72,2457937.4746579304,491.9057159423828,8.322999477386475,2,243,2457935.8766994365,2457939.8766994365,True
2126077874598020352,2126077874598020423,72,2457979.3862531795,479.7471618652344,8.675318717956543,1,253,2457975.8766994365,2457979.8766994365,True
2126077874598020352,2126077874598020423,72,2457998.2994308695,487.226806640625,9.240240097045898,2,258,2457995.8766994365,2457999.8766994365,True
2126077874598020352,2126077874598020423,72,2458036.8473500167,477.3932189941406,9.654695510864258,1,268,2458035.8766994365,2458039.8766994365,True
2126077874598020352,2126077874598020423,72,2458063.662143726,474.2640380859375,7.692062377929687,1,274,2458059.8766994365,2458063.8766994365,True
2126077874598020352,2126077874598020423,72,2458094.8611482847,474.29954528808594,8.802408695220947,2,282,2458091.8766994365,2458095.8766994365,True
2126077874598020352,2126077874598020423,72,2458132.3438348332,481.20423889160156,9.459216594696045,2,292,2458131.8766994365,2458135.8766994365,True
2126077874598020352,2126077874598020423,72,2458158.8442148976,474.96092224121094,6.9332756996154785,2,298,2458155.8766994365,2458159.8766994365,True
2126077874598020352,2126077874598020423,72,2458196.7022492783,473.37355041503906,9.46110463142395,2,308,2458195.8766994365,2458199.8766994365,True
2126077874598020352,2126077874598020423,72,2458228.600250961,454.09173583984375,11.1481294631958,1,316,2458227.8766994365,2458231.8766994365,True
2126077874598020352,2126077874598020423,72,2458256.091812442,445.9539489746094,8.239760398864746,1,323,2458255.8766994365,2458259.8766994365,True
2126077874598020352,2126077874598020423,72,2458295.5149317347,498.9163360595703,48.9702000617981,2,332,2458291.8766994365,2458295.8766994365,True
2126077874598020352,2126077874598020423,72,2458314.516300261,478.2091979980469,8.624549865722656,2,337,2458311.8766994365,2458315.8766994365,True
2126077874598020352,2126077874598020423,72,2458356.4279476986,483.5089721679688,7.018926620483398,1,348,2458355.8766994365,2458359.8766994365,True
2126077874598020352,2126077874598020423,72,2458376.33981942,484.7422332763672,9.391184329986572,2,353,2458375.8766994365,2458379.8766994365,True
2126077874598020352,2126077874598020423,72,2458413.4664794817,501.4422912597656,8.949091911315918,1,362,2458411.8766994365,2458415.8766994365,True
2126077874598020352,2126077874598020423,72,2458442.45479476,493.5952453613281,8.508316040039062,1,369,2458439.8766994365,2458443.8766994365,True
2126077874598020352,2126077874598020423,72,2458472.1584823737,490.65570068359375,8.899959087371826,2,377,2458471.8766994365,2458475.8766994365,True
2126077874598020352,2126077874598020423,72,2458511.266159295,480.97918701171875,9.722837924957275,2,386,2458507.8766994365,2458511.8766994365,True
2126077874598020352,2126077874598020423,72,2458537.927722868,503.2664489746094,23.629737854003903,1,393,2458535.8766994365,2458539.8766994365,True
2126077874598020352,2126077874598020423,72,2458574.087516035,494.2148132324219,12.764729499816896,1,402,2458571.8766994365,2458575.8766994365,True
2126077874598020352,2126077874598020423,72,2458607.6053827615,484.3204081373202,6.253536248987498,2,410,2458603.8766994365,2458607.8766994365,
2126077874598020352,2126077874598020423,72,2458633.099569494,488.07835388183594,8.913710117340088,2,417,2458631.8766994365,2458635.8766994365,True
2126077874598020352,2126077874598020423,72,2458673.5553954495,466.22862243652344,9.327632188796997,2,427,2458671.8766994365,2458675.8766994365,True
2126077874598020352,2126077874598020423,72,2458696.40105726,468.6323547363281,8.606318235397339,2,433,2458695.8766994365,2458699.8766994365,True
2126077874598020352,2126077874598020423,72,2458724.6877725357,466.1580810546875,8.0718514919281,2,440,2458723.8766994365,2458727.8766994365,True
2126077874598020352,2126077874598020423,72,2458761.464903509,482.1007080078125,8.571579933166504,1,449,2458759.8766994365,2458763.8766994365,True
2126077874598020352,2126077874598020423,72,2458794.528294964,450.71875,27.88742446899414,1,457,2458791.8766994365,2458795.8766994365,True
2126077874598020352,2126077874598020423,72,2458856.736658862,495.0675354003906,7.337172508239746,1,473,2458855.8766994365,2458859.8766994365,True
2143756097424677504,2143756097424677569,76,2456964.7060325327,2186.5712890625,15.403291702270508,1,0,2456964.7060325327,2456968.7060325327,True
2143756097424677504,2143756097424677569,76,2456996.36803671,2194.337646484375,16.91177749633789,1,7,2456992.7060325327,2456996.7060325327,True
2143756097424677504,2143756097424677569,76,2457025.8598962887,2229.443359375,36.678977966308594,1,15,2457024.7060325327,2457028.7060325327,True
2143756097424677504,2143756097424677569,76,2457061.8431914225,2208.3798828125,16.428855895996094,1,24,2457060.7060325327,2457064.7060325327,True
2143756097424677504,2143756097424677569,76,2457123.0708747087,2197.0947265625,17.604412078857422,1,39,2457120.7060325327,2457124.7060325327,True
2143756097424677504,2143756097424677569,76,2457159.0434444183,2209.692138671875,16.422916412353516,1,48,2457156.7060325327,2457160.7060325327,True
2143756097424677504,2143756097424677569,76,2457308.4863367546,2182.4866943359375,24.6031551361084,2,85,2457304.7060325327,2457308.7060325327,True
2143756097424677504,2143756097424677569,76,2457341.965152491,2185.5147705078125,15.12914514541626,2,94,2457340.7060325327,2457344.7060325327,True
2143756097424677504,2143756097424677569,76,2457374.949874322,2197.762939453125,17.08076524734497,2,102,2457372.7060325327,2457376.7060325327,True
2143756097424677504,2143756097424677569,76,2457439.63987128,2211.49560546875,15.361027717590332,1,118,2457436.7060325327,2457440.7060325327,True
2143756097424677504,2143756097424677569,76,2457470.701562647,2187.158203125,18.162111282348636,1,126,2457468.7060325327,2457472.7060325327,True
2143756097424677504,2143756097424677569,76,2457500.366494021,2194.0361328125,15.582027435302734,1,133,2457496.7060325327,2457500.7060325327,True
2143756097424677504,2143756097424677569,76,2457537.3720062827,2193.6951904296875,13.81867265701294,2,143,2457536.7060325327,2457540.7060325327,True
2143756097424677504,2143756097424677569,76,2457560.1195839425,2192.5115966796875,16.70729112625122,2,148,2457556.7060325327,2457560.7060325327,True
2143756097424677504,2143756097424677569,76,2457621.8611942045,2192.9541015625,14.187724113464355,1,164,2457620.7060325327,2457624.7060325327,True
2143756097424677504,2143756097424677569,76,2457659.8244631,2199.276123046875,32.367374420166016,1,173,2457656.7060325327,2457660.7060325327,True
2143756097424677504,2143756097424677569,76,2457686.991772641,2210.214599609375,16.852046966552734,1,180,2457684.7060325327,2457688.7060325327,True
2143756097424677504,2143756097424677569,76,2457719.224465898,2198.091064453125,14.974406242370604,1,188,2457716.7060325327,2457720.7060325327,True
2143756097424677504,2143756097424677569,76,2457753.4953934466,2185.0216064453125,16.200024604797363,2,197,2457752.7060325327,2457756.7060325327,True
2143756097424677504,2143756097424677569,76,2457782.2395163104,2187.1749267578125,18.20697784423828,2,204,2457780.7060325327,2457784.7060325327,True
2143756097424677504,2143756097424677569,76,2457817.243784568,2203.517333984375,17.880020141601562,1,213,2457816.7060325327,2457820.7060325327,True
2143756097424677504,2143756097424677569,76,2457849.515174246,2179.5947265625,14.793237686157227,2,221,2457848.7060325327,2457852.7060325327,True
2143756097424677504,2143756097424677569,76,2457877.505867523,2183.0584716796875,17.463853359222412,2,228,2457876.7060325327,2457880.7060325327,True
2143756097424677504,2143756097424677569,76,2457937.469351294,2192.2012939453125,16.143340587615967,2,243,2457936.7060325327,2457940.7060325327,True
2143756097424677504,2143756097424677569,76,2457999.922855599,2171.4351806640625,20.470075607299805,2,258,2457996.7060325327,2458000.7060325327,True
2143756097424677504,2143756097424677569,76,2458036.9266593503,2189.41845703125,14.986842155456545,1,268,2458036.7060325327,2458040.7060325327,True
2143756097424677504,2143756097424677569,76,2458065.415862353,2199.379150390625,16.173303604125977,1,275,2458064.7060325327,2458068.7060325327,True
2143756097424677504,2143756097424677569,76,2458096.615214345,2192.0245361328125,16.261683464050293,2,282,2458092.7060325327,2458096.7060325327,True
2143756097424677504,2143756097424677569,76,2458131.8116930504,2185.576171875,14.307450294494627,1,291,2458128.7060325327,2458132.7060325327,True
2143756097424677504,2143756097424677569,76,2458160.8426140556,2197.9376220703125,16.806127071380615,2,299,2458160.7060325327,2458164.7060325327,True
2143756097424677504,2143756097424677569,76,2458194.614159012,2191.721435546875,15.746833801269531,1,307,2458192.7060325327,2458196.7060325327,True
2143756097424677504,2143756097424677569,76,2458228.0947872563,2204.3251953125,17.400440216064453,1,315,2458224.7060325327,2458228.7060325327,True
2143756097424677504,2143756097424677569,76,2458254.763583602,2178.242919921875,17.808761596679688,1,322,2458252.7060325327,2458256.7060325327,True
2143756097424677504,2143756097424677569,76,2458314.9744210723,2184.260009765625,15.472646713256836,1,337,2458312.7060325327,2458316.7060325327,True
2143756097424677504,2143756097424677569,76,2458354.9677186925,2191.4180908203125,15.735417366027832,2,347,2458352.7060325327,2458356.7060325327,True
2143756097424677504,2143756097424677569,76,2458413.8979586605,2192.544921875,15.716962814331056,1,362,2458412.7060325327,2458416.7060325327,True
2143756097424677504,2143756097424677569,76,2458443.9593480583,2183.670654296875,16.071561813354492,1,369,2458440.7060325327,2458444.7060325327,True
2143756097424677504,2143756097424677569,76,2458474.1617703363,2202.46533203125,15.807809352874756,2,377,2458472.7060325327,2458476.7060325327,True
2143756097424677504,2143756097424677569,76,2458510.108154829,2187.034423828125,16.43743324279785,1,386,2458508.7060325327,2458512.7060325327,True
2143756097424677504,2143756097424677569,76,2458572.086525232,2171.355224609375,21.6146240234375,1,401,2458568.7060325327,2458572.7060325327,True
2143756097424677504,2143756097424677569,76,2458606.813145993,2175.71728515625,18.31290054321289,1,410,2458604.7060325327,2458608.7060325327,True
2143756097424677504,2143756097424677569,76,2458631.881599657,2188.214111328125,15.744335174560549,1,416,2458628.7060325327,2458632.7060325327,True
2143756097424677504,2143756097424677569,76,2458671.5905879424,2185.250244140625,14.55515193939209,1,426,2458668.7060325327,2458672.7060325327,True
2143756097424677504,2143756097424677569,76,2458695.145536187,2178.4112548828125,16.11685848236084,2,432,2458692.7060325327,2458696.7060325327,True
2143756097424677504,2143756097424677569,76,2458726.1928207423,2184.441162109375,15.870672702789307,2,440,2458724.7060325327,2458728.7060325327,True
2143756097424677504,2143756097424677569,76,2458759.4633278376,2188.708984375,13.52131462097168,1,448,2458756.7060325327,2458760.7060325327,True
2143756097424677504,2143756097424677569,76,2458793.6063474137,2199.08349609375,16.07253074645996,1,457,2458792.7060325327,2458796.7060325327,True
2143756097424677504,2143756097424677569,76,2458817.6069903495,2200.6412353515625,16.774919509887695,2,463,2458816.7060325327,2458820.7060325327,True
2143756097424677504,2143756097424677569,76,2458854.911913767,2172.18017578125,15.978503227233888,1,472,2458852.7060325327,2458856.7060325327,True
2143756097424677504,2143756097424677571,75,2456964.706031532,139.34359741210938,7.213533401489258,1,0,2456964.706031532,2456968.706031532,True
2143756097424677504,2143756097424677571,75,2457025.8598953444,143.2274627685547,5.0685248374938965,1,15,2457024.706031532,2457028.706031532,True
2143756097424677504,2143756097424677571,75,2457061.8431903305,139.8177032470703,6.494532108306885,1,24,2457060.706031532,2457064.706031532,True
2143756097424677504,2143756097424677571,75,2457159.043445521,138.75523376464844,3.9782698154449454,1,48,2457156.706031532,2457160.706031532,True
2143756097424677504,2143756097424677571,75,2457222.996640682,137.9585723876953,6.16490650177002,1,64,2457220.706031532,2457224.706031532,True
2143756097424677504,2143756097424677571,75,2457308.486337568,137.30451202392578,5.337947607040405,2,85,2457304.706031532,2457308.706031532,True
2143756097424677504,2143756097424677571,75,2457341.965151399,142.0541229248047,4.718486309051514,2,94,2457340.706031532,2457344.706031532,True
2143756097424677504,2143756097424677571,75,2457374.9498739177,159.43810272216797,25.280195236206055,2,102,2457372.706031532,2457376.706031532,True
2143756097424677504,2143756097424677571,75,2457439.6398701426,144.25831604003906,6.86215353012085,1,118,2457436.706031532,2457440.706031532,True
2143756097424677504,2143756097424677571,75,2457470.7015631585,154.7041473388672,10.15562915802002,1,126,2457468.706031532,2457472.706031532,True
2143756097424677504,2143756097424677571,75,2457537.3720074147,157.18192291259766,5.640058517456055,2,143,2457536.706031532,2457540.706031532,True
2143756097424677504,2143756097424677571,75,2457560.1195844086,152.7719497680664,6.127094984054565,2,148,2457556.706031532,2457560.706031532,True
2143756097424677504,2143756097424677571,75,2457659.824462543,155.30455017089844,8.060541152954102,1,173,2457656.706031532,2457660.706031532,True
2143756097424677504,2143756097424677571,75,2457719.224464772,155.8734130859375,5.1305341720581055,1,188,2457716.706031532,2457720.706031532,True
2143756097424677504,2143756097424677571,75,2457753.4953927873,152.62334442138672,5.973488092422485,2,197,2457752.706031532,2457756.706031532,True
2143756097424677504,2143756097424677571,75,2457817.2437834647,157.0067138671875,8.673962593078613,1,213,2457816.706031532,2457820.706031532,True
2143756097424677504,2143756097424677571,75,2457849.5151749854,157.37818908691406,5.2623066902160645,2,221,2457848.706031532,2457852.706031532,True
2143756097424677504,2143756097424677571,75,2457877.50586708,167.33946228027344,9.055930852890015,2,228,2457876.706031532,2457880.706031532,True
2143756097424677504,2143756097424677571,75,2457937.469351976,162.3953857421875,8.015353918075562,2,243,2457936.706031532,2457940.706031532,True
2143756097424677504,2143756097424677571,75,2457999.9228567192,154.7852020263672,5.268545150756836,2,258,2457996.706031532,2458000.706031532,True
2143756097424677504,2143756097424677571,75,2458036.9266586,162.52540588378906,5.023586750030518,1,268,2458036.706031532,2458040.706031532,True
2143756097424677504,2143756097424677571,75,2458065.415862763,163.46417236328125,6.373588562011719,1,275,2458064.706031532,2458068.706031532,True
2143756097424677504,2143756097424677571,75,2458096.615213218,167.39732360839844,5.438161373138428,2,282,2458092.706031532,2458096.706031532,True
2143756097424677504,2143756097424677571,75,2458131.8486956474,173.09638214111328,6.650087118148804,2,291,2458128.706031532,2458132.706031532,True
2143756097424677504,2143756097424677571,75,2458160.8426137655,170.25003051757812,4.851975917816162,2,299,2458160.706031532,2458164.706031532,True
2143756097424677504,2143756097424677571,75,2458194.6141579654,174.6663818359375,5.627261161804199,1,307,2458192.706031532,2458196.706031532,True
2143756097424677504,2143756097424677571,75,2458228.094788155,177.2418212890625,8.276522636413574,1,315,2458224.706031532,2458228.706031532,True
2143756097424677504,2143756097424677571,75,2458293.7252034005,163.75669860839844,4.981980800628662,1,332,2458292.706031532,2458296.706031532,True
2143756097424677504,2143756097424677571,75,2458314.974421937,166.6746063232422,8.220152854919434,1,337,2458312.706031532,2458316.706031532,True
2143756097424677504,2143756097424677571,75,2458355.004722251,158.02392578125,5.211598873138428,1,347,2458352.706031532,2458356.706031532,True
2143756097424677504,2143756097424677571,75,2458413.897957762,152.22508239746094,4.4924750328063965,1,362,2458412.706031532,2458416.706031532,True
2143756097424677504,2143756097424677571,75,2458443.9593482176,147.74407958984375,5.495406150817871,1,369,2458440.706031532,2458444.706031532,True
2143756097424677504,2143756097424677571,75,2458474.161769267,164.2845458984375,6.780956506729126,2,377,2458472.706031532,2458476.706031532,True
2143756097424677504,2143756097424677571,75,2458572.086524288,166.87965393066406,7.210624694824219,1,401,2458568.706031532,2458572.706031532,True
2143756097424677504,2143756097424677571,75,2458606.813147017,166.9430389404297,5.767741680145264,1,410,2458604.706031532,2458608.706031532,True
2143756097424677504,2143756097424677571,75,2458631.881599657,180.08106994628906,5.290607452392578,1,416,2458628.706031532,2458632.706031532,True
2143756097424677504,2143756097424677571,75,2458671.5535854194,161.77281951904297,5.292856693267822,2,426,2458668.706031532,2458672.706031532,True
2143756097424677504,2143756097424677571,75,2458695.145537205,171.06312561035156,6.285768508911133,2,432,2458692.706031532,2458696.706031532,True
2143756097424677504,2143756097424677571,75,2458726.1928207367,173.2430419921875,5.378528118133545,2,440,2458724.706031532,2458728.706031532,True
2143756097424677504,2143756097424677571,75,2458759.463328782,176.4798126220703,6.746273040771484,1,448,2458756.706031532,2458760.706031532,True
2143756097424677504,2143756097424677571,75,2458793.6063463786,189.26284790039065,6.669908046722412,1,457,2458792.706031532,2458796.706031532,True
2143756097424677504,2143756097424677571,75,2458817.5699868943,183.8198699951172,9.514646530151367,1,463,2458816.706031532,2458820.706031532,True
2143756097424677504,2143756097424677571,75,2458854.911912845,183.2805328369141,5.188331604003906,1,472,2458852.706031532,2458856.706031532,True
2147590992118122112,2147590992118122177,78,2456996.446726311,692.796875,8.243473052978516,1,0,2456996.446726311,2457000.446726311,True
2147590992118122112,2147590992118122177,78,2457027.609236691,685.2610473632812,8.292733192443848,1,7,2457024.446726311,2457028.446726311,True
2147590992118122112,2147590992118122177,78,2457060.131191551,690.9365539550781,10.98916244506836,2,15,2457056.446726311,2457060.446726311,True
2147590992118122112,2147590992118122177,78,2457121.604418981,697.1568603515625,10.395009994506836,2,31,2457120.446726311,2457124.446726311,True
2147590992118122112,2147590992118122177,78,2457157.5404643733,690.6221313476562,9.805255889892578,1,40,2457156.446726311,2457160.446726311,True
2147590992118122112,2147590992118122177,78,2457221.5353756747,694.5444641113281,10.090829372406006,2,56,2457220.446726311,2457224.446726311,True
2147590992118122112,2147590992118122177,78,2457245.49469256,698.7396850585938,10.49283218383789,1,62,2457244.446726311,2457248.446726311,True
2147590992118122112,2147590992118122177,78,2457282.9979471024,695.8367004394531,11.023991584777832,2,71,2457280.446726311,2457284.446726311,True
2147590992118122112,2147590992118122177,78,2457309.952815858,704.6181640625,10.895898818969728,1,78,2457308.446726311,2457312.446726311,True
2147590992118122112,2147590992118122177,78,2457343.468208232,698.658203125,9.879995346069336,2,86,2457340.446726311,2457344.446726311,True
2147590992118122112,2147590992118122177,78,2457374.6673582373,703.234619140625,10.63276195526123,1,94,2457372.446726311,2457376.446726311,True
2147590992118122112,2147590992118122177,78,2457437.801838045,692.3818969726562,9.758790969848633,2,110,2457436.446726311,2457440.446726311,True
2147590992118122112,2147590992118122177,78,2457470.372848677,686.5711669921875,9.56063747406006,1,118,2457468.446726311,2457472.446726311,True
2147590992118122112,2147590992118122177,78,2457560.4021612355,696.4409790039062,8.732545852661133,1,140,2457556.446726311,2457560.446726311,True
2147590992118122112,2147590992118122177,78,2457599.3281980613,686.50537109375,9.586456298828125,2,150,2457596.446726311,2457600.446726311,True
2147590992118122112,2147590992118122177,78,2457688.0697387727,693.9070434570312,8.173088073730469,1,172,2457684.446726311,2457688.446726311,True
2147590992118122112,2147590992118122177,78,2457752.749243372,698.2043151855469,9.596604824066162,2,189,2457752.446726311,2457756.446726311,True
2147590992118122112,2147590992118122177,78,2457783.486745806,698.2491149902344,10.769693374633789,2,196,2457780.446726311,2457784.446726311,True
2147590992118122112,2147590992118122177,78,2457815.4047809946,699.6278991699219,9.553298473358154,2,204,2457812.446726311,2457816.446726311,True
2147590992118122112,2147590992118122177,78,2457876.53837731,699.6239013671875,9.684627532958984,1,220,2457876.446726311,2457880.446726311,True
2147590992118122112,2147590992118122177,78,2457938.1785764964,699.7760620117188,8.513131141662598,1,235,2457936.446726311,2457940.446726311,True
2147590992118122112,2147590992118122177,78,2457976.928522615,696.9482421875,9.953863143920898,2,245,2457976.446726311,2457980.446726311,True
2147590992118122112,2147590992118122177,78,2458001.636662131,710.677734375,8.779764175415039,1,251,2458000.446726311,2458004.446726311,True
2147590992118122112,2147590992118122177,78,2458037.681239778,692.7749633789062,11.554128646850586,1,260,2458036.446726311,2458040.446726311,True
2147590992118122112,2147590992118122177,78,2458066.3464802704,697.0200805664062,9.368249893188477,1,267,2458064.446726311,2458068.446726311,True
2147590992118122112,2147590992118122177,78,2458098.366575992,697.8116149902344,10.974738597869873,2,275,2458096.446726311,2458100.446726311,True
2147590992118122112,2147590992118122177,78,2458130.7267407575,696.7788696289062,9.572211265563965,2,283,2458128.446726311,2458132.446726311,True
2147590992118122112,2147590992118122177,78,2458161.588886246,687.5179138183594,9.04906702041626,2,291,2458160.446726311,2458164.446726311,True
2147590992118122112,2147590992118122177,78,2458192.950359891,685.1876220703125,10.935857772827148,2,299,2458192.446726311,2458196.446726311,True
2147590992118122112,2147590992118122177,78,2458227.053555016,691.1959228515625,9.055141925811768,2,307,2458224.446726311,2458228.446726311,True
2147590992118122112,2147590992118122177,78,2458254.045785443,696.2736511230469,10.829370737075806,2,314,2458252.446726311,2458256.446726311,True
2147590992118122112,2147590992118122177,78,2458315.9713380863,696.0006103515625,10.65886402130127,1,329,2458312.446726311,2458316.446726311,True
2147590992118122112,2147590992118122177,78,2458354.4718714366,694.4410400390625,9.151744365692139,2,339,2458352.446726311,2458356.446726311,True
2147590992118122112,2147590992118122177,78,2458414.9761683648,691.5162353515625,9.697464942932127,1,354,2458412.446726311,2458416.446726311,True
2147590992118122112,2147590992118122177,78,2458444.640277681,693.5667114257812,10.581340789794922,1,362,2458444.446726311,2458448.446726311,True
2147590992118122112,2147590992118122177,78,2458476.1252831137,684.5681762695312,10.336970329284668,1,369,2458472.446726311,2458476.446726311,True
2147590992118122112,2147590992118122177,78,2458508.610198872,696.937255859375,13.595941543579102,1,378,2458508.446726311,2458512.446726311,True
2147590992118122112,2147590992118122177,78,2458539.8834435656,691.256591796875,8.872783184051514,2,385,2458536.446726311,2458540.446726311,True
2147590992118122112,2147590992118122177,78,2458570.4077459136,687.221923828125,9.458861351013184,1,393,2458568.446726311,2458572.446726311,True
2147590992118122112,2147590992118122177,78,2458605.383327004,712.5773315429688,11.526535034179688,1,402,2458604.446726311,2458608.446726311,True
2147590992118122112,2147590992118122177,78,2458631.5528235226,696.0567016601562,10.427221298217772,1,408,2458628.446726311,2458632.446726311,True
2147590992118122112,2147590992118122177,78,2458670.017434635,687.154541015625,9.249070167541504,1,418,2458668.446726311,2458672.446726311,True
2147590992118122112,2147590992118122177,78,2458693.6045705075,684.6323852539062,10.402992248535156,1,424,2458692.446726311,2458696.446726311,True
2147590992118122112,2147590992118122177,78,2458726.6607614546,698.0548706054688,13.620285987854004,1,432,2458724.446726311,2458728.446726311,True
2147590992118122112,2147590992118122177,78,2458757.750872963,697.4137878417969,8.946306705474854,2,440,2458756.446726311,2458760.446726311,True
2147590992118122112,2147590992118122177,78,2458792.358305864,688.1098022460938,9.470191955566406,1,448,2458788.446726311,2458792.446726311,True
2147590992118122112,2147590992118122177,78,2458817.3244406693,685.2667846679688,10.105303764343262,1,455,2458816.446726311,2458820.446726311,True
2147590992118122112,2147590992118122177,78,2458853.446022433,692.626708984375,9.593456506729126,2,464,2458852.446726311,2458856.446726311,True
2147590992118122112,2147590992118122179,77,2456996.4467259697,161.43218994140625,5.984484672546387,1,0,2456996.4467259697,2457000.4467259697,True
2147590992118122112,2147590992118122179,77,2457027.609237567,151.7039794921875,6.5414814949035645,1,7,2457024.4467259697,2457028.4467259697,True
2147590992118122112,2147590992118122179,77,2457091.902971438,120.50982666015624,10.990175247192385,1,23,2457088.4467259697,2457092.4467259697,True
2147590992118122112,2147590992118122179,77,2457121.604419834,111.18761825561523,6.662256479263306,2,31,2457120.4467259697,2457124.4467259697,True
2147590992118122112,2147590992118122179,77,2457157.5404637246,111.23014831542967,4.961591720581055,1,40,2457156.4467259697,2457160.4467259697,True
2147590992118122112,2147590992118122179,77,2457221.5353748444,127.15994262695312,5.200845956802368,2,56,2457220.4467259697,2457224.4467259697,True
2147590992118122112,2147590992118122179,77,2457245.494691957,117.67882537841795,7.449763774871826,1,62,2457244.4467259697,2457248.4467259697,True
2147590992118122112,2147590992118122179,77,2457282.9979469376,120.74227523803711,5.8874475955963135,2,71,2457280.4467259697,2457284.4467259697,True
2147590992118122112,2147590992118122179,77,2457309.952815005,103.1165771484375,9.728495597839355,1,78,2457308.4467259697,2457312.4467259697,True
2147590992118122112,2147590992118122179,77,2457343.4682088913,126.48348617553711,5.804600238800049,2,86,2457340.4467259697,2457344.4467259697,True
2147590992118122112,2147590992118122179,77,2457374.667358101,135.49224853515625,10.959327697753906,1,94,2457372.4467259697,2457376.4467259697,True
2147590992118122112,2147590992118122179,77,2457437.801838779,147.8220672607422,6.543045520782471,2,110,2457436.4467259697,2457440.4467259697,True
2147590992118122112,2147590992118122179,77,2457599.365200783,119.96047973632812,5.099233627319336,1,150,2457596.4467259697,2457600.4467259697,True
2147590992118122112,2147590992118122179,77,2457752.7492434406,117.81764602661133,5.675709009170532,2,189,2457752.4467259697,2457756.4467259697,True
2147590992118122112,2147590992118122179,77,2457783.449743124,124.12516784667967,7.851848602294922,1,196,2457780.4467259697,2457784.4467259697,True
2147590992118122112,2147590992118122179,77,2457815.316702964,133.25765991210938,4.905044078826904,1,204,2457812.4467259697,2457816.4467259697,True
2147590992118122112,2147590992118122179,77,2457848.723524871,143.25929260253906,4.755582809448242,1,213,2457848.4467259697,2457852.4467259697,True
2147590992118122112,2147590992118122179,77,2457876.538378015,134.8597412109375,4.975404262542725,1,220,2457876.4467259697,2457880.4467259697,True
2147590992118122112,2147590992118122179,77,2457938.1785763823,120.50700378417967,7.616431713104248,1,235,2457936.4467259697,2457940.4467259697,True
2147590992118122112,2147590992118122179,77,2458001.636661312,141.61460876464844,6.8541579246521,1,251,2458000.4467259697,2458004.4467259697,True
2147590992118122112,2147590992118122179,77,2458037.6812399714,157.62428283691406,6.679375171661377,1,260,2458036.4467259697,2458040.4467259697,True
2147590992118122112,2147590992118122179,77,2458066.346479611,173.07550048828125,5.69099235534668,1,267,2458064.4467259697,2458068.4467259697,True
2147590992118122112,2147590992118122179,77,2458098.403580034,178.77342224121094,6.067211627960205,1,275,2458096.4467259697,2458100.4467259697,True
2147590992118122112,2147590992118122179,77,2458130.726741025,188.23711395263672,5.781861066818237,2,283,2458128.4467259697,2458132.4467259697,True
2147590992118122112,2147590992118122179,77,2458161.588886832,177.54634857177734,6.718905210494995,2,291,2458160.4467259697,2458164.4467259697,True
2147590992118122112,2147590992118122179,77,2458192.862281849,175.94374084472656,5.74751091003418,1,299,2458192.4467259697,2458196.4467259697,True
2147590992118122112,2147590992118122179,77,2458227.0535546746,177.4762954711914,5.122454881668091,2,307,2458224.4467259697,2458228.4467259697,True
2147590992118122112,2147590992118122179,77,2458254.082789421,169.3163299560547,10.676719665527344,1,314,2458252.4467259697,2458256.4467259697,True
2147590992118122112,2147590992118122179,77,2458354.4718709365,148.85872650146484,6.85565972328186,2,339,2458352.4467259697,2458356.4467259697,True
2147590992118122112,2147590992118122179,77,2458379.753000926,137.9604949951172,4.162165641784668,1,345,2458376.4467259697,2458380.4467259697,True
2147590992118122112,2147590992118122179,77,2458414.976168729,147.46649169921875,6.22709321975708,1,354,2458412.4467259697,2458416.4467259697,True
2147590992118122112,2147590992118122179,77,2458444.640277169,143.00990295410156,6.264797687530518,1,362,2458444.4467259697,2458448.4467259697,True
2147590992118122112,2147590992118122179,77,2458476.1252839896,173.43072509765625,6.081671714782715,1,369,2458472.4467259697,2458476.4467259697,True
2147590992118122112,2147590992118122179,77,2458508.610199326,167.08984375,7.1422529220581055,1,378,2458508.4467259697,2458512.4467259697,True
2147590992118122112,2147590992118122179,77,2458539.883443992,146.62334442138672,5.93964695930481,2,385,2458536.4467259697,2458540.4467259697,True
2147590992118122112,2147590992118122179,77,2458570.407746789,153.77842712402344,5.317814350128174,1,393,2458568.4467259697,2458572.4467259697,True
2147590992118122112,2147590992118122179,77,2458631.552823944,168.91876220703125,8.682137489318848,1,408,2458628.4467259697,2458632.4467259697,True
2147590992118122112,2147590992118122179,77,2458670.017433771,168.8577117919922,6.608267307281494,1,418,2458668.4467259697,2458672.4467259697,True
2147590992118122112,2147590992118122179,77,2458693.604570041,169.08340454101562,7.197429180145264,1,424,2458692.4467259697,2458696.4467259697,True
2147590992118122112,2147590992118122179,77,2458726.6607610453,176.65185546875,7.729763984680176,1,432,2458724.4467259697,2458728.4467259697,True
2147590992118122112,2147590992118122179,77,2458757.7508720923,174.30699157714844,7.4999330043792725,2,440,2458756.4467259697,2458760.4467259697,True
2147590992118122112,2147590992118122179,77,2458792.358306376,166.19326782226562,6.892262935638428,1,448,2458788.4467259697,2458792.4467259697,True
2147590992118122112,2147590992118122179,77,2458853.483026697,179.58140563964844,10.652052879333496,1,464,2458852.4467259697,2458856.4467259697,True
2289637513490717824,2289637513490717889,79,2456894.8405597787,174.26700592041016,6.966590404510498,2,0,2456894.803556312,2456898.803556312,True
2289637513490717824,2289637513490717889,79,2456971.4258057475,174.39027404785156,5.4280009269714355,2,19,2456970.803556312,2456974.803556312,True
2289637513490717824,2289637513490717889,79,2457030.097032811,173.0621795654297,6.625452041625977,1,33,2457026.803556312,2457030.803556312,True
2289637513490717824,2289637513490717889,79,2457088.638115478,168.27630615234375,7.133918285369873,1,48,2457086.803556312,2457090.803556312,True
2289637513490717824,2289637513490717889,79,2457119.125612445,170.2525177001953,6.320949554443359,1,56,2457118.803556312,2457122.803556312,True
2289637513490717824,2289637513490717889,79,2457219.7989803823,171.86336517333984,5.952474355697632,2,81,2457218.803556312,2457222.803556312,True
2289637513490717824,2289637513490717889,79,2457251.0376237356,168.8653106689453,5.703982353210449,2,89,2457250.803556312,2457254.803556312,True
2289637513490717824,2289637513490717889,79,2457286.798722089,163.17137145996094,11.109047889709473,1,97,2457282.803556312,2457286.803556312,True
2289637513490717824,2289637513490717889,79,2457311.7555369064,167.64185333251953,5.575473785400391,2,104,2457310.803556312,2457314.803556312,True
2289637513490717824,2289637513490717889,79,2457348.717879871,168.3184051513672,5.636797666549683,2,113,2457346.803556312,2457350.803556312,True
2289637513490717824,2289637513490717889,79,2457371.000479753,169.4340057373047,5.240362167358398,1,119,2457370.803556312,2457374.803556312,True
2289637513490717824,2289637513490717889,79,2457432.419232689,177.403076171875,6.519214868545532,2,134,2457430.803556312,2457434.803556312,True
2289637513490717824,2289637513490717889,79,2457466.109589741,171.10647583007812,6.728782176971436,1,142,2457462.803556312,2457466.803556312,True
2289637513490717824,2289637513490717889,79,2457497.883413454,174.3691177368164,7.606078863143921,2,150,2457494.803556312,2457498.803556312,True
2289637513490717824,2289637513490717889,79,2457530.334882535,176.77659606933594,5.979774475097656,1,158,2457526.803556312,2457530.803556312,True
2289637513490717824,2289637513490717889,79,2457564.895121758,172.01695251464844,5.629702091217041,1,167,2457562.803556312,2457566.803556312,True
2289637513490717824,2289637513490717889,79,2457688.835630228,170.8208770751953,4.775122165679932,1,198,2457686.803556312,2457690.803556312,True
2289637513490717824,2289637513490717889,79,2457748.2553081466,170.42356872558594,6.410478830337524,2,213,2457746.803556312,2457750.803556312,True
2289637513490717824,2289637513490717889,79,2457783.721365667,173.80911254882812,7.100928783416748,2,222,2457782.803556312,2457786.803556312,True
2289637513490717824,2289637513490717889,79,2457810.4823184423,168.8220977783203,7.571717739105225,1,228,2457806.803556312,2457810.803556312,True
2289637513490717824,2289637513490717889,79,2457843.749537459,167.39575958251953,6.436599016189575,2,237,2457842.803556312,2457846.803556312,True
2289637513490717824,2289637513490717889,79,2457876.610899215,173.28472900390625,6.108236312866211,2,245,2457874.803556312,2457878.803556312,True
2289637513490717824,2289637513490717889,79,2457909.01190484,182.05812072753903,14.294833183288574,1,253,2457906.803556312,2457910.803556312,True
2289637513490717824,2289637513490717889,79,2457943.174605363,176.31634521484375,6.254062652587891,1,262,2457942.803556312,2457946.803556312,True
2289637513490717824,2289637513490717889,79,2458006.222051378,169.54652404785156,6.121284484863281,1,277,2458002.803556312,2458006.803556312,True
2289637513490717824,2289637513490717889,79,2458042.6904283846,182.7775115966797,5.837196826934815,1,286,2458038.803556312,2458042.803556312,True
2289637513490717824,2289637513490717889,79,2458065.9356738576,168.4314727783203,5.297614574432373,1,292,2458062.803556312,2458066.803556312,True
2289637513490717824,2289637513490717889,79,2458102.646714387,172.71697998046875,5.723351955413818,1,301,2458098.803556312,2458102.803556312,True
2289637513490717824,2289637513490717889,79,2458125.6413993905,178.37295532226562,4.888192176818848,1,307,2458122.803556312,2458126.803556312,True
2289637513490717824,2289637513490717889,79,2458160.609915524,170.65309143066406,7.794705390930176,1,316,2458158.803556312,2458162.803556312,True
2289637513490717824,2289637513490717889,79,2458188.599403454,173.90835571289062,5.426026344299316,1,323,2458186.803556312,2458190.803556312,True
2289637513490717824,2289637513490717889,79,2458221.582375,171.8307647705078,7.268972396850586,1,331,2458218.803556312,2458222.803556312,True
2289637513490717824,2289637513490717889,79,2458255.3184573376,173.09268188476562,5.377762317657471,1,340,2458254.803556312,2458258.803556312,True
2289637513490717824,2289637513490717889,79,2458321.4707517843,168.49111938476562,5.383485794067383,1,356,2458318.803556312,2458322.803556312,True
2289637513490717824,2289637513490717889,79,2458383.692616114,163.66845703125,5.7510905265808105,1,372,2458382.803556312,2458386.803556312,True
2289637513490717824,2289637513490717889,79,2458442.9780342453,167.57801818847656,4.956485271453857,1,387,2458442.803556312,2458446.803556312,True
2289637513490717824,2289637513490717889,79,2458566.893019639,173.84808349609375,5.363583564758301,1,418,2458566.803556312,2458570.803556312,True
2289637513490717824,2289637513490717889,79,2458599.5913391793,170.00701141357422,8.182422876358032,2,426,2458598.803556312,2458602.803556312,True
2289637513490717824,2289637513490717889,79,2458634.0774248857,168.1165542602539,6.476118326187134,2,434,2458630.803556312,2458634.803556312,True
2289637513490717824,2289637513490717889,79,2458687.8482800736,175.67430114746094,5.742204189300537,1,448,2458686.803556312,2458690.803556312,True
2289637513490717824,2289637513490717889,79,2458724.2473865952,172.03842163085938,6.417975902557373,1,457,2458722.803556312,2458726.803556312,True
2289637513490717824,2289637513490717889,79,2458786.781632185,166.48876953125,6.847372531890869,1,472,2458782.803556312,2458786.803556312,True
2289637513490717824,2289637513490717889,79,2458819.840034512,170.06968688964844,7.61889123916626,1,481,2458818.803556312,2458822.803556312,True
2289637513490717824,2289637513490717891,80,2456894.803556926,146.71893310546875,9.654668807983398,1,0,2456894.803556926,2456898.803556926,True
2289637513490717824,2289637513490717891,80,2456971.425804861,110.40266418457031,5.7286765575408936,2,19,2456970.803556926,2456974.803556926,True
2289637513490717824,2289637513490717891,80,2457119.3017707025,107.92253112792967,8.675222396850586,1,56,2457118.803556926,2457122.803556926,True
2289637513490717824,2289637513490717891,80,2457251.037624498,122.27412033081055,5.942217588424683,2,89,2457250.803556926,2457254.803556926,True
2289637513490717824,2289637513490717891,80,2457286.7987209056,118.05120849609376,7.814489364624023,1,97,2457282.803556926,2457286.803556926,True
2289637513490717824,2289637513490717891,80,2457311.792539998,133.81185913085938,7.426382064819336,1,104,2457310.803556926,2457314.803556926,True
2289637513490717824,2289637513490717891,80,2457348.717879177,154.08931732177734,5.4670491218566895,2,113,2457346.803556926,2457350.803556926,True
2289637513490717824,2289637513490717891,80,2457371.000478581,176.51419067382812,4.48779296875,1,119,2457370.803556926,2457374.803556926,True
2289637513490717824,2289637513490717891,80,2457432.419231938,195.74869537353513,7.165893316268921,2,134,2457430.803556926,2457434.803556926,True
2289637513490717824,2289637513490717891,80,2457466.1095909243,182.1651763916016,6.247528553009033,1,142,2457462.803556926,2457466.803556926,True
2289637513490717824,2289637513490717891,80,2457497.883413989,162.7799301147461,6.73969030380249,2,150,2457494.803556926,2457498.803556926,True
2289637513490717824,2289637513490717891,80,2457530.3348832065,170.6787567138672,5.071799755096436,1,158,2457526.803556926,2457530.803556926,True
2289637513490717824,2289637513490717891,80,2457564.8951229407,156.6474609375,5.877077579498291,1,167,2457562.803556926,2457566.803556926,True
2289637513490717824,2289637513490717891,80,2457783.721366383,142.61046600341797,5.784035921096802,2,222,2457782.803556926,2457786.803556926,True
2289637513490717824,2289637513490717891,80,2457810.482317919,153.293212890625,9.45138454437256,1,228,2457806.803556926,2457810.803556926,True
2289637513490717824,2289637513490717891,80,2457843.786542308,145.85723876953125,4.1143083572387695,1,237,2457842.803556926,2457846.803556926,True
2289637513490717824,2289637513490717891,80,2457876.610899983,157.11066436767578,6.5772645473480225,2,245,2457874.803556926,2457878.803556926,True
2289637513490717824,2289637513490717891,80,2457909.011905272,148.68392944335938,10.40300464630127,1,253,2457906.803556926,2457910.803556926,True
2289637513490717824,2289637513490717891,80,2457943.211610093,130.30982208251953,5.377359390258789,2,262,2457942.803556926,2457946.803556926,True
2289637513490717824,2289637513490717891,80,2458006.2220517304,109.9231185913086,5.392248630523682,1,277,2458002.803556926,2458006.803556926,True
2289637513490717824,2289637513490717891,80,2458042.690427236,138.51451110839844,8.407285690307617,1,286,2458038.803556926,2458042.803556926,True
2289637513490717824,2289637513490717891,80,2458065.9356730497,143.9275360107422,7.224574565887451,1,292,2458062.803556926,2458066.803556926,True
2289637513490717824,2289637513490717891,80,2458102.6467141598,149.7626953125,6.876615047454834,1,301,2458098.803556926,2458102.803556926,True
2289637513490717824,2289637513490717891,80,2458125.6413982417,138.8621826171875,4.253698348999023,1,307,2458122.803556926,2458126.803556926,True
2289637513490717824,2289637513490717891,80,2458160.609916422,138.3048095703125,11.96871852874756,1,316,2458158.803556926,2458162.803556926,True
2289637513490717824,2289637513490717891,80,2458188.599403169,133.53794860839844,5.3485846519470215,1,323,2458186.803556926,2458190.803556926,True
2289637513490717824,2289637513490717891,80,2458255.318458293,116.72257232666016,4.752096176147461,1,340,2458254.803556926,2458258.803556926,True
2289637513490717824,2289637513490717891,80,2458321.470752853,103.76053619384766,5.792752265930176,1,356,2458318.803556926,2458322.803556926,True
2289637513490717824,2289637513490717891,80,2458356.274746501,112.89939880371094,6.948697090148926,1,365,2458354.803556926,2458358.803556926,True
2289637513490717824,2289637513490717891,80,2458503.109314451,92.05299377441406,4.990981578826904,1,402,2458502.803556926,2458506.803556926,True
2289637513490717824,2289637513490717891,80,2458599.5543369176,94.17172241210938,4.473649501800537,1,426,2458598.803556926,2458602.803556926,True
2289637513490717824,2289637513490717891,80,2458634.040422579,82.92622375488281,5.337710857391357,1,434,2458630.803556926,2458634.803556926,True
2289637513490717824,2289637513490717891,80,2458786.781631161,99.92987823486328,6.595973491668701,1,472,2458782.803556926,2458786.803556926,True
2293705259836999296,2293705259836999361,82,2457218.584548368,129.4519500732422,8.489266395568848,1,32,2457217.3866509586,2457221.3866509586,True
2293705259836999296,2293705259836999361,82,2457251.3220160976,135.40284729003906,4.728682041168213,1,40,2457249.3866509586,2457253.3866509586,True
2293705259836999296,2293705259836999361,82,2457286.226717932,135.21414184570312,4.491370677947998,1,49,2457285.3866509586,2457289.3866509586,True
2293705259836999296,2293705259836999361,82,2457312.7555957986,136.24673461914062,5.821216106414795,2,55,2457309.3866509586,2457313.3866509586,True
2293705259836999296,2293705259836999361,82,2457371.679193981,137.77682495117188,6.290090084075928,1,70,2457369.3866509586,2457373.3866509586,True
2293705259836999296,2293705259836999361,82,2457432.134824942,131.07574462890625,13.714152336120604,1,85,2457429.3866509586,2457433.3866509586,True
2293705259836999296,2293705259836999361,82,2457496.7579552634,134.60419464111328,5.48542332649231,2,101,2457493.3866509586,2457497.3866509586,True
2293705259836999296,2293705259836999361,82,2457529.8318793345,134.7428741455078,4.389331817626953,1,110,2457529.3866509586,2457533.3866509586,True
2293705259836999296,2293705259836999361,82,2457564.3552224585,130.7683334350586,7.94027853012085,2,118,2457561.3866509586,2457565.3866509586,True
2293705259836999296,2293705259836999361,82,2457597.555585337,133.72866821289062,6.326762199401856,1,127,2457597.3866509586,2457601.3866509586,True
2293705259836999296,2293705259836999361,82,2457689.836304849,134.8769989013672,4.605854034423828,1,150,2457689.3866509586,2457693.3866509586,True
2293705259836999296,2293705259836999361,82,2457809.808309984,133.97865295410156,4.433730125427246,1,180,2457809.3866509586,2457813.3866509586,True
2293705259836999296,2293705259836999361,82,2457844.210193076,131.28099060058594,4.722848415374756,1,188,2457841.3866509586,2457845.3866509586,True
2293705259836999296,2293705259836999361,82,2457875.484751899,131.79070281982422,5.680287599563599,2,196,2457873.3866509586,2457877.3866509586,True
2293705259836999296,2293705259836999361,82,2457908.259083704,145.37445068359375,7.426238536834717,1,204,2457905.3866509586,2457909.3866509586,True
2293705259836999296,2293705259836999361,82,2457942.921624632,139.36480712890625,4.325109004974365,1,213,2457941.3866509586,2457945.3866509586,True
2293705259836999296,2293705259836999361,82,2457976.481389997,133.47091674804688,4.212748527526856,1,221,2457973.3866509586,2457977.3866509586,True
2293705259836999296,2293705259836999361,82,2458006.9703835635,128.2250518798828,6.693855285644531,1,229,2458005.3866509586,2458009.3866509586,True
2293705259836999296,2293705259836999361,82,2458042.4431277597,129.33131408691406,8.232685089111328,1,238,2458041.3866509586,2458045.3866509586,True
2293705259836999296,2293705259836999361,82,2458103.39917894,138.48284912109375,6.222718715667725,1,253,2458101.3866509586,2458105.3866509586,True
2293705259836999296,2293705259836999361,82,2458125.894384854,134.62411499023438,4.896097660064697,1,259,2458125.3866509586,2458129.3866509586,True
2293705259836999296,2293705259836999361,82,2458187.850982805,133.30738830566406,4.494206428527832,1,274,2458185.3866509586,2458189.3866509586,True
2293705259836999296,2293705259836999361,82,2458221.792669149,135.7186050415039,5.640986442565918,2,283,2458221.3866509586,2458225.3866509586,True
2293705259836999296,2293705259836999361,82,2458254.24271734,129.06968688964844,4.750518321990967,1,291,2458253.3866509586,2458257.3866509586,True
2293705259836999296,2293705259836999361,82,2458287.018046087,131.05069732666016,6.176020383834839,2,299,2458285.3866509586,2458289.3866509586,True
2293705259836999296,2293705259836999361,82,2458321.291662588,135.61595153808594,4.500920295715332,1,307,2458317.3866509586,2458321.3866509586,True
2293705259836999296,2293705259836999361,82,2458355.275442113,134.63768005371094,8.772605895996094,1,316,2458353.3866509586,2458357.3866509586,True
2293705259836999296,2293705259836999361,82,2458384.515406309,131.2429656982422,6.1631927490234375,1,323,2458381.3866509586,2458385.3866509586,True
2293705259836999296,2293705259836999361,82,2458443.905916168,129.22665405273438,5.072352886199951,1,338,2458441.3866509586,2458445.3866509586,True
2293705259836999296,2293705259836999361,82,2458480.404522223,131.89524841308594,4.6156816482543945,2,347,2458477.3866509586,2458481.3866509586,True
2293705259836999296,2293705259836999361,82,2458503.1862546904,131.82620239257812,4.210636138916016,1,353,2458501.3866509586,2458505.3866509586,True
2293705259836999296,2293705259836999361,82,2458538.6167884083,132.30194091796875,5.688192844390869,2,362,2458537.3866509586,2458541.3866509586,True
2293705259836999296,2293705259836999361,82,2458633.038084342,130.04541015625,6.383116722106934,1,385,2458629.3866509586,2458633.3866509586,True
2293705259836999296,2293705259836999361,82,2458687.9193517454,135.44403076171875,4.316935062408447,1,399,2458685.3866509586,2458689.3866509586,True
2293705259836999296,2293705259836999361,82,2458786.784572498,131.881103515625,5.766182899475098,1,424,2458785.3866509586,2458789.3866509586,True
2293705259836999296,2293705259836999361,82,2458818.878096362,130.98491668701172,5.625957250595093,2,432,2458817.3866509586,2458821.3866509586,True
2293705259836999296,2293705259836999363,81,2457089.38665014,153.82102966308594,7.990674495697021,1,0,2457089.38665014,2457093.38665014,True
2293705259836999296,2293705259836999363,81,2457218.5475449637,121.66916275024414,7.242491960525513,2,32,2457217.38665014,2457221.38665014,True
2293705259836999296,2293705259836999363,81,2457251.3220152445,129.37330627441406,4.956711769104004,1,40,2457249.38665014,2457253.38665014,True
2293705259836999296,2293705259836999363,81,2457286.226718853,125.25727081298828,5.307026386260986,1,49,2457285.38665014,2457289.38665014,True
2293705259836999296,2293705259836999363,81,2457312.7555958214,131.0271110534668,7.876241207122803,2,55,2457309.38665014,2457313.38665014,True
2293705259836999296,2293705259836999363,81,2457371.67919488,119.26775360107422,6.7232842445373535,1,70,2457369.38665014,2457373.38665014,True
2293705259836999296,2293705259836999363,81,2457431.958668015,118.52369689941406,4.291797161102295,1,85,2457429.38665014,2457433.38665014,True
2293705259836999296,2293705259836999363,81,2457496.669876362,111.34825134277344,4.714437961578369,1,101,2457493.38665014,2457497.38665014,True
2293705259836999296,2293705259836999363,81,2457529.8318785382,108.24537658691406,7.677727699279785,1,110,2457529.38665014,2457533.38665014,True
2293705259836999296,2293705259836999363,81,2457564.392224834,101.8493881225586,8.880975723266602,1,118,2457561.38665014,2457565.38665014,True
2293705259836999296,2293705259836999363,81,2457597.6295925896,104.42098236083984,4.485859394073486,1,127,2457597.38665014,2457601.38665014,True
2293705259836999296,2293705259836999363,81,2457689.8363050763,122.0446319580078,5.623198986053467,1,150,2457689.38665014,2457693.38665014,True
2293705259836999296,2293705259836999363,81,2457748.7952245823,127.32746124267578,7.605485439300537,1,164,2457745.38665014,2457749.38665014,True
2293705259836999296,2293705259836999363,81,2457784.7586977896,165.01246643066406,34.60087966918945,1,173,2457781.38665014,2457785.38665014,True
2293705259836999296,2293705259836999363,81,2457809.8083106894,130.83328247070312,4.203817367553711,1,180,2457809.38665014,2457813.38665014,True
2293705259836999296,2293705259836999363,81,2457875.4847515575,135.12460327148438,10.910626888275146,2,196,2457873.38665014,2457877.38665014,True
2293705259836999296,2293705259836999363,81,2457976.481390452,130.89996337890625,5.486007213592529,1,221,2457973.38665014,2457977.38665014,True
2293705259836999296,2293705259836999363,81,2458006.970382995,128.63128662109375,6.893006801605225,1,229,2458005.38665014,2458009.38665014,True
2293705259836999296,2293705259836999363,81,2458066.9369688253,143.79071044921875,6.322535037994385,1,244,2458065.38665014,2458069.38665014,True
2293705259836999296,2293705259836999363,81,2458103.3991794176,136.94956970214844,6.523571491241455,1,253,2458101.38665014,2458105.38665014,True
2293705259836999296,2293705259836999363,81,2458161.609650342,128.03890991210938,9.958698272705078,1,268,2458161.38665014,2458165.38665014,True
2293705259836999296,2293705259836999363,81,2458221.7926681424,138.2979965209961,6.015608549118042,2,283,2458221.38665014,2458225.38665014,True
2293705259836999296,2293705259836999363,81,2458254.2427167823,142.66246032714844,5.031403541564941,1,291,2458253.38665014,2458257.38665014,True
2293705259836999296,2293705259836999363,81,2458287.0180456266,131.60372924804688,5.338211536407471,2,299,2458285.38665014,2458289.38665014,True
2293705259836999296,2293705259836999363,81,2458321.291661598,125.23678588867188,4.143124580383301,1,307,2458317.38665014,2458321.38665014,True
2293705259836999296,2293705259836999363,81,2458355.27544275,117.0618896484375,7.613960742950439,1,316,2458353.38665014,2458357.38665014,True
2293705259836999296,2293705259836999363,81,2458443.942920215,120.0582504272461,7.198942184448242,2,338,2458441.38665014,2458445.38665014,True
2293705259836999296,2293705259836999363,81,2458480.4045225075,128.62618255615234,4.976324081420898,2,347,2458477.38665014,2458481.38665014,True
2293705259836999296,2293705259836999363,81,2458566.1440834976,128.69178771972656,5.154298305511475,1,369,2458565.38665014,2458569.38665014,True
2293705259836999296,2293705259836999363,81,2458599.5513947853,131.8900146484375,7.705324172973633,1,377,2458597.38665014,2458601.38665014,True
2293705259836999296,2293705259836999363,81,2458633.0380836143,117.83695220947266,4.500355243682861,1,385,2458629.38665014,2458633.38665014,True
2293705259836999296,2293705259836999363,81,2458687.882347346,118.87361145019531,5.917750835418701,2,399,2458685.38665014,2458689.38665014,True
2293705259836999296,2293705259836999363,81,2458753.472114791,107.2762680053711,6.663794040679932,1,416,2458753.38665014,2458757.38665014,True
2293705259836999296,2293705259836999363,81,2458818.878097113,120.70505905151367,5.385340929031372,2,432,2458817.38665014,2458821.38665014,True
2293705259836999296,2293705259836999363,81,2458849.6813227898,114.92265319824219,5.431413173675537,2,440,2458849.38665014,2458853.38665014,True
2313973730197718656,2313973730197718721,84,2456974.4716019095,284.0033721923828,9.088802337646484,2,0,2456974.3835234405,2456978.3835234405,True
2313973730197718656,2313973730197718721,84,2457046.1658720993,286.4539489746094,10.485983848571777,4,17,2457042.3835234405,2457046.3835234405,True
2313973730197718656,2313973730197718721,84,2457149.192127748,279.38002014160156,17.974332549060033,2,43,2457146.3835234405,2457150.3835234405,
2313973730197718656,2313973730197718721,84,2457172.402470143,313.07862854003906,7.6216771602630615,2,49,2457170.3835234405,2457174.3835234405,True
2313973730197718656,2313973730197718721,84,2457203.6397127556,285.00421142578125,9.03778076171875,2,57,2457202.3835234405,2457206.3835234405,True
2313973730197718656,2313973730197718721,84,2457329.428060141,326.5965576171875,10.171664237976074,1,88,2457326.3835234405,2457330.3835234405,True
2313973730197718656,2313973730197718721,84,2457354.600919419,288.72296142578125,8.813416481018066,1,95,2457354.3835234405,2457358.3835234405,True
2313973730197718656,2313973730197718721,84,2457381.6271148063,311.53868103027344,7.566175937652588,2,101,2457378.3835234405,2457382.3835234405,True
2313973730197718656,2313973730197718721,84,2457524.914266043,296.1806030273437,13.712533950805664,1,137,2457522.3835234405,2457526.3835234405,True
2313973730197718656,2313973730197718721,84,2457579.938737318,286.005859375,8.408227443695068,2,151,2457578.3835234405,2457582.3835234405,True
2313973730197718656,2313973730197718721,84,2457705.1527668177,297.6557922363281,8.069506645202637,1,182,2457702.3835234405,2457706.3835234405,True
2313973730197718656,2313973730197718721,84,2457756.709985288,305.7048034667969,11.49883270263672,1,195,2457754.3835234405,2457758.3835234405,True
2313973730197718656,2313973730197718721,84,2457854.150071677,321.84943237304685,7.678097343444824,5,219,2457850.3835234405,2457854.3835234405,True
2313973730197718656,2313973730197718721,84,2457856.0830544936,328.66993623621323,8.826176895814783,17,220,2457854.3835234405,2457858.3835234405,True
2313973730197718656,2313973730197718721,84,2457900.8056843253,289.3388977050781,6.934208869934082,2,231,2457898.3835234405,2457902.3835234405,True
2313973730197718656,2313973730197718721,84,2457933.2544264263,305.8858947753906,7.485313892364502,1,239,2457930.3835234405,2457934.3835234405,True
2313973730197718656,2313973730197718721,84,2457955.7237293595,279.97259521484375,6.289221286773682,3,245,2457954.3835234405,2457958.3835234405,True
2313973730197718656,2313973730197718721,84,2458081.0456733317,307.04290771484375,7.730788946151733,2,276,2458078.3835234405,2458082.3835234405,True
2313973730197718656,2313973730197718721,84,2458113.024080077,299.2225036621094,10.943140029907227,2,284,2458110.3835234405,2458114.3835234405,True
2313973730197718656,2313973730197718721,84,2458131.52478592,282.0533088614815,5.772024194488614,2,289,2458130.3835234405,2458134.3835234405,
2313973730197718656,2313973730197718721,84,2458226.1304270932,291.7845916748047,8.72800874710083,2,312,2458222.3835234405,2458226.3835234405,True
2313973730197718656,2313973730197718721,84,2458238.88523746,309.2686462402344,7.246027708053589,2,316,2458238.3835234405,2458242.3835234405,True
2313973730197718656,2313973730197718721,84,2458277.1037634686,309.5118713378906,9.103098392486572,2,325,2458274.3835234405,2458278.3835234405,True
2313973730197718656,2313973730197718721,84,2458315.5854983483,300.4745178222656,6.55688738822937,2,335,2458314.3835234405,2458318.3835234405,True
2313973730197718656,2313973730197718721,84,2458330.217275963,300.5265197753906,8.09354031085968,4,338,2458326.3835234405,2458330.3835234405,True
2313973730197718656,2313973730197718721,84,2458418.6847788063,297.1709696451823,7.4103654225667315,3,361,2458418.3835234405,2458422.3835234405,True
2313973730197718656,2313973730197718721,84,2458456.8069565445,327.5714111328125,8.357710838317871,1,370,2458454.3835234405,2458458.3835234405,True
2313973730197718656,2313973730197718721,84,2458492.2759893085,298.7855834960937,7.855191230773926,1,379,2458490.3835234405,2458494.3835234405,True
2313973730197718656,2313973730197718721,84,2458505.567022943,302.7420997558273,5.5000623441949195,2,382,2458502.3835234405,2458506.3835234405,
2313973730197718656,2313973730197718721,84,2458600.422401303,291.4521789550781,8.2963228225708,2,406,2458598.3835234405,2458602.3835234405,True
2313973730197718656,2313973730197718721,84,2458653.4393077493,294.0043640136719,6.570277690887451,1,419,2458650.3835234405,2458654.3835234405,True
2313973730197718656,2313973730197718721,84,2458689.967436083,306.8375549316406,7.1407270431518555,2,428,2458686.3835234405,2458690.3835234405,True
2313973730197718656,2313973730197718721,84,2458787.238415297,291.4872741699219,7.9569385051727295,2,453,2458786.3835234405,2458790.3835234405,True
2313973730197718656,2313973730197718721,84,2458837.863393612,310.3966979980469,9.39955234527588,1,465,2458834.3835234405,2458838.3835234405,True
2313973730197718656,2313973730197718723,86,2456974.4716022965,293.7857208251953,6.046035051345825,2,0,2456974.3835238386,2456978.3835238386,True
2313973730197718656,2313973730197718723,86,2457006.080044345,260.19071197509766,8.981669187545776,2,7,2457002.3835238386,2457006.3835238386,True
2313973730197718656,2313973730197718723,86,2457046.1658720337,279.00662994384766,7.270467519760132,4,17,2457042.3835238386,2457046.3835238386,True
2313973730197718656,2313973730197718723,86,2457149.192127259,311.3117980957031,8.638947486877441,1,43,2457146.3835238386,2457150.3835238386,True
2313973730197718656,2313973730197718723,86,2457172.402469017,279.70823669433594,9.31166696548462,2,49,2457170.3835238386,2457174.3835238386,True
2313973730197718656,2313973730197718723,86,2457203.639712863,305.3302001953125,8.592563152313232,2,57,2457202.3835238386,2457206.3835238386,True
2313973730197718656,2313973730197718723,86,2457329.4280612445,292.9296569824219,7.91355037689209,1,88,2457326.3835238386,2457330.3835238386,True
2313973730197718656,2313973730197718723,86,2457354.600919567,283.82861328125,11.073050498962402,1,95,2457354.3835238386,2457358.3835238386,True
2313973730197718656,2313973730197718723,86,2457381.6271159267,278.86183166503906,6.307844400405884,2,101,2457378.3835238386,2457382.3835238386,True
2313973730197718656,2313973730197718723,86,2457524.8261868176,305.5990295410156,8.331230878829956,2,137,2457522.3835238386,2457526.3835238386,True
2313973730197718656,2313973730197718723,86,2457579.938737454,279.127197265625,18.246354579925537,2,151,2457578.3835238386,2457582.3835238386,True
2313973730197718656,2313973730197718723,86,2457705.1897713654,271.9061737060547,7.136786460876465,2,182,2457702.3835238386,2457706.3835238386,True
2313973730197718656,2313973730197718723,86,2457756.6729830327,283.3346710205078,7.498635292053223,2,195,2457754.3835238386,2457758.3835238386,True
2313973730197718656,2313973730197718723,86,2457854.1500705574,283.8813781738281,8.540011119842529,5,219,2457850.3835238386,2457854.3835238386,True
2313973730197718656,2313973730197718723,86,2457856.0846860427,284.61451721191406,8.512615263462067,16,220,2457854.3835238386,2457858.3835238386,True
2313973730197718656,2313973730197718723,86,2457900.805684177,297.02146911621094,8.219527244567871,2,231,2457898.3835238386,2457902.3835238386,True
2313973730197718656,2313973730197718723,86,2457933.254425322,297.7386169433594,6.703303813934326,1,239,2457930.3835238386,2457934.3835238386,True
2313973730197718656,2313973730197718723,86,2457955.7237294656,285.58985392252606,7.243657906850179,3,245,2457954.3835238386,2457958.3835238386,True
2313973730197718656,2313973730197718723,86,2458081.0456744577,303.0362854003906,6.612818717956543,2,276,2458078.3835238386,2458082.3835238386,True
2313973730197718656,2313973730197718723,86,2458113.0240799864,275.8772430419922,8.381223917007446,2,284,2458110.3835238386,2458114.3835238386,True
2313973730197718656,2313973730197718723,86,2458131.52478691,279.2820511023467,5.151032881228612,2,289,2458130.3835238386,2458134.3835238386,
2313973730197718656,2313973730197718723,86,2458226.1304261833,280.7661590576172,6.825322866439819,2,312,2458222.3835238386,2458226.3835238386,True
2313973730197718656,2313973730197718723,86,2458238.8852363513,276.6768341064453,6.673490047454834,2,316,2458238.3835238386,2458242.3835238386,True
2313973730197718656,2313973730197718723,86,2458315.585497376,273.7504119873047,6.9688475131988525,2,335,2458314.3835238386,2458318.3835238386,True
2313973730197718656,2313973730197718723,86,2458330.217275932,276.11046600341797,7.593535900115967,4,338,2458326.3835238386,2458330.3835238386,True
2313973730197718656,2313973730197718723,86,2458407.0650775116,271.52918701171876,6.953413009643555,5,358,2458406.3835238386,2458410.3835238386,True
2313973730197718656,2313973730197718723,86,2458418.684779557,278.40272013346356,6.978725910186768,3,361,2458418.3835238386,2458422.3835238386,True
2313973730197718656,2313973730197718723,86,2458456.8069576705,306.287841796875,6.5830583572387695,1,370,2458454.3835238386,2458458.3835238386,True
2313973730197718656,2313973730197718723,86,2458492.275989183,314.6727294921875,24.80984878540039,1,379,2458490.3835238386,2458494.3835238386,True
2313973730197718656,2313973730197718723,86,2458505.5670237453,292.0386017684383,5.812773031878552,2,382,2458502.3835238386,2458506.3835238386,
2313973730197718656,2313973730197718723,86,2458600.4224006208,297.57061767578125,7.365787982940674,2,406,2458598.3835238386,2458602.3835238386,True
2313973730197718656,2313973730197718723,86,2458653.439307795,272.30712890625,5.942145824432373,1,419,2458650.3835238386,2458654.3835238386,True
2313973730197718656,2313973730197718723,86,2458689.9674352985,298.99644470214844,34.16545844078064,2,428,2458686.3835238386,2458690.3835238386,True
2313973730197718656,2313973730197718723,86,2458787.2384159565,300.14312744140625,9.711777210235596,2,453,2458786.3835238386,2458790.3835238386,True
2313973730197718656,2313973730197718723,86,2458805.2977683707,274.2342529296875,9.41791820526123,1,457,2458802.3835238386,2458806.3835238386,True
2313973730197718656,2313973730197718723,86,2458837.863393567,305.7198181152344,9.220767974853516,1,465,2458834.3835238386,2458838.3835238386,True
2313973730197718656,2313973730197718725,83,2456974.471601193,218.3491668701172,6.988189220428467,2,0,2456974.383522724,2456978.383522724,True
2313973730197718656,2313973730197718725,83,2457006.0800427524,211.89735412597653,8.66617727279663,2,7,2457002.383522724,2457006.383522724,True
2313973730197718656,2313973730197718725,83,2457046.1658715187,216.11260604858398,8.314813375473022,4,17,2457042.383522724,2457046.383522724,True
2313973730197718656,2313973730197718725,83,2457149.1921284646,195.8900146484375,7.104045391082764,1,43,2457146.383522724,2457150.383522724,True
2313973730197718656,2313973730197718725,83,2457172.4024705244,208.14962005615232,9.40871524810791,2,49,2457170.383522724,2457174.383522724,True
2313973730197718656,2313973730197718725,83,2457203.6397133125,206.316162109375,10.871339797973633,2,57,2457202.383522724,2457206.383522724,True
2313973730197718656,2313973730197718725,83,2457329.428059823,201.5126495361328,8.836838722229004,1,88,2457326.383522724,2457330.383522724,True
2313973730197718656,2313973730197718725,83,2457381.6271142773,206.62091064453125,5.754981279373169,2,101,2457378.383522724,2457382.383522724,True
2313973730197718656,2313973730197718725,83,2457579.938737864,209.95354461669922,7.906070709228516,2,151,2457578.383522724,2457582.383522724,True
2313973730197718656,2313973730197718725,83,2457705.1897699265,218.8621368408203,5.631763458251953,2,182,2457702.383522724,2457706.383522724,True
2313973730197718656,2313973730197718725,83,2457756.672981349,207.62520599365234,7.349700927734375,2,195,2457754.383522724,2457758.383522724,True
2313973730197718656,2313973730197718725,83,2457854.150072202,213.48270263671876,7.271542549133301,5,219,2457850.383522724,2457854.383522724,True
2313973730197718656,2313973730197718725,83,2457856.100322632,216.787202835083,8.018565058708191,16,220,2457854.383522724,2457858.383522724,True
2313973730197718656,2313973730197718725,83,2457933.2914304845,209.3584976196289,7.434642553329468,2,239,2457930.383522724,2457934.383522724,True
2313973730197718656,2313973730197718725,83,2457955.723729917,224.12721252441406,7.028008619944255,3,245,2457954.383522724,2457958.383522724,True
2313973730197718656,2313973730197718725,83,2458081.045672985,218.27371215820312,5.973021745681763,2,276,2458078.383522724,2458082.383522724,True
2313973730197718656,2313973730197718725,83,2458113.0240795086,209.77056884765625,6.256267547607422,2,284,2458110.383522724,2458114.383522724,True
2313973730197718656,2313973730197718725,83,2458226.130427816,206.7838134765625,6.0347349643707275,2,312,2458222.383522724,2458226.383522724,True
2313973730197718656,2313973730197718725,83,2458238.8852377674,225.35765075683594,5.804920673370361,2,316,2458238.383522724,2458242.383522724,True
2313973730197718656,2313973730197718725,83,2458277.103764088,226.27738189697266,9.673320770263672,2,325,2458274.383522724,2458278.383522724,True
2313973730197718656,2313973730197718725,83,2458315.585499042,204.98934173583984,7.432593107223511,2,335,2458314.383522724,2458318.383522724,True
2313973730197718656,2313973730197718725,83,2458330.2172765834,228.6364974975586,7.572545886039734,4,338,2458326.383522724,2458330.383522724,True
2313973730197718656,2313973730197718725,83,2458407.0650759307,215.75510864257814,6.695190048217773,5,358,2458406.383522724,2458410.383522724,True
2313973730197718656,2313973730197718725,83,2458418.684778063,198.62579854329428,6.126067638397217,3,361,2458418.383522724,2458422.383522724,True
2313973730197718656,2313973730197718725,83,2458456.806956135,204.72848510742188,5.632426261901856,1,370,2458454.383522724,2458458.383522724,True
2313973730197718656,2313973730197718725,83,2458492.2759887627,220.8171539306641,7.234476089477539,1,379,2458490.383522724,2458494.383522724,True
2313973730197718656,2313973730197718725,83,2458505.567022204,195.50892533978293,5.27387146806758,2,382,2458502.383522724,2458506.383522724,
2313973730197718656,2313973730197718725,83,2458600.422402059,188.6921157836914,6.328207969665527,2,406,2458598.383522724,2458602.383522724,True
2313973730197718656,2313973730197718725,83,2458653.439308329,211.88394165039065,6.736321926116943,1,419,2458650.383522724,2458654.383522724,True
2313973730197718656,2313973730197718725,83,2458689.967436823,196.97362518310547,7.743783950805664,2,428,2458686.383522724,2458690.383522724,True
2313973730197718656,2313973730197718725,83,2458787.201411255,200.2433319091797,6.050909519195557,1,453,2458786.383522724,2458790.383522724,True
2313973730197718656,2313973730197718725,83,2458805.2977669146,222.58489990234372,6.778843402862549,1,457,2458802.383522724,2458806.383522724,True
2313973730197718656,2313973730197718725,83,2458837.863393044,214.39712524414065,8.533194541931152,1,465,2458834.383522724,2458838.383522724,True
2313973730197718656,2313973730197718729,87,2456974.4716019607,84.44740295410156,5.362185955047607,2,0,2456974.3835234856,2456978.3835234856,True
2313973730197718656,2313973730197718729,87,2457006.117046032,88.31322479248047,8.257715225219727,1,7,2457002.3835234856,2457006.3835234856,True
2313973730197718656,2313973730197718729,87,2457046.1658724546,73.93072319030762,5.53058248758316,4,17,2457042.3835234856,2457046.3835234856,True
2313973730197718656,2313973730197718729,87,2457149.192127748,73.25688934326172,5.8261590003967285,1,43,2457146.3835234856,2457150.3835234856,True
2313973730197718656,2313973730197718729,87,2457172.4394744346,71.4483642578125,6.654367446899414,1,49,2457170.3835234856,2457174.3835234856,True
2313973730197718656,2313973730197718729,87,2457203.6767159267,88.40616607666016,6.960606098175049,1,57,2457202.3835234856,2457206.3835234856,True
2313973730197718656,2313973730197718729,87,2457329.4280593563,54.82116317749024,7.403963565826416,1,88,2457326.3835234856,2457330.3835234856,True
2313973730197718656,2313973730197718729,87,2457354.600919624,93.24434661865234,6.391107082366943,1,95,2457354.3835234856,2457358.3835234856,True
2313973730197718656,2313973730197718729,87,2457381.6271141293,129.6514892578125,6.361538410186768,2,101,2457378.3835234856,2457382.3835234856,True
2313973730197718656,2313973730197718729,87,2457524.914265918,101.29000091552734,8.300031661987305,1,137,2457522.3835234856,2457526.3835234856,True
2313973730197718656,2313973730197718729,87,2457579.901733345,71.36717224121094,6.335970878601074,1,151,2457578.3835234856,2457582.3835234856,True
2313973730197718656,2313973730197718729,87,2457705.189769477,110.40142440795898,4.393783092498779,2,182,2457702.3835234856,2457706.3835234856,True
2313973730197718656,2313973730197718729,87,2457854.0045584803,147.25664026137383,12.2581228628213,2,219,2457850.3835234856,2457854.3835234856,
2313973730197718656,2313973730197718729,87,2457855.7627337454,90.4455356149935,10.258834242244976,4,220,2457854.3835234856,2457858.3835234856,
2313973730197718656,2313973730197718729,87,2457900.768680613,98.63528442382812,5.038291931152344,1,231,2457898.3835234856,2457902.3835234856,True
2313973730197718656,2313973730197718729,87,2457955.669700537,71.45496368408203,4.861698627471924,2,245,2457954.3835234856,2457958.3835234856,True
2313973730197718656,2313973730197718729,87,2458081.0826758146,51.62432861328125,2.4569499492645264,1,276,2458078.3835234856,2458082.3835234856,True
2313973730197718656,2313973730197718729,87,2458131.487781731,123.88109376359311,3.549334519279329,1,289,2458130.3835234856,2458134.3835234856,False
2313973730197718656,2313973730197718729,87,2458238.885238234,120.67929458618164,19.13479828834534,2,316,2458238.3835234856,2458242.3835234856,True
2313973730197718656,2313973730197718729,87,2458315.5484955125,109.64056396484376,4.702353000640869,1,335,2458314.3835234856,2458318.3835234856,True
2313973730197718656,2313973730197718729,87,2458330.0921934387,116.07190788047387,11.51569182458832,2,338,2458326.3835234856,2458330.3835234856,
2313973730197718656,2313973730197718729,87,2458418.826886084,52.99669647216797,5.264318943023682,1,361,2458418.3835234856,2458422.3835234856,True
2313973730197718656,2313973730197718729,87,2458456.806955805,79.4927749633789,4.395595073699951,1,370,2458454.3835234856,2458458.3835234856,True
2313973730197718656,2313973730197718729,87,2458787.2754184166,71.52088928222656,6.28115701675415,1,453,2458786.3835234856,2458790.3835234856,True
2313973730197718656,2313973730197718729,87,2458805.2977664936,58.191219329833984,2.6916871070861816,1,457,2458802.3835234856,2458806.3835234856,True
2321356023065144320,2321356023065144385,88,2456866.183917744,147.56500244140625,4.899452209472656,1,0,2456866.183917744,2456870.183917744,True
2321356023065144320,2321356023065144385,88,2456956.272249776,142.5916493733724,4.908163547515869,3,22,2456954.183917744,2456958.183917744,True
2321356023065144320,2321356023065144385,88,2456973.635614153,144.3131103515625,4.7598958015441895,1,26,2456970.183917744,2456974.183917744,True
2321356023065144320,2321356023065144385,88,2457149.8661566013,138.31593322753906,5.099628448486328,1,70,2457146.183917744,2457150.183917744,True
2321356023065144320,2321356023065144385,88,2457171.439659855,137.2313995361328,4.478768825531006,1,76,2457170.183917744,2457174.183917744,True
2321356023065144320,2321356023065144385,88,2457203.673692384,123.02528381347656,6.899657726287842,1,84,2457202.183917744,2457206.183917744,True
2321356023065144320,2321356023065144385,88,2457330.890992036,146.91065216064453,5.728603839874268,2,116,2457330.183917744,2457334.183917744,True
2321356023065144320,2321356023065144385,88,2457354.177466804,141.58041381835938,5.266844749450684,1,121,2457350.183917744,2457354.183917744,True
2321356023065144320,2321356023065144385,88,2457382.627630314,146.20504760742188,5.048911094665527,2,129,2457382.183917744,2457386.183917744,True
2321356023065144320,2321356023065144385,88,2457525.323787792,140.99949645996094,7.461438179016112,2,164,2457522.183917744,2457526.183917744,True
2321356023065144320,2321356023065144385,88,2457551.4424653733,138.12722778320312,7.038443088531494,2,171,2457550.183917744,2457554.183917744,True
2321356023065144320,2321356023065144385,88,2457579.97271123,130.563720703125,4.300196647644043,1,178,2457578.183917744,2457582.183917744,True
2321356023065144320,2321356023065144385,88,2457901.266128708,136.56533813476562,9.26258373260498,1,258,2457898.183917744,2457902.183917744,True
2321356023065144320,2321356023065144385,88,2457932.0776237035,141.53790283203125,4.864895820617676,1,266,2457930.183917744,2457934.183917744,True
2321356023065144320,2321356023065144385,88,2458082.008390595,144.49884033203125,5.116487503051758,1,303,2458078.183917744,2458082.183917744,True
2321356023065144320,2321356023065144385,88,2458132.5633434835,148.09132385253906,6.97672700881958,1,316,2458130.183917744,2458134.183917744,True
2321356023065144320,2321356023065144385,88,2458227.951474069,138.80673217773438,5.1595150629679365,3,340,2458226.183917744,2458230.183917744,True
2321356023065144320,2321356023065144385,88,2458237.135119669,146.2853240966797,5.974905490875244,2,342,2458234.183917744,2458238.183917744,True
2321356023065144320,2321356023065144385,88,2458277.313960526,139.98046875,5.85818338394165,1,352,2458274.183917744,2458278.183917744,True
2321356023065144320,2321356023065144385,88,2458313.5833378886,143.05303192138672,4.994072437286377,2,361,2458310.183917744,2458314.183917744,True
2321356023065144320,2321356023065144385,88,2458330.7146303016,133.25872421264648,4.592329263687134,2,366,2458330.183917744,2458334.183917744,True
2321356023065144320,2321356023065144385,88,2458413.5369342663,145.71253967285156,6.957539367675781,10,386,2458410.183917744,2458414.183917744,True
2321356023065144320,2321356023065144385,88,2458414.5316107934,144.22204971313477,6.081926703453064,4,387,2458414.183917744,2458418.183917744,True
2321356023065144320,2321356023065144385,88,2458457.8068613736,145.48194885253906,4.902572154998779,1,397,2458454.183917744,2458458.183917744,True
2321356023065144320,2321356023065144385,88,2458492.1028613625,135.06944274902344,4.0306243896484375,1,406,2458490.183917744,2458494.183917744,True
2321356023065144320,2321356023065144385,88,2458601.546154164,138.9742660522461,6.3284337520599365,2,433,2458598.183917744,2458602.183917744,True
2321356023065144320,2321356023065144385,88,2458617.637814389,143.8930206298828,4.294632911682129,1,437,2458614.183917744,2458618.183917744,True
2321356023065144320,2321356023065144385,88,2458653.6864667786,143.4906768798828,5.505858898162842,1,446,2458650.183917744,2458654.183917744,True
2321356023065144320,2321356023065144385,88,2458691.3416634053,142.03857421875,5.36278223991394,2,456,2458690.183917744,2458694.183917744,True
2321356023065144320,2321356023065144385,88,2458788.241103952,148.6611501564774,5.12375491316879,2,480,2458786.183917744,2458790.183917744,
2321356023065144320,2321356023065144385,88,2458804.2960891444,140.9920196533203,6.81557035446167,1,484,2458802.183917744,2458806.183917744,True
2321356023065144320,2321356023065144385,88,2458838.0795629323,132.99518585205078,5.822484016418457,2,492,2458834.183917744,2458838.183917744,True
2321356023065144320,2321356023065144387,89,2456956.2722496586,109.02734883626302,5.968273480733235,3,0,2456956.1301418915,2456960.1301418915,True
2321356023065144320,2321356023065144387,89,2457045.881718089,107.03256448277347,11.893497546313666,2,22,2457044.1301418915,2457048.1301418915,False
2321356023065144320,2321356023065144387,89,2457149.903160336,105.87345504760742,7.028797388076782,2,48,2457148.1301418915,2457152.1301418915,True
2321356023065144320,2321356023065144387,89,2457171.4396599685,108.96234893798828,4.524122714996338,1,53,2457168.1301418915,2457172.1301418915,True
2321356023065144320,2321356023065144387,89,2457330.890991922,108.96615219116211,5.748121500015259,2,93,2457328.1301418915,2457332.1301418915,True
2321356023065144320,2321356023065144387,89,2457354.177466713,107.0901336669922,5.641250133514404,1,99,2457352.1301418915,2457356.1301418915,True
2321356023065144320,2321356023065144387,89,2457382.6276301835,103.49858474731445,4.556410551071167,2,106,2457380.1301418915,2457384.1301418915,True
2321356023065144320,2321356023065144387,89,2457525.235708976,109.21952056884766,4.95795202255249,1,142,2457524.1301418915,2457528.1301418915,True
2321356023065144320,2321356023065144387,89,2457551.4794690395,100.18663024902344,5.593438625335693,1,148,2457548.1301418915,2457552.1301418915,True
2321356023065144320,2321356023065144387,89,2457706.4025452174,106.21636199951172,3.793003559112549,1,187,2457704.1301418915,2457708.1301418915,True
2321356023065144320,2321356023065144387,89,2457901.08997111,102.31936645507812,5.503790855407715,1,236,2457900.1301418915,2457904.1301418915,True
2321356023065144320,2321356023065144387,89,2457932.003617236,104.14263153076172,4.548462867736816,1,243,2457928.1301418915,2457932.1301418915,True
2321356023065144320,2321356023065144387,89,2458082.0823973813,103.49993133544922,9.352696418762209,1,281,2458080.1301418915,2458084.1301418915,True
2321356023065144320,2321356023065144387,89,2458112.990095615,98.3274917602539,4.376327991485596,1,289,2458112.1301418915,2458116.1301418915,True
2321356023065144320,2321356023065144387,89,2458227.917424193,101.62084197998048,6.915300369262695,1,317,2458224.1301418915,2458228.1301418915,True
2321356023065144320,2321356023065144387,89,2458237.1721232045,108.13577270507812,4.976172924041748,1,320,2458236.1301418915,2458240.1301418915,True
2321356023065144320,2321356023065144387,89,2458277.3139606174,99.08811950683594,8.345760345458984,1,330,2458276.1301418915,2458280.1301418915,True
2321356023065144320,2321356023065144387,89,2458313.620341338,110.60691833496094,4.164498329162598,1,339,2458312.1301418915,2458316.1301418915,True
2321356023065144320,2321356023065144387,89,2458330.768658906,102.04913590471529,18.91892588333214,3,343,2458328.1301418915,2458332.1301418915,False
2321356023065144320,2321356023065144387,89,2458413.672888298,106.88534164428711,6.890344398362296,14,364,2458412.1301418915,2458416.1301418915,True
2321356023065144320,2321356023065144387,89,2458506.8194687124,107.62241744995117,4.5181708335876465,2,387,2458504.1301418915,2458508.1301418915,True
2321356023065144320,2321356023065144387,89,2458601.4580758144,107.9245147705078,6.913599014282227,1,411,2458600.1301418915,2458604.1301418915,True
2321356023065144320,2321356023065144387,89,2458617.637814503,107.96595764160156,5.191364765167236,1,415,2458616.1301418915,2458620.1301418915,True
2321356023065144320,2321356023065144387,89,2458653.649463408,101.42590956998308,18.25129774253704,2,424,2458652.1301418915,2458656.1301418915,False
2321356023065144320,2321356023065144387,89,2458691.253584305,104.47776794433594,4.2929863929748535,1,433,2458688.1301418915,2458692.1301418915,True
2321356023065144320,2321356023065144387,89,2458788.2781070834,108.65374755859376,4.406594276428223,1,458,2458788.1301418915,2458792.1301418915,True
2321356023065144320,2321356023065144387,89,2458804.296089042,106.78130340576172,7.793665885925293,1,462,2458804.1301418915,2458808.1301418915,True
2321356023065144320,2321356023065144387,89,2458838.0425594994,112.60985565185548,20.961552049744924,1,470,2458836.1301418915,2458840.1301418915,False
2342868174221011968,2342868174221012033,91,2456959.902272533,325.83287048339844,7.14858078956604,4,0,2456959.5525614074,2456963.5525614074,True
2342868174221011968,2342868174221012033,91,2456968.3447611965,322.92447662353516,6.906725168228149,4,2,2456967.5525614074,2456971.5525614074,True
2342868174221011968,2342868174221012033,91,2457042.9208740285,323.1574249267578,7.952534437179565,2,20,2457039.5525614074,2457043.5525614074,True
2342868174221011968,2342868174221012033,91,2457057.54949948,322.3804016113281,7.945817470550537,2,24,2457055.5525614074,2457059.5525614074,True
2342868174221011968,2342868174221012033,91,2457170.408310374,324.20143127441406,7.478867053985596,2,52,2457167.5525614074,2457171.5525614074,True
2342868174221011968,2342868174221012033,91,2457205.847283401,322.54644775390625,9.118263244628906,1,61,2457203.5525614074,2457207.5525614074,True
2342868174221011968,2342868174221012033,91,2457332.385649591,328.187744140625,7.401776075363159,2,93,2457331.5525614074,2457335.5525614074,True
2342868174221011968,2342868174221012033,91,2457351.3904534895,323.8152618408203,7.635879755020142,2,97,2457347.5525614074,2457351.5525614074,True
2342868174221011968,2342868174221012033,91,2457383.872816877,333.4486389160156,23.189972400665283,2,106,2457383.5525614074,2457387.5525614074,True
2342868174221011968,2342868174221012033,91,2457422.6219911445,313.0886535644531,9.185952186584473,1,115,2457419.5525614074,2457423.5525614074,True
2342868174221011968,2342868174221012033,91,2457430.7142799916,320.8914260864258,7.870699644088745,4,117,2457427.5525614074,2457431.5525614074,True
2342868174221011968,2342868174221012033,91,2457527.9493724946,320.72430419921875,7.868837118148804,2,142,2457527.5525614074,2457531.5525614074,True
2342868174221011968,2342868174221012033,91,2457550.410876272,314.1833801269531,7.050328731536865,1,147,2457547.5525614074,2457551.5525614074,True
2342868174221011968,2342868174221012033,91,2457582.3962374707,333.7755126953125,7.882204532623291,1,155,2457579.5525614074,2457583.5525614074,True
2342868174221011968,2342868174221012033,91,2457707.4338072706,314.6304931640625,7.147065162658691,2,186,2457703.5525614074,2457707.5525614074,True
2342868174221011968,2342868174221012033,91,2457759.4200164345,321.5751953125,7.170448064804077,2,199,2457755.5525614074,2457759.5525614074,True
2342868174221011968,2342868174221012033,91,2457903.5154317147,331.1045227050781,7.221182823181152,1,235,2457899.5525614074,2457903.5525614074,True
2342868174221011968,2342868174221012033,91,2457903.5894386037,332.6223449707031,10.307987213134766,1,236,2457903.5525614074,2457907.5525614074,True
2342868174221011968,2342868174221012033,91,2457930.508236465,323.3240661621094,7.005321979522705,1,242,2457927.5525614074,2457931.5525614074,True
2342868174221011968,2342868174221012033,91,2457958.576412925,323.2231140136719,7.42746639251709,1,249,2457955.5525614074,2457959.5525614074,True
2342868174221011968,2342868174221012033,91,2458083.0397001673,316.6504669189453,6.8166184425354,2,280,2458079.5525614074,2458083.5525614074,True
2342868174221011968,2342868174221012033,91,2458110.992443112,328.6714782714844,7.565491199493408,1,287,2458107.5525614074,2458111.5525614074,True
2342868174221011968,2342868174221012033,91,2458134.5604081154,321.632080078125,10.068306922912598,1,293,2458131.5525614074,2458135.5525614074,True
2342868174221011968,2342868174221012033,91,2458279.562499861,328.4486083984375,6.891414642333984,1,330,2458279.5525614074,2458283.5525614074,True
2342868174221011968,2342868174221012033,91,2458311.086369421,320.9751281738281,6.978280782699585,2,337,2458307.5525614074,2458311.5525614074,True
2342868174221011968,2342868174221012033,91,2458334.6763744713,325.18365478515625,7.530794858932495,2,343,2458331.5525614074,2458335.5525614074,True
2342868174221011968,2342868174221012033,91,2458458.8383025993,324.3871612548828,6.9615209102630615,2,374,2458455.5525614074,2458459.5525614074,True
2342868174221011968,2342868174221012033,91,2458490.068601112,321.40313720703125,7.214668035507202,2,382,2458487.5525614074,2458491.5525614074,True
2342868174221011968,2342868174221012033,91,2458509.531306288,319.2676086425781,6.884335994720459,1,387,2458507.5525614074,2458511.5525614074,True
2342868174221011968,2342868174221012033,91,2458605.0505616968,319.1741485595703,7.828977584838867,2,411,2458603.5525614074,2458607.5525614074,True
2342868174221011968,2342868174221012033,91,2458616.430392811,325.51722717285156,7.586302995681763,2,414,2458615.5525614074,2458619.5525614074,True
2342868174221011968,2342868174221012033,91,2458655.684286151,317.1408386230469,6.494229316711426,1,424,2458655.5525614074,2458659.5525614074,True
2342868174221011968,2342868174221012033,91,2458694.258420167,328.2850646972656,7.724725246429443,1,433,2458691.5525614074,2458695.5525614074,True
2342868174221011968,2342868174221012033,91,2458791.7414545575,324.20838928222656,8.16102123260498,2,458,2458791.5525614074,2458795.5525614074,True
2342868174221011968,2342868174221012033,91,2458840.084411448,322.57273864746094,6.333137035369873,2,470,2458839.5525614074,2458843.5525614074,True
2342868174221011968,2342868174221012035,90,2456959.964813936,183.3700688680013,5.682200113932292,6,0,2456959.5525611006,2456963.5525611006,True
2342868174221011968,2342868174221012035,90,2456968.4021943086,188.06012878417968,6.466276359558106,5,2,2456967.5525611006,2456971.5525611006,True
2342868174221011968,2342868174221012035,90,2457042.920873198,139.14247131347656,4.97599458694458,2,20,2457039.5525611006,2457043.5525611006,True
2342868174221011968,2342868174221012035,90,2457057.5494987294,131.2857551574707,4.730202674865723,2,24,2457055.5525611006,2457059.5525611006,True
2342868174221011968,2342868174221012035,90,2457152.9423876777,136.48452758789062,9.983360290527344,1,48,2457151.5525611006,2457155.5525611006,True
2342868174221011968,2342868174221012035,90,2457205.847284266,212.1367645263672,8.081820487976074,1,61,2457203.5525611006,2457207.5525611006,True
2342868174221011968,2342868174221012035,90,2457332.3856494944,229.95330810546875,7.712165832519531,2,93,2457331.5525611006,2457335.5525611006,True
2342868174221011968,2342868174221012035,90,2457351.390452591,227.17202758789062,5.930422306060791,2,97,2457347.5525611006,2457351.5525611006,True
2342868174221011968,2342868174221012035,90,2457383.872816638,206.09320831298828,6.246648788452148,2,106,2457383.5525611006,2457387.5525611006,True
2342868174221011968,2342868174221012035,90,2457422.621990314,189.9912109375,6.385549545288086,1,115,2457419.5525611006,2457423.5525611006,True
2342868174221011968,2342868174221012035,90,2457430.7142791124,186.13945770263672,6.389648675918579,4,117,2457427.5525611006,2457431.5525611006,True
2342868174221011968,2342868174221012035,90,2457527.9493733705,195.81180572509766,7.715851306915283,2,142,2457527.5525611006,2457531.5525611006,True
2342868174221011968,2342868174221012035,90,2457582.3962383126,178.77745056152344,7.328605651855469,1,155,2457579.5525611006,2457583.5525611006,True
2342868174221011968,2342868174221012035,90,2457707.433807226,151.47434997558594,5.869213342666626,2,186,2457703.5525611006,2457707.5525611006,True
2342868174221011968,2342868174221012035,90,2457759.4570196057,168.2706756591797,4.925610065460205,1,199,2457755.5525611006,2457759.5525611006,True
2342868174221011968,2342868174221012035,90,2457903.515432602,130.86907958984375,4.152943134307861,1,235,2457899.5525611006,2457903.5525611006,True
2342868174221011968,2342868174221012035,90,2457903.589439502,128.479736328125,9.145188331604004,1,236,2457903.5525611006,2457907.5525611006,True
2342868174221011968,2342868174221012035,90,2457930.508236681,113.96820831298828,4.536861419677734,1,242,2457927.5525611006,2457931.5525611006,True
2342868174221011968,2342868174221012035,90,2457958.576413756,104.02082824707033,4.479737758636475,1,249,2457955.5525611006,2457959.5525611006,True
2342868174221011968,2342868174221012035,90,2458083.0397001216,95.59405517578125,4.453248739242554,2,280,2458079.5525611006,2458083.5525611006,True
2342868174221011968,2342868174221012035,90,2458311.0863697845,94.10532760620117,4.435394763946533,2,337,2458307.5525611006,2458311.5525611006,True
2342868174221011968,2342868174221012035,90,2458334.62529906,106.061279296875,4.307114124298096,1,343,2458331.5525611006,2458335.5525611006,True
2342868174221011968,2342868174221012035,90,2458458.801299252,113.29009246826172,4.21619176864624,1,374,2458455.5525611006,2458459.5525611006,True
2342868174221011968,2342868174221012035,90,2458490.0686002644,101.8630485534668,4.947411298751831,2,382,2458487.5525611006,2458491.5525611006,True
2342868174221011968,2342868174221012035,90,2458604.962483541,82.82527160644531,7.451184749603271,1,411,2458603.5525611006,2458607.5525611006,True
2342868174221011968,2342868174221012035,90,2458616.430392851,84.1334457397461,5.528001308441162,2,414,2458615.5525611006,2458619.5525611006,True
2342868174221011968,2342868174221012035,90,2458694.2584207584,84.92945098876953,4.159024715423584,1,433,2458691.5525611006,2458695.5525611006,True
2342868174221011968,2342868174221012035,90,2458840.047407167,65.61898803710938,6.677088737487793,1,470,2458839.5525611006,2458843.5525611006,True
2453634448777227392,2453634448777227457,93,2456899.077112205,20409.880859375,64.89639282226562,2,0,2456898.9520292,2456902.9520292,True
2453634448777227392,2453634448777227457,93,2457159.7183434963,20336.134765625,60.81551742553711,4,65,2457158.9520292,2457162.9520292,True
2453634448777227392,2453634448777227457,93,2457207.087693851,20300.216796875,58.53462600708008,1,77,2457206.9520292,2457210.9520292,True
2453634448777227392,2453634448777227457,93,2457242.607083773,20386.865234375,60.88449478149414,2,85,2457238.9520292,2457242.9520292,True
2453634448777227392,2453634448777227457,93,2457259.8629506594,20345.90234375,62.19674301147461,2,90,2457258.9520292,2457262.9520292,True
2453634448777227392,2453634448777227457,93,2457387.371632612,20080.58203125,60.41020584106445,2,122,2457386.9520292,2457390.9520292,True
2453634448777227392,2453634448777227457,93,2457421.558003033,20138.9296875,59.6513786315918,1,130,2457418.9520292,2457422.9520292,True
2453634448777227392,2453634448777227457,93,2457436.09870646,20190.28125,60.864633560180664,2,134,2457434.9520292,2457438.9520292,True
2453634448777227392,2453634448777227457,93,2457531.820007515,20314.7900390625,58.29716491699219,2,158,2457530.9520292,2457534.9520292,True
2453634448777227392,2453634448777227457,93,2457546.4496696107,20302.6103515625,60.405799865722656,2,161,2457542.9520292,2457546.9520292,True
2453634448777227392,2453634448777227457,93,2457583.386299546,20269.814453125,57.72720718383789,1,171,2457582.9520292,2457586.9520292,True
2453634448777227392,2453634448777227457,93,2457713.646880544,20315.90234375,64.22101593017578,1,203,2457710.9520292,2457714.9520292,True
2453634448777227392,2453634448777227457,93,2457728.902532718,20333.255859375,55.79661560058594,1,207,2457726.9520292,2457730.9520292,True
2453634448777227392,2453634448777227457,93,2457762.882790765,20236.2734375,64.93724822998047,1,215,2457758.9520292,2457762.9520292,True
2453634448777227392,2453634448777227457,93,2457762.956797722,20254.3828125,59.40938186645508,1,216,2457762.9520292,2457766.9520292,True
2453634448777227392,2453634448777227457,93,2457802.1211203765,20295.197265625,71.52964782714844,3,225,2457798.9520292,2457802.9520292,True
2453634448777227392,2453634448777227457,93,2457808.570850098,20299.388671875,59.159440994262695,4,227,2457806.9520292,2457810.9520292,True
2453634448777227392,2453634448777227457,93,2457926.7965283524,20295.1240234375,65.04880714416504,2,256,2457922.9520292,2457926.9520292,True
2453634448777227392,2453634448777227457,93,2457959.5663878447,20303.36328125,58.908504486083984,1,265,2457958.9520292,2457962.9520292,True
2453634448777227392,2453634448777227457,93,2458087.5380861964,20282.1982421875,59.14374923706055,2,297,2458086.9520292,2458090.9520292,True
2453634448777227392,2453634448777227457,93,2458109.5385708874,20293.13671875,60.55582618713379,2,302,2458106.9520292,2458110.9520292,True
2453634448777227392,2453634448777227457,93,2458281.4662261764,20347.6767578125,58.73943328857422,2,345,2458278.9520292,2458282.9520292,True
2453634448777227392,2453634448777227457,93,2458307.049258505,20329.357421875,60.44392395019531,1,352,2458306.9520292,2458310.9520292,True
2453634448777227392,2453634448777227457,93,2458335.703347864,20178.9287109375,59.31490135192871,2,359,2458334.9520292,2458338.9520292,True
2453634448777227392,2453634448777227457,93,2458462.623240041,20347.822265625,60.86734771728516,1,390,2458458.9520292,2458462.9520292,True
2453634448777227392,2453634448777227457,93,2458489.0784512954,20206.8408203125,60.76685905456543,2,397,2458486.9520292,2458490.9520292,True
2453634448777227392,2453634448777227457,93,2458513.5714933304,20294.955078125,60.926836013793945,2,403,2458510.9520292,2458514.9520292,True
2453634448777227392,2453634448777227457,93,2458657.1751924627,20271.166015625,62.094364166259766,1,439,2458654.9520292,2458658.9520292,True
2453634448777227392,2453634448777227459,92,2456898.6278600544,150.5648956298828,5.208131313323975,1,0,2456898.6278600544,2456902.6278600544,True
2453634448777227392,2453634448777227459,92,2457042.092974239,135.40118408203125,8.930693626403809,1,35,2457038.6278600544,2457042.6278600544,True
2453634448777227392,2453634448777227459,92,2457062.055334186,151.02654266357422,5.811371564865112,2,40,2457058.6278600544,2457062.6278600544,True
2453634448777227392,2453634448777227459,92,2457159.584750358,141.4302520751953,5.828248500823975,3,65,2457158.6278600544,2457162.6278600544,True
2453634448777227392,2453634448777227459,92,2457164.466194379,150.3469207763672,7.402195262908935,5,66,2457162.6278600544,2457166.6278600544,True
2453634448777227392,2453634448777227459,92,2457207.087693828,147.68655395507812,6.89448356628418,1,77,2457206.6278600544,2457210.6278600544,True
2453634448777227392,2453634448777227459,92,2457242.570081864,142.1984405517578,4.897439002990723,1,85,2457238.6278600544,2457242.6278600544,True
2453634448777227392,2453634448777227459,92,2457242.6440881724,146.28335571289062,5.061551094055176,1,86,2457242.6278600544,2457246.6278600544,True
2453634448777227392,2453634448777227459,92,2457259.791897265,139.47591145833334,5.866781393686931,3,90,2457258.6278600544,2457262.6278600544,True
2453634448777227392,2453634448777227459,92,2457387.371631275,149.44300079345703,6.096790552139282,2,122,2457386.6278600544,2457390.6278600544,True
2453634448777227392,2453634448777227459,92,2457421.558003216,148.09144592285156,7.044837951660156,1,130,2457418.6278600544,2457422.6278600544,True
2453634448777227392,2453634448777227459,92,2457436.0987054706,139.7022705078125,8.481548309326172,2,134,2457434.6278600544,2457438.6278600544,True
2453634448777227392,2453634448777227459,92,2457531.8200083342,141.68148803710938,7.911996841430664,2,158,2457530.6278600544,2457534.6278600544,True
2453634448777227392,2453634448777227459,92,2457546.4496709416,145.7462158203125,5.8433778285980225,2,161,2457542.6278600544,2457546.6278600544,True
2453634448777227392,2453634448777227459,92,2457583.3862994206,142.77345275878906,6.337638854980469,1,171,2457582.6278600544,2457586.6278600544,True
2453634448777227392,2453634448777227459,92,2457713.646879236,149.126953125,5.3086371421813965,1,203,2457710.6278600544,2457714.6278600544,True
2453634448777227392,2453634448777227459,92,2457728.902532297,139.75982666015625,4.712639331817627,1,207,2457726.6278600544,2457730.6278600544,True
2453634448777227392,2453634448777227459,92,2457802.1040951516,145.7123565673828,5.827063083648682,2,225,2457798.6278600544,2457802.6278600544,True
2453634448777227392,2453634448777227459,92,2457808.5168206305,148.6321563720703,6.379588603973389,3,227,2457806.6278600544,2457810.6278600544,True
2453634448777227392,2453634448777227459,92,2457926.796529672,145.0235366821289,5.088994741439819,2,257,2457926.6278600544,2457930.6278600544,True
2453634448777227392,2453634448777227459,92,2457959.5663876627,144.18460083007812,5.413628101348877,1,265,2457958.6278600544,2457962.6278600544,True
2453634448777227392,2453634448777227459,92,2458087.5380848884,147.95087432861328,5.972045660018921,2,297,2458086.6278600544,2458090.6278600544,True
2453634448777227392,2453634448777227459,92,2458109.5385707966,144.31068420410156,5.484512567520142,2,302,2458106.6278600544,2458110.6278600544,True
2453634448777227392,2453634448777227459,92,2458307.049259802,145.21632385253906,5.068966388702393,1,352,2458306.6278600544,2458310.6278600544,True
2453634448777227392,2453634448777227459,92,2458335.7033476653,155.90797424316406,22.096502780914307,2,359,2458334.6278600544,2458338.6278600544,True
2453634448777227392,2453634448777227459,92,2458462.6232387447,147.36106872558594,5.753424167633057,1,390,2458458.6278600544,2458462.6278600544,True
2453634448777227392,2453634448777227459,92,2458489.0784513857,147.75901794433594,6.622873306274414,2,397,2458486.6278600544,2458490.6278600544,True
2453634448777227392,2453634448777227459,92,2458513.571492113,150.08616638183594,4.739648103713989,2,403,2458510.6278600544,2458514.6278600544,True
2453634448777227392,2453634448777227459,92,2458657.2632714715,139.68791961669922,5.0794994831085205,2,439,2458654.6278600544,2458658.6278600544,True
2453634448777227392,2453634448777227459,92,2458698.686688434,151.03298950195312,5.415303707122803,1,450,2458698.6278600544,2458702.6278600544,True
2629769477038098048,2629769477038098113,94,2457166.8779461575,313.22198486328125,7.732761859893799,2,46,2457166.0821727267,2457170.0821727267,True
2629769477038098048,2629769477038098113,94,2457361.658212104,311.5543212890625,7.270557403564453,2,94,2457358.0821727267,2457362.0821727267,True
2629769477038098048,2629769477038098113,94,2457385.94013032,310.5106811523437,8.37008285522461,1,100,2457382.0821727267,2457386.0821727267,True
2629769477038098048,2629769477038098113,94,2457741.447726769,311.8870086669922,9.165081977844238,2,189,2457738.0821727267,2457742.0821727267,True
2629769477038098048,2629769477038098113,94,2457760.1999730095,309.8414611816406,8.503771781921387,2,194,2457758.0821727267,2457762.0821727267,True
2629769477038098048,2629769477038098113,94,2458044.186098806,310.3357162475586,8.861477494239807,4,265,2458042.0821727267,2458046.0821727267,True
2629769477038098048,2629769477038098113,94,2458086.3568710764,307.6721496582031,8.047614097595215,1,276,2458086.0821727267,2458090.0821727267,True
2629769477038098048,2629769477038098113,94,2458122.475327289,310.83568318684894,8.793500264485678,3,285,2458122.0821727267,2458126.0821727267,True
2629769477038098048,2629769477038098113,94,2458132.647109982,311.8278401692708,7.302475134531657,3,287,2458130.0821727267,2458134.0821727267,True
2629769477038098048,2629769477038098113,94,2458221.888974479,311.6473693847656,8.057068824768066,1,309,2458218.0821727267,2458222.0821727267,True
2629769477038098048,2629769477038098113,94,2458222.28124823,313.37721761067706,8.742137908935547,3,310,2458222.0821727267,2458226.0821727267,True
2629769477038098048,2629769477038098113,94,2458230.0697880383,310.5450439453125,7.70585298538208,1,311,2458226.0821727267,2458230.0821727267,True
2629769477038098048,2629769477038098113,94,2458230.1437958027,304.1769104003906,7.983517646789551,1,312,2458230.0821727267,2458234.0821727267,True
2629769477038098048,2629769477038098113,94,2458310.4939723206,313.94146728515625,7.575830698013306,4,332,2458310.0821727267,2458314.0821727267,True
2629769477038098048,2629769477038098113,94,2458316.7477441276,311.46595764160156,7.294023036956787,4,333,2458314.0821727267,2458318.0821727267,True
2629769477038098048,2629769477038098113,94,2458413.3498605,313.2813720703125,8.39787483215332,1,357,2458410.0821727267,2458414.0821727267,True
2629769477038098048,2629769477038098113,94,2458428.428312756,302.7195129394531,10.770959854125977,1,361,2458426.0821727267,2458430.0821727267,True
2629769477038098048,2629769477038098113,94,2458461.8314079214,305.9210205078125,9.105591773986816,1,369,2458458.0821727267,2458462.0821727267,True
2629769477038098048,2629769477038098113,94,2458593.9324348066,295.8020324707031,12.762243270874023,1,402,2458590.0821727267,2458594.0821727267,True
2629769477038098048,2629769477038098113,94,2458594.108591767,302.0234069824219,8.791557312011719,1,403,2458594.0821727267,2458598.0821727267,True
2629769477038098048,2629769477038098113,94,2458645.595489607,316.8277282714844,11.773706436157228,1,415,2458642.0821727267,2458646.0821727267,True
2629769477038098048,2629769477038098113,94,2458781.0067770323,315.49476623535156,7.160485744476318,2,449,2458778.0821727267,2458782.0821727267,True
2629769477038098048,2629769477038098113,94,2458799.4029113,312.58348083496094,6.557109355926514,2,454,2458798.0821727267,2458802.0821727267,True
2629769477038098048,2629769477038098113,94,2458830.373161545,300.0335998535156,7.95560359954834,1,462,2458830.0821727267,2458834.0821727267,True
2629769477038098048,2629769477038098115,95,2456982.156179684,144.02210998535156,7.609398365020752,1,0,2456982.156179684,2456986.156179684,True
2629769477038098048,2629769477038098115,95,2457166.877944832,145.92386627197266,7.016412734985352,2,46,2457166.156179684,2457170.156179684,True
2629769477038098048,2629769477038098115,95,2457195.082073171,124.98678588867188,4.578021049499512,1,53,2457194.156179684,2457198.156179684,True
2629769477038098048,2629769477038098115,95,2457361.6582119,134.0738754272461,5.725706100463867,2,94,2457358.156179684,2457362.156179684,True
2629769477038098048,2629769477038098115,95,2457385.903128326,135.7354965209961,6.642437696456909,2,100,2457382.156179684,2457386.156179684,True
2629769477038098048,2629769477038098115,95,2457517.641868355,141.05052185058594,5.921644687652588,1,133,2457514.156179684,2457518.156179684,True
2629769477038098048,2629769477038098115,95,2457547.204504366,137.06423950195312,5.965132236480713,1,141,2457546.156179684,2457550.156179684,True
2629769477038098048,2629769477038098115,95,2457570.453250228,136.657958984375,5.018721580505371,1,147,2457570.156179684,2457574.156179684,True
2629769477038098048,2629769477038098115,95,2457741.4847300937,139.39268493652344,9.848291397094728,1,189,2457738.156179684,2457742.156179684,True
2629769477038098048,2629769477038098115,95,2457760.1999742608,138.92224884033203,6.914433479309082,2,194,2457758.156179684,2457762.156179684,True
2629769477038098048,2629769477038098115,95,2457893.497870752,132.70774841308594,4.683138370513916,1,227,2457890.156179684,2457894.156179684,True
2629769477038098048,2629769477038098115,95,2457927.977749779,137.8118896484375,4.767866611480713,1,236,2457926.156179684,2457930.156179684,True
2629769477038098048,2629769477038098115,95,2457944.893952038,134.2832794189453,5.59245491027832,2,240,2457942.156179684,2457946.156179684,True
2629769477038098048,2629769477038098115,95,2458044.311183716,136.61179809570314,7.176141166687012,5,265,2458042.156179684,2458046.156179684,True
2629769477038098048,2629769477038098115,95,2458086.3568724077,136.8366241455078,6.788494110107422,1,276,2458086.156179684,2458090.156179684,True
2629769477038098048,2629769477038098115,95,2458122.583384831,140.71145629882812,6.482375621795654,1,285,2458122.156179684,2458126.156179684,True
2629769477038098048,2629769477038098115,95,2458132.6471110396,133.86868794759116,6.985809803009033,3,287,2458130.156179684,2458134.156179684,True
2629769477038098048,2629769477038098115,95,2458222.0310828034,136.55707804361978,5.627954641977946,3,309,2458218.156179684,2458222.156179684,True
2629769477038098048,2629769477038098115,95,2458222.352301087,137.4171600341797,6.079428672790527,2,310,2458222.156179684,2458226.156179684,True
2629769477038098048,2629769477038098115,95,2458229.981707852,131.90539360046387,5.751572608947754,4,311,2458226.156179684,2458230.156179684,True
2629769477038098048,2629769477038098115,95,2458269.546758002,142.26715087890625,5.805689334869385,1,321,2458266.156179684,2458270.156179684,True
2629769477038098048,2629769477038098115,95,2458310.563912713,135.38348693847655,5.219209289550781,5,332,2458310.156179684,2458314.156179684,True
2629769477038098048,2629769477038098115,95,2458316.7176195006,139.7798309326172,5.3940027236938475,5,333,2458314.156179684,2458318.156179684,True
2629769477038098048,2629769477038098115,95,2458413.349861547,133.7231903076172,4.76517391204834,1,357,2458410.156179684,2458414.156179684,True
2629769477038098048,2629769477038098115,95,2458428.39130909,141.10885620117188,5.002745151519775,2,361,2458426.156179684,2458430.156179684,True
2629769477038098048,2629769477038098115,95,2458594.0205131844,147.6053466796875,9.884201049804688,2,402,2458590.156179684,2458594.156179684,True
2629769477038098048,2629769477038098115,95,2458612.436272759,137.51490783691406,7.733201026916504,1,407,2458610.156179684,2458614.156179684,True
2629769477038098048,2629769477038098115,95,2458645.5954897776,138.13882446289062,7.803637981414795,1,415,2458642.156179684,2458646.156179684,True
2629769477038098048,2629769477038098115,95,2458781.006777118,137.2434844970703,4.736998558044434,2,449,2458778.156179684,2458782.156179684,True
2629769477038098048,2629769477038098115,95,2458799.4029125962,126.7907600402832,10.145524024963379,2,454,2458798.156179684,2458802.156179684,True
2629769477038098048,2629769477038098115,95,2458830.3731613737,142.11477661132812,6.127868175506592,1,462,2458830.156179684,2458834.156179684,True
2658594961066788480,2658594961066788545,97,2456865.997921218,345.40293375651044,7.7902921835581465,6,0,2456865.6596776675,2456869.6596776675,True
2658594961066788480,2658594961066788545,97,2456964.082053111,396.4759826660156,7.27587366104126,1,24,2456961.6596776675,2456965.6596776675,True
2658594961066788480,2658594961066788545,97,2456980.1227232628,411.77357482910156,7.290432453155518,2,28,2456977.6596776675,2456981.6596776675,True
2658594961066788480,2658594961066788545,97,2457012.6382610206,444.9382019042969,8.63835334777832,1,36,2457009.6596776675,2457013.6596776675,True
2658594961066788480,2658594961066788545,97,2457145.0034231003,485.9947967529297,8.930260181427002,2,69,2457141.6596776675,2457145.6596776675,True
2658594961066788480,2658594961066788545,97,2457164.881420792,469.75965881347656,10.136600494384766,2,74,2457161.6596776675,2457165.6596776675,True
2658594961066788480,2658594961066788545,97,2457197.0789272627,471.25189208984375,20.938766479492188,1,82,2457193.6596776675,2457197.6596776675,True
2658594961066788480,2658594961066788545,97,2457338.1271792403,454.4488525390625,6.863104820251465,1,118,2457337.6596776675,2457341.6596776675,True
2658594961066788480,2658594961066788545,97,2457359.948985333,445.400146484375,7.40178918838501,1,123,2457357.6596776675,2457361.6596776675,True
2658594961066788480,2658594961066788545,97,2457387.8995979377,442.9853057861328,8.540877103805542,2,130,2457385.6596776675,2457389.6596776675,True
2658594961066788480,2658594961066788545,97,2457519.8886665534,433.0708312988281,8.725627899169922,1,163,2457517.6596776675,2457521.6596776675,True
2658594961066788480,2658594961066788545,97,2457545.4584291023,418.1816711425781,8.673872947692871,1,169,2457541.6596776675,2457545.6596776675,True
2658594961066788480,2658594961066788545,97,2457572.9140330236,416.87841796875,9.90929365158081,2,176,2457569.6596776675,2457573.6596776675,True
2658594961066788480,2658594961066788545,97,2457712.9240266746,401.2223815917969,7.076389312744141,1,211,2457709.6596776675,2457713.6596776675,True
2658594961066788480,2658594961066788545,97,2457739.4880434526,408.261474609375,6.618630886077881,1,218,2457737.6596776675,2457741.6596776675,True
2658594961066788480,2658594961066788545,97,2457762.947474379,412.00115966796875,7.882482051849365,2,224,2457761.6596776675,2457765.6596776675,True
2658594961066788480,2658594961066788545,97,2457895.318120538,439.5251159667969,13.898330688476562,1,257,2457893.6596776675,2457897.6596776675,True
2658594961066788480,2658594961066788545,97,2457925.9814545307,409.6374816894531,7.125216484069824,1,265,2457925.6596776675,2457929.6596776675,True
2658594961066788480,2658594961066788545,97,2457948.143299877,400.2115020751953,7.30335807800293,2,270,2457945.6596776675,2457949.6596776675,True
2658594961066788480,2658594961066788545,97,2458088.066066959,394.4973449707031,8.023027658462524,2,305,2458085.6596776675,2458089.6596776675,True
2658594961066788480,2658594961066788545,97,2458119.260985556,406.4195251464844,6.922059535980225,1,313,2458117.6596776675,2458121.6596776675,True
2658594961066788480,2658594961066788545,97,2458137.051310422,393.71241760253906,7.445692777633667,2,317,2458133.6596776675,2458137.6596776675,True
2658594961066788480,2658594961066788545,97,2458271.3299780157,366.49000549316406,7.60241174697876,2,351,2458269.6596776675,2458273.6596776675,True
2658594961066788480,2658594961066788545,97,2458306.8084284975,374.93695068359375,6.74002742767334,2,360,2458305.6596776675,2458309.6596776675,True
2658594961066788480,2658594961066788545,97,2458322.384260571,389.0994466145833,8.45017639795939,3,364,2458321.6596776675,2458325.6596776675,True
2658594961066788480,2658594961066788545,97,2458418.889579689,382.12522379557294,7.811209122339885,6,388,2458417.6596776675,2458421.6596776675,True
2658594961066788480,2658594961066788545,97,2458424.643045258,388.0997085571289,8.834262013435364,4,389,2458421.6596776675,2458425.6596776675,True
2658594961066788480,2658594961066788545,97,2458463.577469706,370.6782836914063,7.054446697235107,1,399,2458461.6596776675,2458465.6596776675,True
2658594961066788480,2658594961066788545,97,2458501.0901184087,361.72850036621094,8.85834789276123,4,408,2458497.6596776675,2458501.6596776675,True
2658594961066788480,2658594961066788545,97,2458508.415319688,350.44469197591144,9.150856018066406,3,410,2458505.6596776675,2458509.6596776675,True
2658594961066788480,2658594961066788545,97,2458598.6457217718,342.9800109863281,8.341825485229492,2,433,2458597.6596776675,2458601.6596776675,True
2658594961066788480,2658594961066788545,97,2458609.222113226,339.83551025390625,7.421854337056478,3,435,2458605.6596776675,2458609.6596776675,True
2658594961066788480,2658594961066788545,97,2458647.378851239,342.0574188232422,10.472181797027588,2,445,2458645.6596776675,2458649.6596776675,True
2658594961066788480,2658594961066788545,97,2458686.189084654,335.9660237630208,11.443468729654947,6,455,2458685.6596776675,2458689.6596776675,True
2658594961066788480,2658594961066788545,97,2458692.62751039,340.50645228794644,7.492286205291748,7,456,2458689.6596776675,2458693.6596776675,True
2658594961066788480,2658594961066788545,97,2458785.137471074,316.83216857910156,7.123522758483887,4,479,2458781.6596776675,2458785.6596776675,True
2658594961066788480,2658594961066788545,97,2458796.3969069393,311.4540710449219,6.8524181842803955,2,482,2458793.6596776675,2458797.6596776675,True
2658594961066788480,2658594961066788545,97,2458832.129093337,295.7244567871094,13.361309051513672,1,491,2458829.6596776675,2458833.6596776675,True
2658594961066788480,2658594961066788547,96,2456866.0303377174,135.18423767089843,6.388959789276123,5,0,2456865.659677008,2456869.659677008,True
2658594961066788480,2658594961066788547,96,2456980.1227242416,135.92891657533937,10.325605931846988,2,28,2456977.659677008,2456981.659677008,
2658594961066788480,2658594961066788547,96,2457012.638260964,139.85690307617188,5.95463228225708,1,36,2457009.659677008,2457013.659677008,True
2658594961066788480,2658594961066788547,96,2457145.003422145,132.2533073425293,7.111728668212891,2,69,2457141.659677008,2457145.659677008,True
2658594961066788480,2658594961066788547,96,2457164.881420741,131.32257461547852,6.40520715713501,2,74,2457161.659677008,2457165.659677008,True
2658594961066788480,2658594961066788547,96,2457197.1159297857,135.02426147460938,7.761859893798828,2,82,2457193.659677008,2457197.659677008,True
2658594961066788480,2658594961066788547,96,2457338.1271794336,132.66796875,5.137547492980957,1,118,2457337.659677008,2457341.659677008,True
2658594961066788480,2658594961066788547,96,2457359.9489863226,133.98330688476562,6.286232948303223,1,123,2457357.659677008,2457361.659677008,True
2658594961066788480,2658594961066788547,96,2457387.89959791,137.58517456054688,6.1780595779418945,2,130,2457385.659677008,2457389.659677008,True
2658594961066788480,2658594961066788547,96,2457519.8886655867,131.36221313476562,8.452696800231934,1,163,2457517.659677008,2457521.659677008,True
2658594961066788480,2658594961066788547,96,2457545.4584291475,136.15525817871094,7.203250408172607,1,169,2457541.659677008,2457545.659677008,True
2658594961066788480,2658594961066788547,96,2457572.9140320513,137.9918441772461,6.358888387680054,2,176,2457569.659677008,2457573.659677008,True
2658594961066788480,2658594961066788547,96,2457739.488044442,129.79249572753906,7.056783199310303,1,218,2457737.659677008,2457741.659677008,True
2658594961066788480,2658594961066788547,96,2457762.947474419,135.3736114501953,4.957745552062988,2,224,2457761.659677008,2457765.659677008,True
2658594961066788480,2658594961066788547,96,2457895.3181195594,134.0525360107422,5.595508575439453,1,257,2457893.659677008,2457897.659677008,True
2658594961066788480,2658594961066788547,96,2457925.981454576,129.41473388671875,5.260927677154541,1,265,2457925.659677008,2457929.659677008,True
2658594961066788480,2658594961066788547,96,2457948.1432989445,128.51118087768555,6.0235419273376465,2,270,2457945.659677008,2457949.659677008,True
2658594961066788480,2658594961066788547,96,2458088.02906344,139.9665985107422,5.795320987701416,1,305,2458085.659677008,2458089.659677008,True
2658594961066788480,2658594961066788547,96,2458119.2609865232,138.8807373046875,5.143355369567871,1,313,2458117.659677008,2458121.659677008,True
2658594961066788480,2658594961066788547,96,2458137.051310604,130.88125610351562,4.936186075210571,2,317,2458133.659677008,2458137.659677008,True
2658594961066788480,2658594961066788547,96,2458271.36698043,141.0857391357422,6.808365345001221,1,351,2458269.659677008,2458273.659677008,True
2658594961066788480,2658594961066788547,96,2458306.8084284924,134.33777618408203,4.885724067687988,2,360,2458305.659677008,2458309.659677008,True
2658594961066788480,2658594961066788547,96,2458322.38425974,132.77103678385416,4.952406883239746,3,364,2458321.659677008,2458325.659677008,True
2658594961066788480,2658594961066788547,96,2458418.908082419,136.9383087158203,4.70135760307312,4,388,2458417.659677008,2458421.659677008,True
2658594961066788480,2658594961066788547,96,2458424.643046193,136.81001663208008,5.708215117454529,4,389,2458421.659677008,2458425.659677008,True
2658594961066788480,2658594961066788547,96,2458463.577469661,132.2216796875,4.525905609130859,1,399,2458461.659677008,2458465.659677008,True
2658594961066788480,2658594961066788547,96,2458501.01906586,135.39720153808594,5.650467236836751,3,408,2458497.659677008,2458501.659677008,True
2658594961066788480,2658594961066788547,96,2458508.4153202153,135.22187296549478,6.705649375915527,3,410,2458505.659677008,2458509.659677008,True
2658594961066788480,2658594961066788547,96,2458598.645720942,134.44904327392578,6.512896776199341,2,433,2458597.659677008,2458601.659677008,True
2658594961066788480,2658594961066788547,96,2458609.2221129606,135.32894897460938,6.094968954722087,3,435,2458605.659677008,2458609.659677008,True
2658594961066788480,2658594961066788547,96,2458686.146451625,133.0494873046875,5.76348352432251,5,455,2458685.659677008,2458689.659677008,True
2658594961066788480,2658594961066788547,96,2458692.6496601123,132.8281364440918,5.15359091758728,4,456,2458689.659677008,2458693.659677008,True
2658594961066788480,2658594961066788547,96,2458785.1915002116,133.60155741373697,4.647697925567627,3,479,2458781.659677008,2458785.659677008,True
2658594961066788480,2658594961066788547,96,2458796.396907172,131.29354095458984,5.428883075714111,2,482,2458793.659677008,2458797.659677008,True
2658594961066788480,2658594961066788547,96,2458832.129094315,135.01243591308594,7.823568344116211,1,491,2458829.659677008,2458833.659677008,True
2708930710760533120,2708930710760533185,98,2456962.4107839754,371.6634826660156,7.948379039764404,1,0,2456962.4107839754,2456966.4107839754,True
2708930710760533120,2708930710760533185,98,2456982.660558544,373.2411193847656,8.689218521118164,1,5,2456982.4107839754,2456986.4107839754,True
2708930710760533120,2708930710760533185,98,2457012.394833492,396.62115478515625,32.72816848754883,1,12,2457010.4107839754,2457014.4107839754,True
2708930710760533120,2708930710760533185,98,2457165.338102536,371.3628234863281,8.773637771606445,1,50,2457162.4107839754,2457166.4107839754,True
2708930710760533120,2708930710760533185,98,2457337.169916528,387.1489715576172,7.614995718002319,2,93,2457334.4107839754,2457338.4107839754,True
2708930710760533120,2708930710760533185,98,2457362.19963976,396.1275024414063,7.813050746917725,1,99,2457358.4107839754,2457362.4107839754,True
2708930710760533120,2708930710760533185,98,2457387.656146936,416.6105499267578,7.363571882247925,2,106,2457386.4107839754,2457390.4107839754,True
2708930710760533120,2708930710760533185,98,2457516.9242928503,438.0114440917969,9.615999698638916,2,138,2457514.4107839754,2457518.4107839754,True
2708930710760533120,2708930710760533185,98,2457545.7018683017,447.2748107910156,8.605807304382324,1,145,2457542.4107839754,2457546.4107839754,True
2708930710760533120,2708930710760533185,98,2457570.1617082576,471.5422668457031,8.264298439025879,2,151,2457566.4107839754,2457570.4107839754,True
2708930710760533120,2708930710760533185,98,2457712.43030685,457.2163696289063,8.049044609069824,1,187,2457710.4107839754,2457714.4107839754,True
2708930710760533120,2708930710760533185,98,2457741.952289858,460.64280700683594,8.126648426055908,2,194,2457738.4107839754,2457742.4107839754,True
2708930710760533120,2708930710760533185,98,2457762.240601549,477.83148193359375,9.300298690795898,1,199,2457758.4107839754,2457762.4107839754,True
2708930710760533120,2708930710760533185,98,2457892.817335308,455.5037231445313,6.691415309906006,1,232,2457890.4107839754,2457894.4107839754,True
2708930710760533120,2708930710760533185,98,2457926.224884425,436.9910278320313,7.264703750610352,1,240,2457922.4107839754,2457926.4107839754,True
2708930710760533120,2708930710760533185,98,2457944.977617951,445.4219055175781,8.704566955566406,1,245,2457942.4107839754,2457946.4107839754,True
2708930710760533120,2708930710760533185,98,2458045.4413667577,424.12747955322266,11.42652714252472,4,270,2458042.4107839754,2458046.4107839754,True
2708930710760533120,2708930710760533185,98,2458087.859605183,392.9445190429688,9.093673706054688,1,281,2458086.4107839754,2458090.4107839754,True
2708930710760533120,2708930710760533185,98,2458122.6758752475,380.84742736816406,8.802998065948486,2,290,2458122.4107839754,2458126.4107839754,True
2708930710760533120,2708930710760533185,98,2458135.3064015275,367.49354553222656,7.007754325866699,2,293,2458134.4107839754,2458138.4107839754,True
2708930710760533120,2708930710760533185,98,2458224.7616292727,327.72642008463544,8.256874958674112,6,315,2458222.4107839754,2458226.4107839754,True
2708930710760533120,2708930710760533185,98,2458268.866198465,332.8291320800781,10.183252334594728,1,326,2458266.4107839754,2458270.4107839754,True
2708930710760533120,2708930710760533185,98,2458307.3020898653,335.35362243652344,8.601438522338867,2,336,2458306.4107839754,2458310.4107839754,True
2708930710760533120,2708930710760533185,98,2458318.3442458143,331.26739501953125,7.002470016479492,1,338,2458314.4107839754,2458318.4107839754,True
2708930710760533120,2708930710760533185,98,2458318.5574065316,333.2554168701172,6.9450109004974365,2,339,2458318.4107839754,2458322.4107839754,True
2708930710760533120,2708930710760533185,98,2458414.9284615684,340.8446960449219,9.935137748718262,1,363,2458414.4107839754,2458418.4107839754,True
2708930710760533120,2708930710760533185,98,2458429.145931759,349.9016876220703,8.603509902954102,2,366,2458426.4107839754,2458430.4107839754,True
2708930710760533120,2708930710760533185,98,2458463.334037559,365.4720458984375,7.279640674591064,1,375,2458462.4107839754,2458466.4107839754,True
2708930710760533120,2708930710760533185,98,2458593.4277501875,353.1665954589844,8.648297309875488,1,407,2458590.4107839754,2458594.4107839754,True
2708930710760533120,2708930710760533185,98,2458610.682767016,342.2263488769531,7.251401424407959,1,412,2458610.4107839754,2458614.4107839754,True
2708930710760533120,2708930710760533185,98,2458644.914856133,328.39727783203125,7.875715732574463,1,420,2458642.4107839754,2458646.4107839754,True
2708930710760533120,2708930710760533185,98,2458780.5107914223,329.8588104248047,6.932989120483398,2,454,2458778.4107839754,2458782.4107839754,True
2708930710760533120,2708930710760533185,98,2458797.779147107,320.7983093261719,7.4884352684021,2,458,2458794.4107839754,2458798.4107839754,True
2708930710760533120,2708930710760533185,98,2458829.839982476,315.5359649658203,6.6239914894104,2,466,2458826.4107839754,2458830.4107839754,True
2708930710760533120,2708930710760533187,99,2456962.4107848285,272.1064758300781,7.668151378631592,1,0,2456962.4107848285,2456966.4107848285,True
2708930710760533120,2708930710760533187,99,2456982.660558509,267.0215759277344,5.654018402099609,1,5,2456982.4107848285,2456986.4107848285,True
2708930710760533120,2708930710760533187,99,2457012.394834402,260.6556396484375,8.66704273223877,1,12,2457010.4107848285,2457014.4107848285,True
2708930710760533120,2708930710760533187,99,2457165.3751050923,262.8237609863281,8.955721378326416,2,50,2457162.4107848285,2457166.4107848285,True
2708930710760533120,2708930710760533187,99,2457337.169917421,266.1174011230469,6.745797395706177,2,93,2457334.4107848285,2457338.4107848285,True
2708930710760533120,2708930710760533187,99,2457362.199639772,261.6401672363281,6.619248390197754,1,99,2457358.4107848285,2457362.4107848285,True
2708930710760533120,2708930710760533187,99,2457387.6561478465,264.7240905761719,6.3302435874938965,2,106,2457386.4107848285,2457390.4107848285,True
2708930710760533120,2708930710760533187,99,2457516.924292867,259.8857116699219,7.30596137046814,2,138,2457514.4107848285,2457518.4107848285,True
2708930710760533120,2708930710760533187,99,2457545.701867392,273.7251281738281,7.128077507019043,1,145,2457542.4107848285,2457546.4107848285,True
2708930710760533120,2708930710760533187,99,2457570.1617080355,257.8227996826172,7.584253549575806,2,151,2457566.4107848285,2457570.4107848285,True
2708930710760533120,2708930710760533187,99,2457712.43030776,255.01243591308597,6.361362457275391,1,187,2457710.4107848285,2457714.4107848285,True
2708930710760533120,2708930710760533187,99,2457741.9522899487,268.42613220214844,7.272247552871704,2,194,2457738.4107848285,2457742.4107848285,True
2708930710760533120,2708930710760533187,99,2457762.166595513,261.1981506347656,7.535070896148682,1,199,2457758.4107848285,2457762.4107848285,True
2708930710760533120,2708930710760533187,99,2457926.224883515,271.5741882324219,6.862063884735107,1,240,2457922.4107848285,2457926.4107848285,True
2708930710760533120,2708930710760533187,99,2457944.9776175646,269.8116149902344,6.259803771972656,1,245,2457942.4107848285,2457946.4107848285,True
2708930710760533120,2708930710760533187,99,2458045.441367068,274.1239318847656,7.277530789375305,4,270,2458042.4107848285,2458046.4107848285,True
2708930710760533120,2708930710760533187,99,2458087.859606093,262.9201354980469,6.193560123443604,1,281,2458086.4107848285,2458090.4107848285,True
2708930710760533120,2708930710760533187,99,2458122.675875537,265.273681640625,7.107537508010864,2,290,2458122.4107848285,2458126.4107848285,True
2708930710760533120,2708930710760533187,99,2458135.306402386,259.4072265625,6.386236190795898,2,293,2458134.4107848285,2458138.4107848285,True
2708930710760533120,2708930710760533187,99,2458224.761628638,268.03393809000653,7.229649384816487,6,315,2458222.4107848285,2458226.4107848285,True
2708930710760533120,2708930710760533187,99,2458307.3020889554,261.92845153808594,8.617897987365723,2,336,2458306.4107848285,2458310.4107848285,True
2708930710760533120,2708930710760533187,99,2458318.344245177,267.33941650390625,7.056363582611084,1,338,2458314.4107848285,2458318.4107848285,True
2708930710760533120,2708930710760533187,99,2458318.557405912,263.63258361816406,6.887568473815918,2,339,2458318.4107848285,2458322.4107848285,True
2708930710760533120,2708930710760533187,99,2458414.891458852,268.33436584472656,7.023643255233765,2,363,2458414.4107848285,2458418.4107848285,True
2708930710760533120,2708930710760533187,99,2458429.145931759,265.27617113873305,9.270716441100742,2,366,2458426.4107848285,2458430.4107848285,
2708930710760533120,2708930710760533187,99,2458463.334038469,262.6449584960937,6.904993534088135,1,375,2458462.4107848285,2458466.4107848285,True
2708930710760533120,2708930710760533187,99,2458593.5158288497,267.4757385253906,6.8650407791137695,2,407,2458590.4107848285,2458594.4107848285,True
2708930710760533120,2708930710760533187,99,2458610.6827661283,278.3115234375,8.793037414550781,1,412,2458610.4107848285,2458614.4107848285,True
2708930710760533120,2708930710760533187,99,2458644.914856099,268.92156982421875,6.423656940460205,1,420,2458642.4107848285,2458646.4107848285,True
2708930710760533120,2708930710760533187,99,2458780.5107915928,268.1592254638672,6.009542465209961,2,454,2458778.4107848285,2458782.4107848285,True
2708930710760533120,2708930710760533187,99,2458797.7791479942,259.2027587890625,6.1681060791015625,2,458,2458794.4107848285,2458798.4107848285,True
2708930710760533120,2708930710760533187,99,2458829.83998251,258.9996337890625,8.373868465423584,2,466,2458826.4107848285,2458830.4107848285,True
