componentID,SourceID,RFprob_real,RFpred_real,EDSMprob_real,EDSMpred_real,RFprob_synth,RFpred_synth,EDSMprob_synth,EDSMpred_synth,final_pred_real,final_pred_synth,final_pred
63971411866955969,63971411866955904,0.306,False,0.5708684325218201,True,0.546,False,0.45422834157943726,True,True,True,True
63971411866955971,63971411866955904,,False,,False,,False,,False,False,False,False
76904623545392577,76904623545392512,0.078,False,0.15589512884616852,False,0.16,False,0.20006002485752106,False,False,False,False
76904623545392579,76904623545392512,,False,,False,,False,,False,False,False,False
76904623545392581,76904623545392512,,False,,False,,False,,False,False,False,False
76904623545392583,76904623545392512,,False,,False,,False,,False,False,False,False
76904623545392585,76904623545392512,,False,,False,,False,,False,False,False,False
78702389482720577,78702389482720512,,False,,False,,False,,False,False,False,False
83871575895472833,83871575895472768,1.0,True,0.997328519821167,True,1.0,True,0.6798453330993652,True,True,True,True
83871575895472835,83871575895472768,,False,,False,,False,,False,False,False,False
83871575895472837,83871575895472768,,False,,False,,False,,False,False,False,False
83871575895472839,83871575895472768,,False,,False,,False,,False,False,False,False
83871575895472841,83871575895472768,,False,,False,,False,,False,False,False,False
83871575895472843,83871575895472768,,False,,False,,False,,False,False,False,False
114294031844958785,114294031844958720,0.996,True,0.9963262677192688,True,0.998,True,0.6163569092750549,True,True,True,True
114294031844958787,114294031844958720,0.93,True,0.9040199518203735,True,0.922,True,0.6874649524688721,True,True,True,True
175720825910626369,175720825910626304,1.0,True,0.9954245686531067,True,1.0,True,0.7089726328849792,True,True,True,True
175720825910626371,175720825910626304,0.074,False,0.4171653687953949,False,0.308,False,0.1806696057319641,False,False,False,False
196343055547397953,196343055547397888,1.0,True,0.9987308382987976,True,1.0,True,0.7475855350494385,True,True,True,True
196343055547397955,196343055547397888,0.998,True,0.9995181560516357,True,0.988,True,0.5913546085357666,True,True,True,True
291933771834449857,291933771834449792,1.0,True,0.9995881915092468,True,0.988,True,0.9715994596481323,True,True,True,True
291933771834449859,291933771834449792,1.0,True,0.9984478950500488,True,0.992,True,0.694011926651001,True,True,True,True
291933771834449861,291933771834449792,,False,,False,,False,,False,False,False,False
318810027903595457,318810027903595392,1.0,True,0.9839277863502502,True,1.0,True,0.5492548942565918,True,True,True,True
318810027903595459,318810027903595392,0.992,True,0.6828193068504333,True,1.0,True,0.45398786664009094,True,True,True,True
318810027903595461,318810027903595392,,False,,False,,False,,False,False,False,False
322056271561143745,322056271561143680,0.99,True,0.9225907325744629,True,1.0,True,0.9342731833457947,True,True,True,True
322056271561143747,322056271561143680,0.996,True,0.9905513525009155,True,0.974,True,0.7498635053634644,True,True,True,True
328069053976561601,328069053976561536,1.0,True,0.9986686706542969,True,0.988,True,0.851637065410614,True,True,True,True
337933769222851911,337933769222851840,,False,,False,,False,,False,False,False,False
337934520841357633,337934520841357568,1.0,True,0.998475968837738,True,1.0,True,0.6262533664703369,True,True,True,True
337934520841357637,337934520841357568,,False,,False,,False,,False,False,False,False
347285940250887361,347285940250887296,0.842,True,0.9424121975898743,True,0.994,True,0.9625693559646606,True,True,True,True
347285940250887363,347285940250887296,0.96,True,0.9782938957214355,True,0.99,True,0.9698269963264465,True,True,True,True
350937280929196993,350937280929196928,0.042,False,0.4296245872974396,False,0.022,False,0.31287848949432373,False,False,False,False
350937280929196995,350937280929196928,,False,,False,,False,,False,False,False,False
350937280929196997,350937280929196928,0.796,True,0.9858441352844238,True,0.684,True,0.4448314905166626,True,True,True,True
350937280929196999,350937280929196928,0.962,True,0.9943593144416809,True,1.0,True,0.9701901078224182,True,True,True,True
372057559265314753,372057559265314688,0.998,True,0.9947031140327454,True,0.996,True,0.8879663944244385,True,True,True,True
372057559265314755,372057559265314688,1.0,True,0.9982196688652039,True,0.98,True,0.8756979703903198,True,True,True,True
380075812236197825,380075812236197760,1.0,True,0.9997610449790955,True,0.99,True,0.5582764744758606,True,True,True,True
380075812236197827,380075812236197760,,False,,False,,False,,False,False,False,False
380075812236197829,380075812236197760,,False,,False,,False,,False,False,False,False
388369978199697601,388369978199697536,1.0,True,0.93726646900177,True,1.0,True,0.8840250968933105,True,True,True,True
388369978199697603,388369978199697536,,False,,False,,False,,False,False,False,False
388369978199697605,388369978199697536,,False,,False,,False,,False,False,False,False
395754921063313089,395754921063313024,1.0,True,0.726349413394928,True,0.95,True,0.5869786143302917,True,True,True,True
395754921063313093,395754921063313024,0.804,True,0.5792540907859802,True,0.6,False,0.3431042432785034,False,True,False,True
395754921063313095,395754921063313024,,False,,False,,False,,False,False,False,False
549281756875772737,549281756875772672,1.0,True,0.9983893632888794,True,0.974,True,0.17336226999759674,False,True,True,True
549281756875772739,549281756875772672,1.0,True,0.9905084371566772,True,0.878,True,0.7761366963386536,True,True,True,True
549718675305852737,549718675305852672,0.962,True,0.9752551913261414,True,0.954,True,0.3455254137516022,False,True,True,True
549718675305852739,549718675305852672,1.0,True,0.9980650544166565,True,0.994,True,0.4387796223163605,True,True,True,True
549718675305852741,549718675305852672,,False,,False,,False,,False,False,False,False
549718675305852743,549718675305852672,,False,,False,,False,,False,False,False,False
580537088584591681,580537088584591616,0.004,False,0.10189172625541687,False,0.104,False,0.060620833188295364,False,False,False,False
580537088584591683,580537088584591616,,False,,False,,False,,False,False,False,False
580537088584591685,580537088584591616,0.998,True,0.9985780715942383,True,1.0,True,0.9228793978691101,True,True,True,True
580537088584591687,580537088584591616,,False,,False,,False,,False,False,False,False
580537088584591689,580537088584591616,,False,,False,,False,,False,False,False,False
580537088584591691,580537088584591616,,False,,False,,False,,False,False,False,False
607381012141768769,607381012141768704,0.996,True,0.9976812601089478,True,0.952,True,0.8452191352844238,True,True,True,True
607381012141768771,607381012141768704,0.916,True,0.9390956163406372,True,1.0,True,0.7561150193214417,True,True,True,True
613773504027885377,613773504027885312,0.998,True,0.966752290725708,True,1.0,True,0.21135659515857697,False,True,True,True
613773504027885379,613773504027885312,1.0,True,0.9946666955947876,True,0.998,True,0.9079347252845764,True,True,True,True
621369175165121473,621369175165121408,0.994,True,0.9929766058921814,True,0.806,True,0.4272843897342682,True,True,True,True
621369175165121475,621369175165121408,,False,,False,,False,,False,False,False,False
641511742853291075,641511742853291008,1.0,True,0.9972043633460999,True,0.996,True,0.9405401349067688,True,True,True,True
646884373280520001,646884373280519936,0.78,True,0.9939432740211487,True,0.982,True,0.2035377323627472,False,True,True,True
646884373280520003,646884373280519936,0.058,False,0.0745280459523201,False,0.128,False,0.01580243930220604,False,False,False,False
649514817411199041,649514817411198976,1.0,True,0.9986177682876587,True,1.0,True,0.9730183482170105,True,True,True,True
649514817411199043,649514817411198976,,False,,False,,False,,False,False,False,False
670520540382618561,670520540382618496,1.0,True,0.9493328332901001,True,1.0,True,0.808887779712677,True,True,True,True
670520540382618563,670520540382618496,0.988,True,0.8334840536117554,True,0.926,True,0.8167198300361633,True,True,True,True
672293537240480833,672293537240480768,0.99,True,0.9979945421218872,True,0.978,True,0.8798544406890869,True,True,True,True
672293537240480835,672293537240480768,1.0,True,0.9574567675590515,True,0.956,True,0.8581730127334595,True,True,True,True
679072919780579265,679072919780579200,0.994,True,0.996274471282959,True,0.96,True,0.8754997849464417,True,True,True,True
679072919780579267,679072919780579200,0.914,True,0.9988061189651489,True,0.976,True,0.9483737945556641,True,True,True,True
682614034417089857,682614034417089792,0.0,False,0.13754871487617493,False,0.0,False,0.06969326734542847,False,False,False,False
682614034417089859,682614034417089792,,False,,False,,False,,False,False,False,False
682614034417089861,682614034417089792,,False,,False,,False,,False,False,False,False
695593902327484609,695593902327484544,1.0,True,0.7634403705596924,True,0.984,True,0.35456332564353943,False,True,True,True
695593902327484611,695593902327484544,1.0,True,0.9864180088043213,True,0.996,True,0.5255807042121887,True,True,True,True
695593902327484613,695593902327484544,,False,,False,,False,,False,False,False,False
698878899471973185,698878899471973120,0.346,False,0.3144948184490204,False,0.682,True,0.1743757426738739,False,False,True,True
698878899471973187,698878899471973120,,False,,False,,False,,False,False,False,False
702967502179137089,702967502179137024,,False,,False,,False,,False,False,False,False
702967502179137091,702967502179137024,,False,,False,,False,,False,False,False,False
702967502179137093,702967502179137024,,False,,False,,False,,False,False,False,False
712654684950723137,712654684950723072,1.0,True,0.9945080876350403,True,0.95,True,0.8322370052337646,True,True,True,True
712654684950723139,712654684950723072,0.982,True,0.6671286821365356,True,0.948,True,0.5547239184379578,True,True,True,True
717587845734293441,717587845734293376,1.0,True,0.998056948184967,True,1.0,True,0.34421342611312866,False,True,True,True
717587845734293443,717587845734293376,,False,,False,,False,,False,False,False,False
717587845734293445,717587845734293376,,False,,False,,False,,False,False,False,False
727779665687072833,727779665687072768,1.0,True,0.9963551759719849,True,0.996,True,0.8713992238044739,True,True,True,True
727779665687072835,727779665687072768,1.0,True,0.9953782558441162,True,0.964,True,0.8602937459945679,True,True,True,True
727779665687072837,727779665687072768,,False,,False,,False,,False,False,False,False
727779669982340289,727779669982340224,1.0,True,0.9994161128997803,True,0.986,True,0.9616973400115967,True,True,True,True
730552393494441921,730552393494441856,0.99,True,0.9949420094490051,True,0.932,True,0.9540882110595703,True,True,True,True
730552393494441923,730552393494441856,,False,,False,,False,,False,False,False,False
764550225032924225,764550225032924160,,False,,False,,False,,False,False,False,False
797882950824323649,797882950824323584,0.976,True,0.9983691573143005,True,0.996,True,0.9855859875679016,True,True,True,True
797882950824323651,797882950824323584,0.75,True,0.8917223811149597,True,0.976,True,0.7898663282394409,True,True,True,True
806853174702355137,806853174702355072,0.99,True,0.9995796084403992,True,1.0,True,0.9610801935195923,True,True,True,True
806853174702356417,806853174702356352,0.998,True,0.997871994972229,True,1.0,True,0.5522642731666565,True,True,True,True
806853178999388993,806853178999388928,1.0,True,0.9802538752555847,True,1.0,True,0.7400041818618774,True,True,True,True
806853178999388995,806853178999388928,1.0,True,0.9967352747917175,True,1.0,True,0.9485160112380981,True,True,True,True
807714470266431553,807714470266431488,0.958,True,0.9967723488807678,True,0.998,True,0.8529321551322937,True,True,True,True
807714470266431555,807714470266431488,1.0,True,0.9584798812866211,True,1.0,True,0.26953113079071045,False,True,True,True
817452844753700801,817452844753700736,1.0,True,0.9998927116394043,True,1.0,True,0.9813262224197388,True,True,True,True
817452844753700803,817452844753700736,,False,,False,,False,,False,False,False,False
817592276569391553,817592276569391488,0.992,True,0.8886616826057434,True,1.0,True,0.809357225894928,True,True,True,True
817592276569391555,817592276569391488,,False,,False,,False,,False,False,False,False
819853009915114689,819853009915114624,0.98,True,0.9771839380264282,True,0.978,True,0.8093836903572083,True,True,True,True
827031141513224001,827031141513223936,0.982,True,0.9984847903251648,True,0.96,True,0.9908556938171387,True,True,True,True
827031141513224003,827031141513223936,0.994,True,0.9985987544059753,True,0.992,True,0.990734338760376,True,True,True,True
831109848622506177,831109848622506112,0.998,True,0.9997604489326477,True,1.0,True,0.9280439615249634,True,True,True,True
831109848622506179,831109848622506112,,False,,False,,False,,False,False,False,False
846839457666932801,846839457666932736,1.0,True,0.9882543087005615,True,1.0,True,0.8967375755310059,True,True,True,True
846839457666932803,846839457666932736,,False,,False,,False,,False,False,False,False
856425240561148225,856425240561148160,1.0,True,0.9988719820976257,True,0.998,True,0.6393556594848633,True,True,True,True
856425240561148227,856425240561148160,1.0,True,0.9991893172264099,True,1.0,True,0.9299101829528809,True,True,True,True
863270769888231489,863270769888231424,1.0,True,0.9999514818191528,True,1.0,True,0.9451424479484558,True,True,True,True
863270769888231491,863270769888231424,0.446,False,0.6762298345565796,True,0.77,True,0.25452080368995667,False,True,True,True
867913659598182337,867913659598182272,0.936,True,0.5441604256629944,True,1.0,True,0.7121732831001282,True,True,True,True
871794729486078401,871794729486078336,0.916,True,0.9175760746002197,True,0.738,True,0.2548847496509552,False,True,True,True
871794729486078403,871794729486078336,1.0,True,0.9875659346580505,True,1.0,True,0.7927053570747375,True,True,True,True
921013100488801985,921013100488801920,0.686,False,0.5084657073020935,True,0.698,True,0.3419813811779022,False,True,True,True
921013100488801987,921013100488801920,,False,,False,,False,,False,False,False,False
921013100488801991,921013100488801920,,False,,False,,False,,False,False,False,False
925907232901783361,925907232901783296,0.996,True,0.9974949359893799,True,1.0,True,0.9959381818771362,True,True,True,True
925907232901783363,925907232901783296,0.996,True,0.9924465417861938,True,0.998,True,0.9063022136688232,True,True,True,True
930071976789499715,930071976789499648,1.0,True,0.955817699432373,True,1.0,True,0.5375349521636963,True,True,True,True
960989934527118913,960989934527118848,0.124,False,0.2497449368238449,False,0.626,False,0.34704533219337463,False,False,False,False
960989934527118915,960989934527118848,,False,,False,,False,,False,False,False,False
960989934527118917,960989934527118848,,False,,False,,False,,False,False,False,False
975837803970276929,975837803970276864,1.0,True,0.9900145530700684,True,0.98,True,0.7276157736778259,True,True,True,True
986525370526178241,986525370526178176,1.0,True,0.9931812882423401,True,0.998,True,0.8825952410697937,True,True,True,True
986525370526178245,986525370526178176,1.0,True,0.9992501139640808,True,0.998,True,0.8863192200660706,True,True,True,True
994991433964700737,994991433964700672,1.0,True,0.21386459469795227,False,1.0,True,0.5094060301780701,True,True,True,True
994991433964700739,994991433964700672,,False,,False,,False,,False,False,False,False
1009562814890700993,1009562814890700928,,False,,False,,False,,False,False,False,False
1016218227493362881,1016218227493362816,1.0,True,0.9642078280448914,True,0.968,True,0.9891954660415649,True,True,True,True
1016218227493362883,1016218227493362816,,False,,False,,False,,False,False,False,False
1016218227493362885,1016218227493362816,,False,,False,,False,,False,False,False,False
1022663637669586241,1022663637669586176,0.986,True,0.9916126728057861,True,0.76,True,0.5098043084144592,True,True,True,True
1022663637669586243,1022663637669586176,0.87,True,0.9994540810585022,True,0.892,True,0.8301154375076294,True,True,True,True
1026420252290292545,1026420252290292480,1.0,True,0.99892657995224,True,0.982,True,0.9746317863464355,True,True,True,True
1026420252290292547,1026420252290292480,,False,,False,,False,,False,False,False,False
1028742871820608961,1028742871820608896,0.0,False,0.09020639955997467,False,0.002,False,0.12134693562984467,False,False,False,False
1032182620933181121,1032182620933181056,1.0,True,0.9934165477752686,True,1.0,True,0.9115182757377625,True,True,True,True
1032182620933181123,1032182620933181056,,False,,False,,False,,False,False,False,False
1043171896055716673,1043171896055716608,1.0,True,0.984260618686676,True,0.96,True,0.9695140719413757,True,True,True,True
1043171896055716675,1043171896055716608,0.428,False,0.3431778848171234,False,0.918,True,0.8698915839195251,True,False,True,True
1045166002126206913,1045166002126206848,0.936,True,0.9966453909873962,True,0.936,True,0.98969966173172,True,True,True,True
1045166002126206915,1045166002126206848,0.988,True,0.9998501539230347,True,0.874,True,0.9527807831764221,True,True,True,True
1097468636388676673,1097468636388676608,0.97,True,0.9995908141136169,True,0.966,True,0.9995249509811401,True,True,True,True
1097468636388676675,1097468636388676608,1.0,True,0.9982618689537048,True,0.998,True,0.9988623857498169,True,True,True,True
1097468636388676677,1097468636388676608,,False,,False,,False,,False,False,False,False
1103603357219723969,1103603357219723904,1.0,True,0.9985223412513733,True,0.986,True,0.9902284145355225,True,True,True,True
1103603357219723971,1103603357219723904,,False,,False,,False,,False,False,False,False
1116767058322038721,1116767058322038656,0.998,True,0.9740159511566162,True,1.0,True,0.5181756615638733,True,True,True,True
1116767058322038723,1116767058322038656,1.0,True,0.9639701247215271,True,0.99,True,0.3969705104827881,True,True,True,True
1166224568806961601,1166224568806961536,0.998,True,0.9875342845916748,True,0.99,True,0.6708099842071533,True,True,True,True
1166224568806961603,1166224568806961536,0.98,True,0.9846037030220032,True,0.992,True,0.8380329012870789,True,True,True,True
1183277886779443905,1183277886779443840,0.998,True,0.9999376535415649,True,0.974,True,0.9992187023162842,True,True,True,True
1183277886779443907,1183277886779443840,1.0,True,0.9998849630355835,True,0.988,True,0.9993783235549927,True,True,True,True
1185445780111141313,1185445780111141248,0.998,True,0.9997506737709045,True,0.996,True,0.9175485968589783,True,True,True,True
1185445780111141315,1185445780111141248,1.0,True,0.9985356330871582,True,1.0,True,0.8166863918304443,True,True,True,True
1198946481527136449,1198946481527136384,1.0,True,0.43285033106803894,False,1.0,True,0.6266357898712158,True,True,True,True
1198946481527136451,1198946481527136384,0.998,True,0.9997778534889221,True,0.996,True,0.6415814757347107,True,True,True,True
1225461582386571073,1225461582386571008,0.054,False,0.3862854838371277,False,0.362,False,0.26509541273117065,False,False,False,False
1225461582386571075,1225461582386571008,0.02,False,0.04798789322376251,False,0.008,False,0.04163709655404091,False,False,False,False
1225461582386571077,1225461582386571008,,False,,False,,False,,False,False,False,False
1225461582386571079,1225461582386571008,,False,,False,,False,,False,False,False,False
1240493997986944705,1240493997986944640,1.0,True,0.9970422387123108,True,0.986,True,0.8493502736091614,True,True,True,True
1240493997986944707,1240493997986944640,,False,,False,,False,,False,False,False,False
1254357435158834753,1254357435158834688,0.002,False,0.09723075479269028,False,0.0,False,0.3261648714542389,False,False,False,False
1254357435158834755,1254357435158834688,0.938,True,0.9967708587646484,True,0.814,True,0.793409526348114,True,True,True,True
1254357435158834757,1254357435158834688,,False,,False,,False,,False,False,False,False
1273226390428957761,1273226390428957696,0.976,True,0.8708515167236328,True,0.994,True,0.9397066235542297,True,True,True,True
1273226390428957763,1273226390428957696,,False,,False,,False,,False,False,False,False
1273226390428957765,1273226390428957696,,False,,False,,False,,False,False,False,False
1276417035731273793,1276417035731273728,1.0,True,0.9989521503448486,True,0.998,True,0.9718062281608582,True,True,True,True
1276417035731273795,1276417035731273728,0.904,True,0.8939513564109802,True,0.896,True,0.4336341619491577,True,True,True,True
1295547782140509633,1295547782140509568,1.0,True,0.8970464468002319,True,0.996,True,0.5800483226776123,True,True,True,True
1295547782140509635,1295547782140509568,1.0,True,0.9984598159790039,True,0.988,True,0.6948811411857605,True,True,True,True
1315986917325719361,1315986917325719296,,False,,False,,False,,False,False,False,False
1320920735234508609,1320920735234508544,0.994,True,0.9661168456077576,True,1.0,True,0.9294472336769104,True,True,True,True
1320920735234508611,1320920735234508544,1.0,True,0.997141420841217,True,0.998,True,0.8911253213882446,True,True,True,True
1321201213779072833,1321201213779072768,0.156,False,0.22794382274150848,False,0.604,False,0.08240292966365814,False,False,False,False
1321201213779072835,1321201213779072768,,False,,False,,False,,False,False,False,False
1321567763467349825,1321567763467349760,1.0,True,0.9993835687637329,True,0.994,True,0.979235827922821,True,True,True,True
1321567763467349827,1321567763467349760,1.0,True,0.9943506717681885,True,1.0,True,0.9117144346237183,True,True,True,True
1321567763467349829,1321567763467349760,,False,,False,,False,,False,False,False,False
1321657717261574849,1321657717261574784,1.0,True,0.9979097247123718,True,0.99,True,0.8569744229316711,True,True,True,True
1321657717261574851,1321657717261574784,1.0,True,0.9860799908638,True,0.996,True,0.7505199313163757,True,True,True,True
1324266274238816321,1324266274238816256,0.648,False,0.9778397083282471,True,0.822,True,0.960616409778595,True,True,True,True
1324266274238816323,1324266274238816256,1.0,True,0.9880692362785339,True,1.0,True,0.7594290971755981,True,True,True,True
1341082101994960833,1341082101994960768,1.0,True,0.9870304465293884,True,1.0,True,0.916682243347168,True,True,True,True
1341082101994960835,1341082101994960768,1.0,True,0.9950029253959656,True,1.0,True,0.8907634615898132,True,True,True,True
1355268580837307841,1355268580837307776,,False,,False,,False,,False,False,False,False
1356637374029266241,1356637374029266176,1.0,True,0.9997556805610657,True,0.978,True,0.9249288439750671,True,True,True,True
1356637374029266243,1356637374029266176,1.0,True,0.9985083937644958,True,0.998,True,0.9118572473526001,True,True,True,True
1378843106568715969,1378843106568715904,1.0,True,0.9963515996932983,True,0.998,True,0.994270920753479,True,True,True,True
1378843106568715971,1378843106568715904,,False,,False,,False,,False,False,False,False
1379167221982160705,1379167221982160640,1.0,True,0.977433979511261,True,1.0,True,0.9374179244041443,True,True,True,True
1379167221982160707,1379167221982160640,0.238,False,0.17695070803165436,False,0.434,False,0.21491414308547974,False,False,False,False
1382222631650089025,1382222631650088960,0.816,True,0.9616557955741882,True,0.958,True,0.5670804977416992,True,True,True,True
1382222631650089027,1382222631650088960,1.0,True,0.9782868027687073,True,0.996,True,0.8465081453323364,True,True,True,True
1386394105751734337,1386394105751734272,1.0,True,0.9998317956924438,True,0.974,True,0.4427199065685272,True,True,True,True
1386394105751734339,1386394105751734272,,False,,False,,False,,False,False,False,False
1386394105751734341,1386394105751734272,,False,,False,,False,,False,False,False,False
1394341513236290625,1394341513236290560,0.892,True,0.24901092052459717,False,0.998,True,0.362585186958313,False,True,True,True
1394341513236290627,1394341513236290560,,False,,False,,False,,False,False,False,False
1394341513236290629,1394341513236290560,,False,,False,,False,,False,False,False,False
1413620762434551361,1413620762434551296,1.0,True,0.997162401676178,True,1.0,True,0.39214178919792175,True,True,True,True
1413620762434551363,1413620762434551296,,False,,False,,False,,False,False,False,False
1454504418686043969,1454504418686043904,1.0,True,0.9992826581001282,True,1.0,True,0.9693463444709778,True,True,True,True
1454504418686043971,1454504418686043904,1.0,True,0.9998663663864136,True,0.998,True,0.9616955518722534,True,True,True,True
1462247969845008065,1462247969845008000,1.0,True,0.997593343257904,True,0.976,True,0.7490683197975159,True,True,True,True
1464911708560136129,1464911708560136064,0.926,True,0.9841731786727905,True,0.996,True,0.8695927262306213,True,True,True,True
1464911708560136131,1464911708560136064,,False,,False,,False,,False,False,False,False
1469230594530741825,1469230594530741760,1.0,True,0.9995805621147156,True,1.0,True,0.9705798625946045,True,True,True,True
1469230594530741827,1469230594530741760,1.0,True,0.9997389912605286,True,0.996,True,0.9731162190437317,True,True,True,True
1475457506834977345,1475457506834977280,1.0,True,0.9994509816169739,True,0.958,True,0.9978662133216858,True,True,True,True
1475457506834977347,1475457506834977280,0.998,True,0.999167799949646,True,1.0,True,0.9978524446487427,True,True,True,True
1489600073930470977,1489600073930470912,1.0,True,0.9993996620178223,True,0.992,True,0.9689422845840454,True,True,True,True
1489600073930470979,1489600073930470912,1.0,True,0.9994439482688904,True,1.0,True,0.6640290021896362,True,True,True,True
1489600073930470981,1489600073930470912,,False,,False,,False,,False,False,False,False
1512004689227301697,1512004689227301632,1.0,True,0.9989573955535889,True,0.996,True,0.393200546503067,True,True,True,True
1517856839865399745,1517856839865399680,,False,,False,,False,,False,False,False,False
1517856839865399747,1517856839865399680,,False,,False,,False,,False,False,False,False
1517856839865399749,1517856839865399680,,False,,False,,False,,False,False,False,False
1537658249711963969,1537658249711963904,0.97,True,0.9970523118972778,True,0.93,True,0.8425554037094116,True,True,True,True
1537658249711963971,1537658249711963904,1.0,True,0.9985542893409729,True,0.976,True,0.9595587253570557,True,True,True,True
1552838004166992321,1552838004166992256,1.0,True,0.986445963382721,True,1.0,True,0.6965690851211548,True,True,True,True
1552838008460992961,1552838008460992896,,False,,False,,False,,False,False,False,False
1557058071530292801,1557058071530292736,0.438,False,0.24784694612026215,False,0.53,False,0.24622777104377747,False,False,False,False
1557058071530292803,1557058071530292736,1.0,True,0.9675171971321106,True,0.986,True,0.5031519532203674,True,True,True,True
1563642458255314113,1563642458255314048,0.922,True,0.9851974844932556,True,0.992,True,0.36543214321136475,False,True,True,True
1563642458255314115,1563642458255314048,,False,,False,,False,,False,False,False,False
1588103057214934081,1588103057214934016,1.0,True,0.99957674741745,True,0.992,True,0.9977341890335083,True,True,True,True
1588103057214934083,1588103057214934016,,False,,False,,False,,False,False,False,False
1588262039724487489,1588262039724487424,1.0,True,0.8910388946533203,True,0.994,True,0.5223726630210876,True,True,True,True
1588262039724487491,1588262039724487424,0.174,False,0.19288672506809235,False,0.334,False,0.07663501799106598,False,False,False,False
1588262039724487493,1588262039724487424,,False,,False,,False,,False,False,False,False
1599341745383363393,1599341745383363328,1.0,True,0.9994205236434937,True,0.998,True,0.9987994432449341,True,True,True,True
1599341745383363397,1599341745383363328,1.0,True,0.9852775931358337,True,0.998,True,0.5906026363372803,True,True,True,True
1618050348048027713,1618050348048027648,1.0,True,0.9989612102508545,True,0.996,True,0.9937961101531982,True,True,True,True
1618050348048027715,1618050348048027648,1.0,True,0.9978777170181274,True,1.0,True,0.9921225905418396,True,True,True,True
1618050348048027717,1618050348048027648,1.0,True,0.9973284006118774,True,0.996,True,0.9544586539268494,True,True,True,True
1661333963305005249,1661333963305005184,1.0,True,0.9923887848854065,True,0.996,True,0.28692665696144104,False,True,True,True
1661333963305005251,1661333963305005184,0.994,True,0.9438923001289368,True,0.992,True,0.3165086507797241,False,True,True,True
1661333963305005253,1661333963305005184,,False,,False,,False,,False,False,False,False
1661333963305005255,1661333963305005184,,False,,False,,False,,False,False,False,False
1661333963305005257,1661333963305005184,,False,,False,,False,,False,False,False,False
1661333963305005259,1661333963305005184,,False,,False,,False,,False,False,False,False
1664316526034711361,1664316526034711296,1.0,True,0.9991676807403564,True,0.998,True,0.9747766256332397,True,True,True,True
1664316526034711363,1664316526034711296,1.0,True,0.9975718855857849,True,0.998,True,0.9234808087348938,True,True,True,True
1664316526034711365,1664316526034711296,,False,,False,,False,,False,False,False,False
1703314592858617025,1703314592858616960,1.0,True,0.997943103313446,True,0.998,True,0.2608482241630554,False,True,True,True
1703314592858617027,1703314592858616960,1.0,True,0.9099519848823547,True,0.998,True,0.5065215826034546,True,True,True,True
1729026466116588609,1729026466116588544,0.998,True,0.9843178987503052,True,1.0,True,0.4497328996658325,True,True,True,True
1729026466116588611,1729026466116588544,0.998,True,0.9997609257698059,True,0.914,True,0.8211786150932312,True,True,True,True
1729026466116588613,1729026466116588544,1.0,True,0.9898294806480408,True,1.0,True,0.5280060768127441,True,True,True,True
1729026466116588615,1729026466116588544,1.0,True,0.9866722822189331,True,1.0,True,0.5557262897491455,True,True,True,True
1729026466116588617,1729026466116588544,,False,,False,,False,,False,False,False,False
1739098847324261697,1739098847324261632,0.986,True,0.9504439830780029,True,0.932,True,0.10032406449317932,False,True,True,True
1739098847324261699,1739098847324261632,,False,,False,,False,,False,False,False,False
1768624892058006209,1768624892058006144,0.998,True,0.9913970232009888,True,0.996,True,0.37656450271606445,False,True,True,True
1768624892058006211,1768624892058006144,,False,,False,,False,,False,False,False,False
1768624892058006213,1768624892058006144,,False,,False,,False,,False,False,False,False
1768624892058006215,1768624892058006144,,False,,False,,False,,False,False,False,False
1778133438550754753,1778133438550754688,0.67,False,0.999854326248169,True,0.61,False,0.9048534035682678,True,True,True,True
1778133438550754755,1778133438550754688,0.73,False,0.9998214840888977,True,0.682,True,0.8620650768280029,True,True,True,True
1783913498162557761,1783913498162557696,1.0,True,0.9800673127174377,True,0.996,True,0.5000551342964172,True,True,True,True
1783913498162557763,1783913498162557696,0.998,True,0.9938805103302002,True,1.0,True,0.891119122505188,True,True,True,True
1790150482167182529,1790150482167182464,,False,,False,,False,,False,False,False,False
1798972581216203073,1798972581216203008,1.0,True,0.9987982511520386,True,1.0,True,0.9241372346878052,True,True,True,True
1798972581216203077,1798972581216203008,,False,,False,,False,,False,False,False,False
1881794948142411585,1881794948142411520,,False,,False,,False,,False,False,False,False
1881794948142411587,1881794948142411520,,False,,False,,False,,False,False,False,False
1898853076476567489,1898853076476567424,0.998,True,0.9996160268783569,True,1.0,True,0.9972073435783386,True,True,True,True
1898853076476567491,1898853076476567424,1.0,True,0.9937244057655334,True,0.998,True,0.9982631802558899,True,True,True,True
1910735807875873729,1910735807875873664,0.998,True,0.9953064322471619,True,0.982,True,0.781082272529602,True,True,True,True
1910735807875873731,1910735807875873664,1.0,True,0.9979853630065918,True,0.932,True,0.5256471633911133,True,True,True,True
1915945641862093761,1915945641862093696,0.998,True,0.9988113641738892,True,0.96,True,0.9307828545570374,True,True,True,True
1915945641862093763,1915945641862093696,1.0,True,0.9965497255325317,True,0.996,True,0.8756470680236816,True,True,True,True
2125520868876192577,2125520868876192512,1.0,True,0.9982458353042603,True,0.998,True,0.46038293838500977,True,True,True,True
2125520868876192579,2125520868876192512,,False,,False,,False,,False,False,False,False
2125520868876192581,2125520868876192512,,False,,False,,False,,False,False,False,False
2147500041891350721,2147500041891350656,1.0,True,0.9998984336853027,True,0.998,True,0.39320605993270874,True,True,True,True
2147500041891350723,2147500041891350656,0.76,True,0.41265976428985596,False,0.984,True,0.3342522978782654,False,True,True,True
2216740923364878529,2216740923364878464,0.046,False,0.7000792026519775,True,0.226,False,0.36497122049331665,False,True,False,True
2216740923364878531,2216740923364878464,0.562,False,0.9177815914154053,True,0.81,True,0.5738006830215454,True,True,True,True
2216740923364878533,2216740923364878464,0.998,True,0.9937206506729126,True,0.996,True,0.45204266905784607,True,True,True,True
2216740923364878535,2216740923364878464,0.998,True,0.9990683197975159,True,1.0,True,0.9871035218238831,True,True,True,True
2243182047707156673,2243182047707156608,0.884,True,0.8649612665176392,True,0.89,True,0.16196288168430328,False,True,True,True
2243182047707156675,2243182047707156608,0.906,True,0.9578700065612793,True,0.992,True,0.44614845514297485,True,True,True,True
2243182047707156677,2243182047707156608,,False,,False,,False,,False,False,False,False
2291297711623813697,2291297711623813632,1.0,True,0.9970550537109375,True,0.906,True,0.13186100125312805,False,True,True,True
2291297711623813699,2291297711623813632,1.0,True,0.9521971940994263,True,1.0,True,0.6705127954483032,True,True,True,True
2327271773580015809,2327271773580015744,0.982,True,0.9709269404411316,True,0.932,True,0.4788840413093567,True,True,True,True
2335753268837859777,2335753268837859712,0.0,False,0.08730927854776382,False,0.0,False,0.011513070203363895,False,False,False,False
2348420123825646401,2348420123825646336,0.44,False,0.7950259447097778,True,0.232,False,0.5153756141662598,True,True,True,True
2348420123825646403,2348420123825646336,0.336,False,0.4494161605834961,False,0.08,False,0.460077702999115,True,False,True,True
2355800355108946497,2355800355108946432,0.206,False,0.4641813337802887,False,0.872,True,0.14283357560634613,False,False,True,True
2355800355108946499,2355800355108946432,0.92,True,0.693841814994812,True,0.912,True,0.27551642060279846,False,True,True,True
2355800355108946501,2355800355108946432,1.0,True,0.9902933835983276,True,0.976,True,0.6603467464447021,True,True,True,True
2358531232755701569,2358531232755701504,1.0,True,0.9720109701156616,True,0.996,True,0.7441563606262207,True,True,True,True
2358531232755701571,2358531232755701504,,False,,False,,False,,False,False,False,False
2369490546185699393,2369490546185699328,0.752,True,0.9889917373657227,True,0.706,True,0.663738489151001,True,True,True,True
2369490546185699395,2369490546185699328,0.988,True,0.9883995056152344,True,0.998,True,0.8319497108459473,True,True,True,True
2371361983695995329,2371361983695995264,0.996,True,0.9538761377334595,True,0.998,True,0.8324686884880066,True,True,True,True
2371361983695995331,2371361983695995264,0.712,False,0.8589971661567688,True,0.676,False,0.7618705034255981,True,True,True,True
2373803788569100225,2373803788569100160,1.0,True,0.9885812401771545,True,1.0,True,0.8538994193077087,True,True,True,True
2373803788569100227,2373803788569100160,0.974,True,0.9851788878440857,True,0.998,True,0.9065002202987671,True,True,True,True
2384637933765634113,2384637933765634048,1.0,True,0.9927540421485901,True,0.982,True,0.5832224488258362,True,True,True,True
2384637933765634115,2384637933765634048,1.0,True,0.9928553700447083,True,0.996,True,0.7584660053253174,True,True,True,True
2392453979675312705,2392453979675312640,0.998,True,0.9989678859710693,True,1.0,True,0.9942570328712463,True,True,True,True
2392453979675312707,2392453979675312640,0.952,True,0.6437295079231262,True,0.994,True,0.723574161529541,True,True,True,True
2409120480008705731,2409120480008705664,0.964,True,0.9993922710418701,True,0.946,True,0.537550151348114,True,True,True,True
2409120480008705733,2409120480008705664,0.93,True,0.9961223006248474,True,0.972,True,0.4246232807636261,True,True,True,True
2429242023835943105,2429242023835943040,,False,,False,,False,,False,False,False,False
2429242023835943107,2429242023835943040,,False,,False,,False,,False,False,False,False
2429242023835943109,2429242023835943040,,False,,False,,False,,False,False,False,False
2457482365812447425,2457482365812447360,0.924,True,0.9921397566795349,True,0.992,True,0.7932281494140625,True,True,True,True
2457482365812447427,2457482365812447360,,False,,False,,False,,False,False,False,False
2457482365812447429,2457482365812447360,,False,,False,,False,,False,False,False,False
2457482365812447431,2457482365812447360,,False,,False,,False,,False,False,False,False
2460545948804796097,2460545948804796032,0.908,True,0.9928387999534607,True,0.992,True,0.9357463717460632,True,True,True,True
2460545948804796099,2460545948804796032,0.95,True,0.9930931329727173,True,0.996,True,0.6810107231140137,True,True,True,True
2464353660650971585,2464353660650971520,0.812,True,0.9980252981185913,True,0.762,True,0.3906448781490326,True,True,True,True
2464353660650971587,2464353660650971520,0.986,True,0.9060889482498169,True,0.988,True,0.24086377024650574,False,True,True,True
2464928391699317569,2464928391699317504,,False,,False,,False,,False,False,False,False
2482366096360023489,2482366096360023424,0.994,True,0.8731570243835449,True,0.99,True,0.313271164894104,False,True,True,True
2515417110948751041,2515417110948750976,1.0,True,0.9980104565620422,True,0.984,True,0.7747005820274353,True,True,True,True
2515417110948751043,2515417110948750976,0.988,True,0.9995286464691162,True,0.978,True,0.8905882835388184,True,True,True,True
2531819311878644161,2531819311878644096,1.0,True,0.9839366674423218,True,1.0,True,0.3330095112323761,False,True,True,True
2531819311878644163,2531819311878644096,,False,,False,,False,,False,False,False,False
2531819311878644165,2531819311878644096,,False,,False,,False,,False,False,False,False
2533897461870477633,2533897461870477568,1.0,True,0.9944025874137878,True,0.986,True,0.6398464441299438,True,True,True,True
2533897461870477635,2533897461870477568,,False,,False,,False,,False,False,False,False
2533897461870477637,2533897461870477568,,False,,False,,False,,False,False,False,False
2561983348235519425,2561983348235519360,1.0,True,0.9528788328170776,True,0.994,True,0.3268370032310486,False,True,True,True
2561983348235519427,2561983348235519360,,False,,False,,False,,False,False,False,False
2623596445097415105,2623596445097415040,1.0,True,0.999927282333374,True,0.962,True,0.9452385306358337,True,True,True,True
2623596445097415107,2623596445097415040,1.0,True,0.9995512366294861,True,0.962,True,0.8537330627441406,True,True,True,True
2642513714452133185,2642513714452133120,0.998,True,0.9857270121574402,True,0.992,True,0.43573182821273804,True,True,True,True
2642513714452133187,2642513714452133120,,False,,False,,False,,False,False,False,False
2642513714452133189,2642513714452133120,,False,,False,,False,,False,False,False,False
2664123889646734401,2664123889646734336,1.0,True,0.9816899299621582,True,0.988,True,0.7856679558753967,True,True,True,True
2664123889646734403,2664123889646734336,,False,,False,,False,,False,False,False,False
2664123889646734405,2664123889646734336,,False,,False,,False,,False,False,False,False
2664123889646734407,2664123889646734336,,False,,False,,False,,False,False,False,False
2675034931939523137,2675034931939523072,1.0,True,0.9950588941574097,True,0.998,True,0.8450850248336792,True,True,True,True
2675034931939523139,2675034931939523072,1.0,True,0.996990442276001,True,0.912,True,0.8235839605331421,True,True,True,True
2675034931939523141,2675034931939523072,,False,,False,,False,,False,False,False,False
2679576460422832193,2679576460422832128,1.0,True,0.999026894569397,True,0.976,True,0.7052493691444397,True,True,True,True
2679576460422832195,2679576460422832128,0.09,False,0.08727089315652847,False,0.15,False,0.09837891906499863,False,False,False,False
2686365498049009729,2686365498049009664,0.998,True,0.9912770986557007,True,1.0,True,0.2666670083999634,False,True,True,True
2686365498049009731,2686365498049009664,,False,,False,,False,,False,False,False,False
2704542594215187521,2704542594215187456,0.702,False,0.9893447756767273,True,0.832,True,0.5506148338317871,True,True,True,True
2704542594215187523,2704542594215187456,0.006,False,0.42236095666885376,False,0.478,False,0.22752198576927185,False,False,False,False
2704542594215187525,2704542594215187456,,False,,False,,False,,False,False,False,False
2704542594215187527,2704542594215187456,,False,,False,,False,,False,False,False,False
2704542594215187529,2704542594215187456,,False,,False,,False,,False,False,False,False
2727031214774199745,2727031214774199680,0.998,True,0.9992875456809998,True,0.966,True,0.4536069631576538,True,True,True,True
2727031214774199747,2727031214774199680,0.124,False,0.1753159463405609,False,0.142,False,0.13540208339691162,False,False,False,False
2743952423848257345,2743952423848257280,0.13,False,0.28235235810279846,False,0.642,False,0.17694716155529022,False,False,False,False
2743952423848257347,2743952423848257280,,False,,False,,False,,False,False,False,False
2747816172132314689,2747816172132314624,0.278,False,0.9853809475898743,True,0.946,True,0.9165838360786438,True,True,True,True
2747816172132314691,2747816172132314624,,False,,False,,False,,False,False,False,False
2804295954148390337,2804295954148390272,1.0,True,0.998894989490509,True,0.994,True,0.6228225827217102,True,True,True,True
2804295954148390339,2804295954148390272,,False,,False,,False,,False,False,False,False
2805038639894474177,2805038639894474112,,False,,False,,False,,False,False,False,False
2805038639894474181,2805038639894474112,,False,,False,,False,,False,False,False,False
2805038639894474183,2805038639894474112,,False,,False,,False,,False,False,False,False
2825128744556091329,2825128744556091264,1.0,True,0.9988040924072266,True,0.972,True,0.7955049872398376,True,True,True,True
2825128744556091331,2825128744556091264,,False,,False,,False,,False,False,False,False
2835526791660442817,2835526791660442752,1.0,True,0.9991641044616699,True,1.0,True,0.5831242799758911,True,True,True,True
2835526791660442819,2835526791660442752,1.0,True,0.8869888186454773,True,0.986,True,0.6152909994125366,True,True,True,True
2842976433909914945,2842976433909914880,0.992,True,0.9709017872810364,True,1.0,True,0.9578419923782349,True,True,True,True
2842976433909914947,2842976433909914880,0.992,True,0.9717802405357361,True,0.994,True,0.8353807926177979,True,True,True,True
2903331715240526657,2903331715240526592,1.0,True,0.9997871518135071,True,0.998,True,0.5325108170509338,True,True,True,True
2903331715240526659,2903331715240526592,,False,,False,,False,,False,False,False,False
2903556569666059713,2903556569666059648,1.0,True,0.9830973148345947,True,0.996,True,0.5775941610336304,True,True,True,True
2903556569666059715,2903556569666059648,0.162,False,0.24848943948745728,False,0.074,False,0.2709423899650574,False,False,False,False
2916884604802806721,2916884604802806656,0.996,True,0.9984171390533447,True,1.0,True,0.9844757914543152,True,True,True,True
2916884604802806723,2916884604802806656,0.262,False,0.20714916288852692,False,0.968,True,0.41247275471687317,True,False,True,True
2916884604802806725,2916884604802806656,,False,,False,,False,,False,False,False,False
2933340793481678273,2933340793481678208,1.0,True,0.9997978806495667,True,0.992,True,0.9032756686210632,True,True,True,True
2933340793481678275,2933340793481678208,,False,,False,,False,,False,False,False,False
2959142032112859329,2959142032112859264,1.0,True,0.9989645481109619,True,0.998,True,0.6560418605804443,True,True,True,True
2959142032112859331,2959142032112859264,1.0,True,0.9985463619232178,True,0.996,True,0.9976257681846619,True,True,True,True
2959785663027256897,2959785663027256832,0.996,True,0.9974725842475891,True,1.0,True,0.988387405872345,True,True,True,True
2959785663027256899,2959785663027256832,1.0,True,0.9890071153640747,True,1.0,True,0.93248051404953,True,True,True,True
2964388321782713921,2964388321782713856,1.0,True,0.9694510698318481,True,0.998,True,0.9987022876739502,True,True,True,True
2964388321782713923,2964388321782713856,0.998,True,0.9992812275886536,True,1.0,True,0.9980831146240234,True,True,True,True
2966721824756464961,2966721824756464896,1.0,True,0.5222699642181396,True,1.0,True,0.857239305973053,True,True,True,True
2966721824756464963,2966721824756464896,,False,,False,,False,,False,False,False,False
3000185396729743169,3000185396729743104,1.0,True,0.998264491558075,True,1.0,True,0.9882504940032959,True,True,True,True
3000185396729743171,3000185396729743104,0.906,True,0.7810395359992981,True,0.998,True,0.9193837642669678,True,True,True,True
3000185396729743173,3000185396729743104,0.12,False,0.2809349596500397,False,0.554,False,0.8605398535728455,True,False,True,True
3080259323881652673,3080259323881652608,1.0,True,0.996842622756958,True,1.0,True,0.9230309724807739,True,True,True,True
3080259323881652675,3080259323881652608,,False,,False,,False,,False,False,False,False
3080259323881652677,3080259323881652608,,False,,False,,False,,False,False,False,False
3092314541167221825,3092314541167221760,0.776,True,0.9982948899269104,True,0.99,True,0.6417783498764038,True,True,True,True
3092314541167221827,3092314541167221760,,False,,False,,False,,False,False,False,False
3096425271547225793,3096425271547225728,0.956,True,0.9930129647254944,True,0.968,True,0.7454078197479248,True,True,True,True
3096425271547225795,3096425271547225728,,False,,False,,False,,False,False,False,False
3097346657995436865,3097346657995436800,1.0,True,0.9353957176208496,True,0.962,True,0.1972825825214386,False,True,True,True
3097346657995436867,3097346657995436800,,False,,False,,False,,False,False,False,False
3138952727746236865,3138952727746236800,0.99,True,0.9895477294921875,True,1.0,True,0.8530265688896179,True,True,True,True
3138952727746236867,3138952727746236800,0.978,True,0.7292067408561707,True,0.986,True,0.7643209099769592,True,True,True,True
3164374261213706945,3164374261213706880,1.0,True,0.985538125038147,True,0.984,True,0.5360794067382812,True,True,True,True
3164374261213706947,3164374261213706880,1.0,True,0.988568902015686,True,1.0,True,0.731071412563324,True,True,True,True
3178020716638059329,3178020716638059264,0.982,True,0.998012900352478,True,0.998,True,0.988137423992157,True,True,True,True
3178020716638059331,3178020716638059264,1.0,True,0.9997991919517517,True,0.922,True,0.6426184773445129,True,True,True,True
3178020716638059333,3178020716638059264,1.0,True,0.9964267611503601,True,0.994,True,0.656618058681488,True,True,True,True
3178020716638059335,3178020716638059264,0.992,True,0.982320249080658,True,0.998,True,0.8643818497657776,True,True,True,True
3185808420059318081,3185808420059318016,1.0,True,0.9988715052604675,True,1.0,True,0.9538589119911194,True,True,True,True
3185808420059318083,3185808420059318016,0.952,True,0.3075101673603058,False,0.998,True,0.4885048270225525,True,True,True,True
3187010529866092737,3187010529866092672,0.948,True,0.9961032867431641,True,0.876,True,0.6466816067695618,True,True,True,True
3187010529866092739,3187010529866092672,1.0,True,0.9996228218078613,True,0.95,True,0.5133635401725769,True,True,True,True
3261414236903292225,3261414236903292160,1.0,True,0.997941792011261,True,0.992,True,0.8634005188941956,True,True,True,True
3261414236903292227,3261414236903292160,0.946,True,0.923233151435852,True,0.986,True,0.7671345472335815,True,True,True,True
3310898517920596033,3310898517920595968,0.06,False,0.24178442358970642,False,0.446,False,0.050250329077243805,False,False,False,False
3310898517920596035,3310898517920595968,0.242,False,0.7281650304794312,True,0.46,False,0.09623585641384125,False,True,False,True
3310898517920596037,3310898517920595968,,False,,False,,False,,False,False,False,False
3310898517920596039,3310898517920595968,,False,,False,,False,,False,False,False,False
3361094865862486721,3361094865862486656,1.0,True,0.999066174030304,True,0.948,True,0.8348550200462341,True,True,True,True
3361094865862486723,3361094865862486656,1.0,True,0.9991675615310669,True,0.96,True,0.6664929986000061,True,True,True,True
3361094865862486725,3361094865862486656,1.0,True,0.9981984496116638,True,0.996,True,0.785270631313324,True,True,True,True
3361094865862486727,3361094865862486656,,False,,False,,False,,False,False,False,False
3385786697275132353,3385786697275132288,0.998,True,0.9997608065605164,True,1.0,True,0.8302389979362488,True,True,True,True
3385786697275132355,3385786697275132288,1.0,True,0.997999370098114,True,0.936,True,0.611052393913269,True,True,True,True
3488423118425915073,3488423118425915008,0.998,True,0.9993520379066467,True,0.988,True,0.9721542000770569,True,True,True,True
3488423118425915075,3488423118425915008,1.0,True,0.9863747358322144,True,1.0,True,0.9456772208213806,True,True,True,True
3511426761399556417,3511426761399556352,0.998,True,0.998279333114624,True,0.998,True,0.6211694478988647,True,True,True,True
3511426761399556419,3511426761399556352,0.998,True,0.9910780787467957,True,0.982,True,0.43343544006347656,True,True,True,True
3511426761399556421,3511426761399556352,1.0,True,0.9835920333862305,True,1.0,True,0.3398140072822571,False,True,True,True
3511426761399556423,3511426761399556352,,False,,False,,False,,False,False,False,False
3511426761399556425,3511426761399556352,,False,,False,,False,,False,False,False,False
3511426761399556427,3511426761399556352,,False,,False,,False,,False,False,False,False
3511426761399556429,3511426761399556352,,False,,False,,False,,False,False,False,False
3511426761399556431,3511426761399556352,,False,,False,,False,,False,False,False,False
3511426761399556433,3511426761399556352,,False,,False,,False,,False,False,False,False
3511426761399556435,3511426761399556352,,False,,False,,False,,False,False,False,False
3518633402989658177,3518633402989658112,1.0,True,0.9994427561759949,True,1.0,True,0.5227346420288086,True,True,True,True
3518633402989658179,3518633402989658112,0.998,True,0.9986206293106079,True,0.948,True,0.5352036356925964,True,True,True,True
3541826024524572609,3541826024524572544,0.976,True,0.9998003840446472,True,0.924,True,0.7721733450889587,True,True,True,True
3541826024524572611,3541826024524572544,0.978,True,0.9997678399085999,True,0.96,True,0.8148593902587891,True,True,True,True
3541826024524572613,3541826024524572544,0.968,True,0.9997357726097107,True,0.946,True,0.7728052139282227,True,True,True,True
3541826024524572615,3541826024524572544,0.938,True,0.9983696341514587,True,0.996,True,0.7174761891365051,True,True,True,True
3552950883176150081,3552950883176150016,0.716,False,0.9998562335968018,True,0.93,True,0.9955215454101562,True,True,True,True
3552950883176150083,3552950883176150016,1.0,True,0.999817430973053,True,0.996,True,0.9771803021430969,True,True,True,True
3585320123243965249,3585320123243965184,1.0,True,0.9990704655647278,True,0.948,True,0.9388593435287476,True,True,True,True
3585320123243965251,3585320123243965184,,False,,False,,False,,False,False,False,False
3586098513053631297,3586098513053631232,0.672,False,0.9937074780464172,True,0.848,True,0.8457534313201904,True,True,True,True
3586098513053631299,3586098513053631232,0.662,False,0.9966368675231934,True,0.884,True,0.9292653799057007,True,True,True,True
3586098513053631301,3586098513053631232,0.778,True,0.9909790754318237,True,0.974,True,0.8618171811103821,True,True,True,True
3586098513053631303,3586098513053631232,,False,,False,,False,,False,False,False,False
3586098513053631305,3586098513053631232,,False,,False,,False,,False,False,False,False
3638526594718696129,3638526594718696064,1.0,True,0.9996989965438843,True,1.0,True,0.7689092755317688,True,True,True,True
3638526594718696131,3638526594718696064,0.782,True,0.31631162762641907,False,0.384,False,0.3431446850299835,False,True,False,True
3650888227855959745,3650888227855959680,1.0,True,0.9986376166343689,True,0.98,True,0.7960188388824463,True,True,True,True
3650888227855959747,3650888227855959680,,False,,False,,False,,False,False,False,False
3661273699296342081,3661273699296342016,0.996,True,0.9822366237640381,True,0.982,True,0.5537918210029602,True,True,True,True
3661273699296342083,3661273699296342016,,False,,False,,False,,False,False,False,False
3671120169521189441,3671120169521189376,1.0,True,0.9997445940971375,True,1.0,True,0.891905665397644,True,True,True,True
3681691771958753729,3681691771958753664,0.966,True,0.999247670173645,True,0.942,True,0.930748701095581,True,True,True,True
3681691771958753731,3681691771958753664,,False,,False,,False,,False,False,False,False
3696663890512658113,3696663890512658048,0.814,True,0.9918960928916931,True,0.996,True,0.9358606934547424,True,True,True,True
3696663890512658115,3696663890512658048,0.996,True,0.9944275617599487,True,1.0,True,0.9006733894348145,True,True,True,True
3699313438657548737,3699313438657548672,1.0,True,0.9812760353088379,True,0.986,True,0.6886255145072937,True,True,True,True
3699313438657548739,3699313438657548672,0.998,True,0.9933613538742065,True,1.0,True,0.8763164281845093,True,True,True,True
3711531005707407169,3711531005707407104,0.998,True,0.9994356036186218,True,0.988,True,0.9412346482276917,True,True,True,True
3711531005707407171,3711531005707407104,0.998,True,0.9675887227058411,True,0.986,True,0.5838874578475952,True,True,True,True
3712919517096119233,3712919517096119168,1.0,True,0.9188100695610046,True,0.994,True,0.6667621731758118,True,True,True,True
3712919517096119235,3712919517096119168,0.38,False,0.2645490765571594,False,0.958,True,0.3507944345474243,False,False,True,True
3723950157046484161,3723950157046484096,1.0,True,0.9997327923774719,True,0.986,True,0.6894155740737915,True,True,True,True
3723950157046484163,3723950157046484096,1.0,True,0.9989345669746399,True,0.892,True,0.45531514286994934,True,True,True,True
3727266494569190081,3727266494569190016,0.954,True,0.997892439365387,True,0.844,True,0.7301828861236572,True,True,True,True
3727266494569190083,3727266494569190016,0.552,False,0.804580807685852,True,0.91,True,0.26608338952064514,False,True,True,True
3728132222538228929,3728132222538228864,0.998,True,0.9994382262229919,True,0.966,True,0.8349509835243225,True,True,True,True
3728132222538228931,3728132222538228864,1.0,True,0.9859360456466675,True,1.0,True,0.6811416149139404,True,True,True,True
3729511589940494913,3729511589940494848,1.0,True,0.9980294108390808,True,0.988,True,0.7621498107910156,True,True,True,True
3729511589940494915,3729511589940494848,,False,,False,,False,,False,False,False,False
3729511589940494917,3729511589940494848,,False,,False,,False,,False,False,False,False
3729511589940494919,3729511589940494848,,False,,False,,False,,False,False,False,False
3729511589940494921,3729511589940494848,,False,,False,,False,,False,False,False,False
3733119018870073281,3733119018870073216,0.998,True,0.9993345141410828,True,1.0,True,0.9717256426811218,True,True,True,True
3733119018870073283,3733119018870073216,0.96,True,0.9134325385093689,True,0.848,True,0.9474351406097412,True,True,True,True
3733516084302177473,3733516084302177408,1.0,True,0.9152674078941345,True,0.948,True,0.618242621421814,True,True,True,True
3733516084302177477,3733516084302177408,,False,,False,,False,,False,False,False,False
3733516084302177479,3733516084302177408,,False,,False,,False,,False,False,False,False
3733516084302177481,3733516084302177408,,False,,False,,False,,False,False,False,False
3737379218406720193,3737379218406720128,1.0,True,0.9980472326278687,True,0.982,True,0.9482954144477844,True,True,True,True
3737379218406720195,3737379218406720128,1.0,True,0.983737051486969,True,1.0,True,0.9020605087280273,True,True,True,True
3740575391333625793,3740575391333625728,0.86,True,0.9949061870574951,True,0.936,True,0.9781558513641357,True,True,True,True
3740575391333625795,3740575391333625728,0.996,True,0.9949766397476196,True,0.972,True,0.7425757646560669,True,True,True,True
3746175582010887233,3746175582010887168,1.0,True,0.9997146725654602,True,0.968,True,0.9399428367614746,True,True,True,True
3746175685090102465,3746175685090102400,1.0,True,0.9976779818534851,True,1.0,True,0.9112006425857544,True,True,True,True
3746665350016537153,3746665350016537088,0.128,False,0.6793440580368042,True,0.746,True,0.40429699420928955,True,True,True,True
3746665350016537155,3746665350016537088,0.998,True,0.9836246967315674,True,1.0,True,0.8914521336555481,True,True,True,True
3746665350016537157,3746665350016537088,,False,,False,,False,,False,False,False,False
3783971985706909249,3783971985706909184,0.034,False,0.1845119595527649,False,0.0,False,0.21780773997306824,False,False,False,False
3783971985706909251,3783971985706909184,,False,,False,,False,,False,False,False,False
3800591481917387457,3800591481917387392,0.556,False,0.3840697109699249,False,0.948,True,0.5178123712539673,True,False,True,True
3800591481917387459,3800591481917387392,,False,,False,,False,,False,False,False,False
3800591481917387461,3800591481917387392,,False,,False,,False,,False,False,False,False
3800591481917387463,3800591481917387392,,False,,False,,False,,False,False,False,False
3806936797880396481,3806936797880396416,0.998,True,0.9981667995452881,True,0.986,True,0.6207824349403381,True,True,True,True
3806936797880396483,3806936797880396416,,False,,False,,False,,False,False,False,False
3807267368628379073,3807267368628379008,,False,,False,,False,,False,False,False,False
3817878828362669633,3817878828362669568,0.528,False,0.9892054796218872,True,0.834,True,0.23389868438243866,False,True,True,True
3817878828362669635,3817878828362669568,,False,,False,,False,,False,False,False,False
3817878828362669637,3817878828362669568,1.0,True,0.9806901812553406,True,0.942,True,0.8298261761665344,True,True,True,True
3817878828362669639,3817878828362669568,0.978,True,0.7995801568031311,True,1.0,True,0.546200692653656,True,True,True,True
3828696197422634177,3828696197422634112,0.946,True,0.9995404481887817,True,0.998,True,0.8727425932884216,True,True,True,True
3828696197422634181,3828696197422634112,0.996,True,0.7278565764427185,True,0.892,True,0.8306450843811035,True,True,True,True
3832692033126977729,3832692033126977664,0.994,True,0.9611917734146118,True,0.998,True,0.8135643005371094,True,True,True,True
3832692033126977731,3832692033126977664,,False,,False,,False,,False,False,False,False
3834882054131088577,3834882054131088512,,False,,False,,False,,False,False,False,False
3834882054131088579,3834882054131088512,,False,,False,,False,,False,False,False,False
3836060833675603905,3836060833675603840,0.992,True,0.9995540976524353,True,0.994,True,0.5266516208648682,True,True,True,True
3838418972584438081,3838418972584438016,0.614,False,0.9642301797866821,True,0.884,True,0.8309362530708313,True,True,True,True
3842934499335828673,3842934499335828608,1.0,True,0.9965144991874695,True,1.0,True,0.5621094703674316,True,True,True,True
3842934499335828675,3842934499335828608,,False,,False,,False,,False,False,False,False
3842934499335828677,3842934499335828608,,False,,False,,False,,False,False,False,False
3844748070752040641,3844748070752040576,0.958,True,0.9909640550613403,True,0.998,True,0.9867023825645447,True,True,True,True
3844748070752040643,3844748070752040576,1.0,True,0.9759311079978943,True,0.996,True,0.9871683120727539,True,True,True,True
3851608129957910465,3851608129957910400,0.392,False,0.9913346171379089,True,0.878,True,0.600867748260498,True,True,True,True
3851608129957910467,3851608129957910400,1.0,True,0.9988492727279663,True,0.976,True,0.5932561159133911,True,True,True,True
3862737562746165057,3862737562746164992,,False,,False,,False,,False,False,False,False
3862931828412982977,3862931828412982912,1.0,True,0.9998642206192017,True,0.98,True,0.8747327327728271,True,True,True,True
3862931828412982979,3862931828412982912,1.0,True,0.9895490407943726,True,0.996,True,0.8830438852310181,True,True,True,True
3862931828412982981,3862931828412982912,,False,,False,,False,,False,False,False,False
3874291746326640193,3874291746326640128,1.0,True,0.9950077533721924,True,0.988,True,0.5754167437553406,True,True,True,True
3874291746326640195,3874291746326640128,,False,,False,,False,,False,False,False,False
3874291746326640197,3874291746326640128,,False,,False,,False,,False,False,False,False
3876832198007366977,3876832198007366912,0.974,True,0.9891424179077148,True,0.934,True,0.5719505548477173,True,True,True,True
3876832198007366979,3876832198007366912,,False,,False,,False,,False,False,False,False
3886584144590895041,3886584144590894976,,False,,False,,False,,False,False,False,False
3898742441091558081,3898742441091558016,1.0,True,0.9140520691871643,True,1.0,True,0.6283043622970581,True,True,True,True
3898742441091558083,3898742441091558016,,False,,False,,False,,False,False,False,False
3906330450007849793,3906330450007849728,0.12,False,0.9311225414276123,True,0.482,False,0.7584348917007446,True,True,True,True
3906330450007849795,3906330450007849728,,False,,False,,False,,False,False,False,False
3937637737940083393,3937637737940083328,0.952,True,0.9874773025512695,True,0.996,True,0.5258801579475403,True,True,True,True
3937637737940083395,3937637737940083328,0.912,True,0.9981510043144226,True,0.992,True,0.6790618300437927,True,True,True,True
3938214363067948865,3938214363067948800,0.956,True,0.9536605477333069,True,0.988,True,0.5212164521217346,True,True,True,True
3938214363067948867,3938214363067948800,,False,,False,,False,,False,False,False,False
3941492793209513153,3941492793209513088,1.0,True,0.9992806315422058,True,1.0,True,0.9216734170913696,True,True,True,True
3941492793209513155,3941492793209513088,1.0,True,0.9952176809310913,True,1.0,True,0.8660034537315369,True,True,True,True
3956501195648081985,3956501195648081920,1.0,True,0.9790163040161133,True,0.996,True,0.8113230466842651,True,True,True,True
3956501195648081987,3956501195648081920,,False,,False,,False,,False,False,False,False
3975233510826944705,3975233510826944640,0.984,True,0.9989237189292908,True,0.898,True,0.44723355770111084,True,True,True,True
3975233510826944707,3975233510826944640,,False,,False,,False,,False,False,False,False
3977375153318276929,3977375153318276864,0.968,True,0.9994038343429565,True,0.996,True,0.9832568764686584,True,True,True,True
3977375153318276931,3977375153318276864,0.334,False,0.41913121938705444,False,0.78,True,0.24341097474098206,False,False,True,True
3985692782689406657,3985692782689406592,1.0,True,0.9862288236618042,True,0.998,True,0.5214133262634277,True,True,True,True
3985692782689406659,3985692782689406592,,False,,False,,False,,False,False,False,False
3985692782689406661,3985692782689406592,,False,,False,,False,,False,False,False,False
3992914344995211201,3992914344995211136,0.996,True,0.9997594952583313,True,1.0,True,0.9359351396560669,True,True,True,True
3992914344995211203,3992914344995211136,0.986,True,0.9992666840553284,True,1.0,True,0.9949753284454346,True,True,True,True
4010648879140787649,4010648879140787584,1.0,True,0.9996504783630371,True,0.982,True,0.8509171009063721,True,True,True,True
4010648879140787651,4010648879140787584,,False,,False,,False,,False,False,False,False
4010648879140787653,4010648879140787584,,False,,False,,False,,False,False,False,False
4024730328852847041,4024730328852846976,1.0,True,0.9804393649101257,True,0.998,True,0.4889526069164276,True,True,True,True
4029169843273586241,4029169843273586176,1.0,True,0.9279376268386841,True,1.0,True,0.30337435007095337,False,True,True,True
4029169843273586243,4029169843273586176,1.0,True,0.9942213892936707,True,1.0,True,0.615757942199707,True,True,True,True
4034893900807493313,4034893900807493248,1.0,True,0.99720698595047,True,1.0,True,0.9971455931663513,True,True,True,True
4034893900807493315,4034893900807493248,0.932,True,0.18419001996517181,False,0.868,True,0.38628658652305603,False,True,True,True
4091646396130791383,4091646396130791296,,False,,False,,False,,False,False,False,False
4249707995789272257,4249707995789272192,1.0,True,0.9978964328765869,True,0.998,True,0.4220045804977417,True,True,True,True
4249707995789272259,4249707995789272192,,False,,False,,False,,False,False,False,False
4356573654059014465,4356573654059014400,1.0,True,0.9143310785293579,True,0.998,True,0.6931459903717041,True,True,True,True
4356573654059014467,4356573654059014400,,False,,False,,False,,False,False,False,False
4356573654059014469,4356573654059014400,,False,,False,,False,,False,False,False,False
4358554188033274561,4358554188033274496,1.0,True,0.928751528263092,True,0.948,True,0.4057959020137787,True,True,True,True
4358554188033274563,4358554188033274496,1.0,True,0.8699555993080139,True,0.992,True,0.7467256784439087,True,True,True,True
4377576215935403969,4377576215935403904,1.0,True,0.9990259408950806,True,1.0,True,0.5223208665847778,True,True,True,True
4377576215935403971,4377576215935403904,1.0,True,0.9926010966300964,True,0.998,True,0.6612040400505066,True,True,True,True
4377576215935403973,4377576215935403904,1.0,True,0.9768352508544922,True,1.0,True,0.3129352033138275,False,True,True,True
4377576220230043969,4377576220230043904,1.0,True,0.9963274598121643,True,0.99,True,0.6054090857505798,True,True,True,True
4383409984113760705,4383409984113760640,0.438,False,0.22516034543514252,False,0.726,True,0.20873481035232544,False,False,True,True
4383409984113760707,4383409984113760640,,False,,False,,False,,False,False,False,False
4383409984113760709,4383409984113760640,,False,,False,,False,,False,False,False,False
4401203866117526465,4401203866117526400,1.0,True,0.99664705991745,True,1.0,True,0.6401686072349548,True,True,True,True
4401203866117526469,4401203866117526400,0.99,True,0.5250756740570068,True,0.93,True,0.2458055466413498,False,True,True,True
4401203866117526471,4401203866117526400,,False,,False,,False,,False,False,False,False
4420925527012941761,4420925527012941696,0.956,True,0.9848843812942505,True,1.0,True,0.8412876725196838,True,True,True,True
4420925527012941763,4420925527012941696,,False,,False,,False,,False,False,False,False
4423331297112729537,4423331297112729472,0.986,True,0.9969847798347473,True,1.0,True,0.6910505890846252,True,True,True,True
4423331297112729539,4423331297112729472,1.0,True,0.991213858127594,True,0.994,True,0.8204947113990784,True,True,True,True
4447068718065707585,4447068718065707520,0.992,True,0.9980103373527527,True,0.99,True,0.7581362724304199,True,True,True,True
4447068718065707587,4447068718065707520,1.0,True,0.9994435906410217,True,1.0,True,0.9301390647888184,True,True,True,True
4447068718065707589,4447068718065707520,,False,,False,,False,,False,False,False,False
4449460499458597827,4449460499458597760,,False,,False,,False,,False,False,False,False
4460056527371093185,4460056527371093120,1.0,True,0.9955536723136902,True,1.0,True,0.9582298994064331,True,True,True,True
4460056527371093187,4460056527371093120,0.396,False,0.17666226625442505,False,0.746,True,0.36185991764068604,False,False,True,True
4464350292074707265,4464350292074707200,1.0,True,0.9997462630271912,True,0.99,True,0.8563041687011719,True,True,True,True
4464350292074707267,4464350292074707200,1.0,True,0.9997676014900208,True,0.998,True,0.898716390132904,True,True,True,True
4468051389956021569,4468051389956021504,0.992,True,0.9969990253448486,True,1.0,True,0.7161762118339539,True,True,True,True
4468051389956021571,4468051389956021504,0.998,True,0.9823465347290039,True,0.96,True,0.8057291507720947,True,True,True,True
4549042339867831489,4549042339867831424,0.04,False,0.1470986157655716,False,0.284,False,0.02320466749370098,False,False,False,False
4549042339867831491,4549042339867831424,,False,,False,,False,,False,False,False,False
4549042339867831493,4549042339867831424,,False,,False,,False,,False,False,False,False
4563464397667173441,4563464397667173376,,False,,False,,False,,False,False,False,False
4563464397667173443,4563464397667173376,,False,,False,,False,,False,False,False,False
4563464397667173445,4563464397667173376,,False,,False,,False,,False,False,False,False
4563464397667173449,4563464397667173376,,False,,False,,False,,False,False,False,False
4586221642663205187,4586221642663205120,1.0,True,0.9977269768714905,True,1.0,True,0.8367925882339478,True,True,True,True
4586221642663205189,4586221642663205120,1.0,True,0.9919359683990479,True,0.976,True,0.2230665534734726,False,True,True,True
4586221642663205191,4586221642663205120,,False,,False,,False,,False,False,False,False
4598922337697114561,4598922337697114496,1.0,True,0.9996799230575562,True,0.906,True,0.894986093044281,True,True,True,True
4598922337697114563,4598922337697114496,,False,,False,,False,,False,False,False,False
4598922337697114565,4598922337697114496,,False,,False,,False,,False,False,False,False
4624301922220808897,4624301922220808832,1.0,True,0.9878377914428711,True,1.0,True,0.23178143799304962,False,True,True,True
4624301922220808899,4624301922220808832,1.0,True,0.9987090826034546,True,1.0,True,0.4009384512901306,True,True,True,True
4624301922220808901,4624301922220808832,1.0,True,0.9981106519699097,True,1.0,True,0.18577910959720612,False,True,True,True
4643616493228910145,4643616493228910080,1.0,True,0.9948364496231079,True,0.992,True,0.7070860862731934,True,True,True,True
4643616493228910147,4643616493228910080,,False,,False,,False,,False,False,False,False
4672765852152430913,4672765852152430848,1.0,True,0.9914461374282837,True,0.992,True,0.10384352505207062,False,True,True,True
4672765852152430915,4672765852152430848,,False,,False,,False,,False,False,False,False
4674636224510336321,4674636224510336256,0.976,True,0.7052762508392334,True,0.998,True,0.2608903646469116,False,True,True,True
4674636224510336325,4674636224510336256,0.992,True,0.7505213022232056,True,0.864,True,0.21834193170070648,False,True,True,True
4683151559814721985,4683151559814721920,1.0,True,0.9938408136367798,True,0.998,True,0.6270961761474609,True,True,True,True
4683151559814721987,4683151559814721920,,False,,False,,False,,False,False,False,False
4683151559814721989,4683151559814721920,,False,,False,,False,,False,False,False,False
4721027124050409153,4721027124050409088,1.0,True,0.9696876406669617,True,1.0,True,0.19831325113773346,False,True,True,True
4721027124050409155,4721027124050409088,,False,,False,,False,,False,False,False,False
4721027124050409157,4721027124050409088,,False,,False,,False,,False,False,False,False
4733652133172591557,4733652133172591488,,False,,False,,False,,False,False,False,False
4770993403477832129,4770993403477832064,1.0,True,0.9990590214729309,True,0.992,True,0.5709951519966125,True,True,True,True
4770993403477832131,4770993403477832064,1.0,True,0.9998255372047424,True,0.908,True,0.5552619099617004,True,True,True,True
4778637895508914113,4778637895508914048,1.0,True,0.9876081347465515,True,0.992,True,0.09742129594087601,False,True,True,True
4778637895508914115,4778637895508914048,0.99,True,0.9908587336540222,True,0.984,True,0.5253986120223999,True,True,True,True
4778637895508914117,4778637895508914048,,False,,False,,False,,False,False,False,False
4779903605191703361,4779903605191703296,1.0,True,0.9997764229774475,True,1.0,True,0.8288800120353699,True,True,True,True
4779903605191703363,4779903605191703296,1.0,True,0.9985754489898682,True,0.988,True,0.9037608504295349,True,True,True,True
4779903605191703365,4779903605191703296,,False,,False,,False,,False,False,False,False
4806652936390718913,4806652936390718848,0.032,False,0.17548595368862152,False,0.036,False,0.17800268530845642,False,False,False,False
4807486087029366849,4807486087029366784,1.0,True,0.9956703186035156,True,1.0,True,0.9458088874816895,True,True,True,True
4807486087029366851,4807486087029366784,1.0,True,0.993979811668396,True,0.998,True,0.9814206957817078,True,True,True,True
4813484717527554625,4813484717527554560,1.0,True,0.9994908571243286,True,0.992,True,0.6758748888969421,True,True,True,True
4813484717527554627,4813484717527554560,1.0,True,0.999193012714386,True,0.996,True,0.8237496018409729,True,True,True,True
4821279499055314369,4821279499055314304,0.008,False,0.09636720269918442,False,0.04,False,0.08697152137756348,False,False,False,False
4821279499057524931,4821279499057524864,0.99,True,0.999139666557312,True,1.0,True,0.9906675219535828,True,True,True,True
4821279499057524933,4821279499057524864,1.0,True,0.998276948928833,True,0.998,True,0.7878553867340088,True,True,True,True
4826116113268202177,4826116113268202112,0.11,False,0.9038840532302856,True,0.384,False,0.25492143630981445,False,True,False,True
4826116113268202179,4826116113268202112,0.962,True,0.997112512588501,True,1.0,True,0.9952998161315918,True,True,True,True
4830236636170244545,4830236636170244480,1.0,True,0.9985565543174744,True,0.998,True,0.8888351321220398,True,True,True,True
4830236636170244547,4830236636170244480,1.0,True,0.9829975366592407,True,1.0,True,0.5990602374076843,True,True,True,True
4834883855209175361,4834883855209175296,1.0,True,0.9938296675682068,True,0.998,True,0.2609253525733948,False,True,True,True
4834883855209175363,4834883855209175296,,False,,False,,False,,False,False,False,False
4834883855209175365,4834883855209175296,,False,,False,,False,,False,False,False,False
4842045799074927297,4842045799074927232,1.0,True,0.9982494115829468,True,0.996,True,0.8759993314743042,True,True,True,True
4842045799074927299,4842045799074927232,,False,,False,,False,,False,False,False,False
4845606606136183491,4845606606136183424,0.99,True,0.9937858581542969,True,0.98,True,0.6751765608787537,True,True,True,True
4845606606136183493,4845606606136183424,0.996,True,0.9994457364082336,True,0.944,True,0.8440467119216919,True,True,True,True
4845606606136183495,4845606606136183424,,False,,False,,False,,False,False,False,False
4847636854356849089,4847636854356849024,1.0,True,0.9895069003105164,True,0.998,True,0.9971006512641907,True,True,True,True
4847636854356849091,4847636854356849024,1.0,True,0.9990248680114746,True,0.996,True,0.9765224456787109,True,True,True,True
4847636854356849093,4847636854356849024,,False,,False,,False,,False,False,False,False
4847636854356849095,4847636854356849024,,False,,False,,False,,False,False,False,False
4847636854356849097,4847636854356849024,,False,,False,,False,,False,False,False,False
4855076046954467649,4855076046954467584,1.0,True,0.9998471736907959,True,0.998,True,0.968485414981842,True,True,True,True
4855076046954467651,4855076046954467584,,False,,False,,False,,False,False,False,False
4855076046954467653,4855076046954467584,,False,,False,,False,,False,False,False,False
4877987734675448001,4877987734675447936,1.0,True,0.9997190833091736,True,0.968,True,0.5997769236564636,True,True,True,True
4877987734675448003,4877987734675447936,1.0,True,0.999805748462677,True,0.99,True,0.9723010659217834,True,True,True,True
4883180423151513153,4883180423151513088,0.168,False,0.15537820756435394,False,0.544,False,0.06761351227760315,False,False,False,False
4883180423151513155,4883180423151513088,0.246,False,0.47361689805984497,True,0.848,True,0.22511185705661774,False,True,True,True
4883180423151513157,4883180423151513088,,False,,False,,False,,False,False,False,False
4883180423151513159,4883180423151513088,,False,,False,,False,,False,False,False,False
4890131565725763905,4890131565725763840,1.0,True,0.9990550875663757,True,0.996,True,0.9497159123420715,True,True,True,True
4890131634445241793,4890131634445241728,1.0,True,0.9935838580131531,True,0.996,True,0.6782447099685669,True,True,True,True
4894145268500809793,4894145268500809728,1.0,True,0.9969654679298401,True,0.972,True,0.8523687124252319,True,True,True,True
4894145268500809795,4894145268500809728,1.0,True,0.9915539622306824,True,1.0,True,0.9538715481758118,True,True,True,True
4894145268500809797,4894145268500809728,,False,,False,,False,,False,False,False,False
4915503625466318529,4915503625466318464,1.0,True,0.9987586736679077,True,0.996,True,0.9301259517669678,True,True,True,True
4915503625466318531,4915503625466318464,,False,,False,,False,,False,False,False,False
4954121596274054465,4954121596274054400,1.0,True,0.9994127750396729,True,1.0,True,0.9912886619567871,True,True,True,True
4954121596274054467,4954121596274054400,1.0,True,0.9984617233276367,True,1.0,True,0.9995428323745728,True,True,True,True
4955044292688756289,4955044292688756224,1.0,True,0.9997393488883972,True,0.952,True,0.49397045373916626,True,True,True,True
4955044292688756291,4955044292688756224,1.0,True,0.9998825788497925,True,0.992,True,0.8216989040374756,True,True,True,True
4956574748452174657,4956574748452174592,0.996,True,0.9995216131210327,True,0.92,True,0.6935363411903381,True,True,True,True
4956574748452174659,4956574748452174592,1.0,True,0.9995443224906921,True,0.984,True,0.6570642590522766,True,True,True,True
4956634220861679425,4956634220861679360,1.0,True,0.9985213875770569,True,1.0,True,0.686512291431427,True,True,True,True
4956634220861679427,4956634220861679360,1.0,True,0.998717188835144,True,1.0,True,0.9820669889450073,True,True,True,True
4960819894125715009,4960819894125714944,1.0,True,0.9998300075531006,True,1.0,True,0.9774267673492432,True,True,True,True
4960819894125715011,4960819894125714944,0.748,True,0.9464229941368103,True,0.684,True,0.510205864906311,True,True,True,True
4964421000865877313,4964421000865877248,1.0,True,0.9996933937072754,True,1.0,True,0.9118524193763733,True,True,True,True
4964421000865877315,4964421000865877248,1.0,True,0.9974585175514221,True,1.0,True,0.9908617734909058,True,True,True,True
4971233295737205825,4971233295737205760,1.0,True,0.999178946018219,True,0.982,True,0.6912746429443359,True,True,True,True
4971233295737205827,4971233295737205760,1.0,True,0.9996144771575928,True,0.996,True,0.9721481204032898,True,True,True,True
4997764687409642945,4997764687409642880,0.998,True,0.9584410786628723,True,0.996,True,0.9127407670021057,True,True,True,True
4999447421238072001,4999447421238071936,1.0,True,0.997421383857727,True,0.998,True,0.750881552696228,True,True,True,True
4999447421238072003,4999447421238071936,0.996,True,0.9996261596679688,True,0.974,True,0.6535335779190063,True,True,True,True
5005582829263301057,5005582829263300992,,False,,False,,False,,False,False,False,False
5024429528010102209,5024429528010102144,1.0,True,0.9967296123504639,True,0.998,True,0.6610696911811829,True,True,True,True
5024429528010102211,5024429528010102144,1.0,True,0.9909064769744873,True,0.998,True,0.7466461062431335,True,True,True,True
5026013408869280193,5026013408869280128,1.0,True,0.9992127418518066,True,0.978,True,0.6796628832817078,True,True,True,True
5026013408869280195,5026013408869280128,1.0,True,0.9846535325050354,True,0.968,True,0.7929878830909729,True,True,True,True
5026013408869280197,5026013408869280128,,False,,False,,False,,False,False,False,False
5075630859644356547,5075630859644356480,1.0,True,0.9964689016342163,True,1.0,True,0.9395622611045837,True,True,True,True
5075630859644356549,5075630859644356480,,False,,False,,False,,False,False,False,False
5075630859644356551,5075630859644356480,,False,,False,,False,,False,False,False,False
5075630859644356553,5075630859644356480,,False,,False,,False,,False,False,False,False
5077935264216200897,5077935264216200832,1.0,True,0.9934065341949463,True,0.996,True,0.9268463253974915,True,True,True,True
5077935264216200899,5077935264216200832,1.0,True,0.9960010647773743,True,0.998,True,0.8401288986206055,True,True,True,True
5077935264216200901,5077935264216200832,,False,,False,,False,,False,False,False,False
5082980996090316865,5082980996090316800,1.0,True,0.9958399534225464,True,0.994,True,0.48170050978660583,True,True,True,True
5082980996090316867,5082980996090316800,0.812,True,0.18378499150276184,False,0.968,True,0.11480449140071869,False,True,True,True
5085135764002995649,5085135764002995584,1.0,True,0.9993517994880676,True,1.0,True,0.9787960648536682,True,True,True,True
5085135764002995651,5085135764002995584,1.0,True,0.9989983439445496,True,1.0,True,0.9790334105491638,True,True,True,True
5085135764002995653,5085135764002995584,,False,,False,,False,,False,False,False,False
5085135764002995655,5085135764002995584,,False,,False,,False,,False,False,False,False
5085135764002995657,5085135764002995584,,False,,False,,False,,False,False,False,False
5085135764002995659,5085135764002995584,,False,,False,,False,,False,False,False,False
5087747928752251841,5087747928752251776,1.0,True,0.9991402626037598,True,1.0,True,0.9975473284721375,True,True,True,True
5087747928752251843,5087747928752251776,0.994,True,0.7925368547439575,True,0.996,True,0.5179853439331055,True,True,True,True
5087747928752251845,5087747928752251776,0.282,False,0.15307852625846863,False,0.468,False,0.1671610027551651,False,False,False,False
5087747928752251847,5087747928752251776,,False,,False,,False,,False,False,False,False
5087747928752251849,5087747928752251776,,False,,False,,False,,False,False,False,False
5092819151257833281,5092819151257833216,1.0,True,0.9983254075050354,True,1.0,True,0.9911714196205139,True,True,True,True
5098921578230761537,5098921578230761472,0.812,True,0.7008084654808044,True,0.978,True,0.30651211738586426,False,True,True,True
5098921578230761539,5098921578230761472,1.0,True,0.9924254417419434,True,1.0,True,0.9186292290687561,True,True,True,True
5101261953155127745,5101261953155127680,,False,,False,,False,,False,False,False,False
5119104866505106753,5119104866505106688,0.998,True,0.9992843270301819,True,0.982,True,0.9902920126914978,True,True,True,True
5119104866505106755,5119104866505106688,1.0,True,0.9991125464439392,True,1.0,True,0.9363498091697693,True,True,True,True
5119104866505106757,5119104866505106688,,False,,False,,False,,False,False,False,False
5119328548401928001,5119328548401927936,1.0,True,0.9998512268066406,True,0.948,True,0.5760613083839417,True,True,True,True
5119328548401928003,5119328548401927936,0.994,True,0.9993957281112671,True,0.888,True,0.6061674952507019,True,True,True,True
5124658637176714177,5124658637176714112,0.934,True,0.48490840196609497,True,1.0,True,0.28803855180740356,False,True,True,True
5124658637176714179,5124658637176714112,0.936,True,0.7647647261619568,True,0.934,True,0.2295406460762024,False,True,True,True
5124658637176714181,5124658637176714112,,False,,False,,False,,False,False,False,False
5124658637176714183,5124658637176714112,,False,,False,,False,,False,False,False,False
5124658637176714185,5124658637176714112,,False,,False,,False,,False,False,False,False
5124658637176714187,5124658637176714112,,False,,False,,False,,False,False,False,False
5126705515511054145,5126705515511054080,1.0,True,0.9992520213127136,True,0.994,True,0.7661745548248291,True,True,True,True
5126705515511054147,5126705515511054080,1.0,True,0.9998871088027954,True,0.992,True,0.9646304845809937,True,True,True,True
5126705515511054149,5126705515511054080,1.0,True,0.9999358654022217,True,1.0,True,0.9826409220695496,True,True,True,True
5129319295169295425,5129319295169295360,1.0,True,0.9959210157394409,True,1.0,True,0.891373872756958,True,True,True,True
5129319295169295427,5129319295169295360,0.986,True,0.9909334182739258,True,1.0,True,0.8647393584251404,True,True,True,True
5148785186464567233,5148785186464567168,0.994,True,0.9758104085922241,True,0.986,True,0.22309771180152893,False,True,True,True
5148785186464567235,5148785186464567168,,False,,False,,False,,False,False,False,False
5153686358329651905,5153686358329651840,1.0,True,0.9132608771324158,True,1.0,True,0.8103586435317993,True,True,True,True
5153686358329651907,5153686358329651840,,False,,False,,False,,False,False,False,False
5153828508862119105,5153828508862119040,1.0,True,0.9236085414886475,True,0.998,True,0.7314749956130981,True,True,True,True
5153828508862119107,5153828508862119040,1.0,True,0.9871453046798706,True,0.998,True,0.9216932058334351,True,True,True,True
5153828508862119109,5153828508862119040,0.968,True,0.6288983225822449,True,0.978,True,0.43919306993484497,True,True,True,True
5153828508862119111,5153828508862119040,,False,,False,,False,,False,False,False,False
5174409201871203649,5174409201871203584,0.576,False,0.9986453652381897,True,0.776,True,0.9762170910835266,True,True,True,True
5174409201871203651,5174409201871203584,0.216,False,0.9206135869026184,True,0.806,True,0.26066017150878906,False,True,True,True
5174520832365481409,5174520832365481344,0.838,True,0.844507098197937,True,0.914,True,0.21480685472488403,False,True,True,True
5174520832365481411,5174520832365481344,1.0,True,0.9919735193252563,True,0.974,True,0.6239728331565857,True,True,True,True
5174520832365481413,5174520832365481344,,False,,False,,False,,False,False,False,False
5184007624848901953,5184007624848901888,1.0,True,0.8951245546340942,True,1.0,True,0.9676907062530518,True,True,True,True
5184007624848901955,5184007624848901888,1.0,True,0.9993554949760437,True,1.0,True,0.6380209922790527,True,True,True,True
5261791097486778689,5261791097486778624,0.994,True,0.9971951246261597,True,0.994,True,0.9075649380683899,True,True,True,True
5261791097486778691,5261791097486778624,1.0,True,0.9891852140426636,True,1.0,True,0.13589704036712646,False,True,True,True
5375888625987708097,5375888625987708032,0.478,False,0.8856614828109741,True,0.95,True,0.3252864480018616,False,True,True,True
5375888625987708099,5375888625987708032,0.06,False,0.12478131800889969,False,0.148,False,0.07389771938323975,False,False,False,False
5375888625987708101,5375888625987708032,1.0,True,0.9985954165458679,True,1.0,True,0.8350024223327637,True,True,True,True
5375888625987708103,5375888625987708032,1.0,True,0.9616480469703674,True,1.0,True,0.7484210729598999,True,True,True,True
5475292998353108929,5475292998353108864,1.0,True,0.9932538866996765,True,1.0,True,0.9953331351280212,True,True,True,True
5475292998353108931,5475292998353108864,,False,,False,,False,,False,False,False,False
5566802941656378561,5566802941656378496,0.996,True,0.9986847043037415,True,0.972,True,0.06973736733198166,False,True,True,True
5571267199383508161,5571267199383508096,1.0,True,0.9800289869308472,True,1.0,True,0.1058083102107048,False,True,True,True
5571267199383508163,5571267199383508096,1.0,True,0.982646644115448,True,0.998,True,0.29954737424850464,False,True,True,True
5585883698943303361,5585883698943303296,0.37,False,0.25824859738349915,False,0.542,False,0.09130366146564484,False,False,False,False
5585883698943303363,5585883698943303296,0.862,True,0.4837830662727356,True,0.908,True,0.459715336561203,True,True,True,True
5585883698943303367,5585883698943303296,,False,,False,,False,,False,False,False,False
5585883698943303369,5585883698943303296,,False,,False,,False,,False,False,False,False
5585883698943303373,5585883698943303296,,False,,False,,False,,False,False,False,False
5641500188236488769,5641500188236488704,0.668,False,0.2686569094657898,False,0.95,True,0.4291916489601135,True,False,True,True
5641500188236488771,5641500188236488704,,False,,False,,False,,False,False,False,False
5641500188236488773,5641500188236488704,,False,,False,,False,,False,False,False,False
5641500188236488775,5641500188236488704,,False,,False,,False,,False,False,False,False
5643847512428416449,5643847512428416384,1.0,True,0.999309778213501,True,1.0,True,0.9682497382164001,True,True,True,True
5643847512428416451,5643847512428416384,1.0,True,0.9949072003364563,True,0.998,True,0.6755750775337219,True,True,True,True
5666444778469974721,5666444778469974656,0.088,False,0.03672798350453377,False,0.084,False,0.09372211992740631,False,False,False,False
5666444778469974723,5666444778469974656,1.0,True,0.9995187520980835,True,0.954,True,0.9564681053161621,True,True,True,True
5666444778469974725,5666444778469974656,,False,,False,,False,,False,False,False,False
5668105247186154689,5668105247186154624,0.458,False,0.7960445284843445,True,0.742,True,0.26342034339904785,False,True,True,True
5668105247186154691,5668105247186154624,0.922,True,0.9988085031509399,True,0.968,True,0.950092077255249,True,True,True,True
5672017928032611905,5672017928032611840,0.996,True,0.9942917823791504,True,0.992,True,0.859085738658905,True,True,True,True
5672017928032611907,5672017928032611840,0.8,True,0.3637918531894684,False,0.924,True,0.4338241517543793,True,True,True,True
5687124801186026945,5687124801186026880,0.998,True,0.9999228715896606,True,0.994,True,0.9916547536849976,True,True,True,True
5687124801186026947,5687124801186026880,,False,,False,,False,,False,False,False,False
5691734916002651201,5691734916002651136,0.902,True,0.9949485063552856,True,0.854,True,0.41576552391052246,True,True,True,True
5691734916002651203,5691734916002651136,,False,,False,,False,,False,False,False,False
5691734916002651205,5691734916002651136,,False,,False,,False,,False,False,False,False
5691734916002651207,5691734916002651136,,False,,False,,False,,False,False,False,False
5694395291770945345,5694395291770945280,0.128,False,0.9653928279876709,True,0.284,False,0.7337995171546936,True,True,True,True
5694395291770945347,5694395291770945280,0.024,False,0.2694016396999359,False,0.008,False,0.0721680298447609,False,False,False,False
5694395291770945349,5694395291770945280,1.0,True,0.9989012479782104,True,0.952,True,0.9596230387687683,True,True,True,True
5694395291770945351,5694395291770945280,0.98,True,0.929787278175354,True,0.752,True,0.5347378253936768,True,True,True,True
5742645229241022657,5742645229241022592,,False,,False,,False,,False,False,False,False
6040970427810922561,6040970427810922496,0.994,True,0.9889360070228577,True,0.99,True,0.8648388981819153,True,True,True,True
6040970427810922563,6040970427810922496,0.984,True,0.7017589807510376,True,0.998,True,0.5031908750534058,True,True,True,True
6157733885457412161,6157733885457412096,1.0,True,0.9939957857131958,True,0.948,True,0.7367829084396362,True,True,True,True
6157733885457412163,6157733885457412096,1.0,True,0.9577742218971252,True,1.0,True,0.4886287748813629,True,True,True,True
6159550763996867009,6159550763996866944,1.0,True,0.9991520643234253,True,0.986,True,0.9604663848876953,True,True,True,True
6159550763996867011,6159550763996866944,0.998,True,0.9991445541381836,True,0.996,True,0.9147523045539856,True,True,True,True
6188399539633943361,6188399539633943296,1.0,True,0.9980596899986267,True,0.974,True,0.6862457990646362,True,True,True,True
6188399539633943363,6188399539633943296,0.964,True,0.6682494282722473,True,0.826,True,0.08786115050315857,False,True,True,True
6209097506725007169,6209097506725007104,0.914,True,0.860262930393219,True,0.992,True,0.7495899796485901,True,True,True,True
6209097506725007171,6209097506725007104,0.998,True,0.9911808967590332,True,0.996,True,0.7902203798294067,True,True,True,True
6209097506725007173,6209097506725007104,,False,,False,,False,,False,False,False,False
6209097506725007175,6209097506725007104,,False,,False,,False,,False,False,False,False
6242307087212539841,6242307087212539776,0.986,True,0.9941520094871521,True,1.0,True,0.9358078837394714,True,True,True,True
6242307087212539843,6242307087212539776,,False,,False,,False,,False,False,False,False
6242307087212539845,6242307087212539776,,False,,False,,False,,False,False,False,False
6242307087212539847,6242307087212539776,,False,,False,,False,,False,False,False,False
6263999077242600897,6263999077242600832,0.998,True,0.7694057822227478,True,1.0,True,0.8782604336738586,True,True,True,True
6263999077242600899,6263999077242600832,1.0,True,0.9781726598739624,True,1.0,True,0.8701832294464111,True,True,True,True
6266132198513062593,6266132198513062528,1.0,True,0.9930230379104614,True,1.0,True,0.9056782126426697,True,True,True,True
6266132198513062595,6266132198513062528,0.948,True,0.9753050208091736,True,0.952,True,0.7799257040023804,True,True,True,True
6266132198513062597,6266132198513062528,,False,,False,,False,,False,False,False,False
6266163981271389761,6266163981271389696,0.144,False,0.1661863625049591,False,0.146,False,0.18052461743354797,False,False,False,False
6266163981271389763,6266163981271389696,,False,,False,,False,,False,False,False,False
6274540816767050945,6274540816767050880,0.488,False,0.2434372752904892,False,0.524,False,0.33890387415885925,False,False,False,False
6274540816767050947,6274540816767050880,,False,,False,,False,,False,False,False,False
6274540816767050949,6274540816767050880,,False,,False,,False,,False,False,False,False
6287286424274418241,6287286424274418176,0.992,True,0.9988310933113098,True,0.932,True,0.2871304154396057,False,True,True,True
6287286424274418243,6287286424274418176,,False,,False,,False,,False,False,False,False
6322979148692489025,6322979148692488960,0.072,False,0.12789605557918549,False,0.13,False,0.04453122615814209,False,False,False,False
6322979148692489027,6322979148692488960,,False,,False,,False,,False,False,False,False
6395090511426766145,6395090511426766080,1.0,True,0.9976663589477539,True,1.0,True,0.8341783881187439,True,True,True,True
6395090511426766147,6395090511426766080,,False,,False,,False,,False,False,False,False
6395090511426766149,6395090511426766080,,False,,False,,False,,False,False,False,False
6411021202258686657,6411021202258686592,1.0,True,0.9563689827919006,True,1.0,True,0.6823704838752747,True,True,True,True
6411021202258686659,6411021202258686592,,False,,False,,False,,False,False,False,False
6412034913323287361,6412034913323287296,1.0,True,0.994264543056488,True,1.0,True,0.8763437867164612,True,True,True,True
6412034913323287363,6412034913323287296,,False,,False,,False,,False,False,False,False
6484621514187585729,6484621514187585664,0.184,False,0.3513142168521881,False,0.698,True,0.4812011420726776,True,False,True,True
6484621514187585731,6484621514187585664,,False,,False,,False,,False,False,False,False
6484621514187585733,6484621514187585664,,False,,False,,False,,False,False,False,False
6484621514187585735,6484621514187585664,,False,,False,,False,,False,False,False,False
6484621514187585737,6484621514187585664,,False,,False,,False,,False,False,False,False
6484621514187585739,6484621514187585664,,False,,False,,False,,False,False,False,False
6501210979989061185,6501210979989061120,1.0,True,0.9975714087486267,True,0.994,True,0.9672165513038635,True,True,True,True
6501210979989061187,6501210979989061120,,False,,False,,False,,False,False,False,False
6511169561743297345,6511169561743297280,1.0,True,0.9965193271636963,True,0.906,True,0.987808346748352,True,True,True,True
6511169561743297347,6511169561743297280,1.0,True,0.9999499320983887,True,0.996,True,0.9975100755691528,True,True,True,True
6515130586742238529,6515130586742238464,1.0,True,0.9997523427009583,True,0.984,True,0.7183824777603149,True,True,True,True
6515130586742238531,6515130586742238464,0.85,True,0.2402268946170807,False,0.568,False,0.5026333928108215,True,True,True,True
6521792463269705153,6521792463269705088,1.0,True,0.9995740056037903,True,0.99,True,0.9438201189041138,True,True,True,True
6521792463269705155,6521792463269705088,1.0,True,0.9996645450592041,True,1.0,True,0.9885591864585876,True,True,True,True
6530763065108738241,6530763065108738176,0.982,True,0.9993558526039124,True,1.0,True,0.9962325692176819,True,True,True,True
6530763065108738243,6530763065108738176,,False,,False,,False,,False,False,False,False
6530763065108738245,6530763065108738176,,False,,False,,False,,False,False,False,False
6530870885967224001,6530870885967223936,1.0,True,0.9873813390731812,True,0.966,True,0.42626824975013733,True,True,True,True
6530870885967224003,6530870885967223936,1.0,True,0.9864917397499084,True,0.978,True,0.6236482858657837,True,True,True,True
6564118781857227201,6564118781857227136,1.0,True,0.9961087107658386,True,0.942,True,0.7779423594474792,True,True,True,True
6564118781857227203,6564118781857227136,,False,,False,,False,,False,False,False,False
6571297111022201793,6571297111022201728,1.0,True,0.999811589717865,True,0.996,True,0.8972124457359314,True,True,True,True
6571297111022201795,6571297111022201728,0.998,True,0.9996044039726257,True,0.984,True,0.8118210434913635,True,True,True,True
6574990099996993345,6574990099996993280,0.716,False,0.3007534146308899,False,0.834,True,0.48028862476348877,True,False,True,True
6574990099996993347,6574990099996993280,,False,,False,,False,,False,False,False,False
6578083228069136193,6578083228069136128,1.0,True,0.9848341941833496,True,0.964,True,0.7900174856185913,True,True,True,True
6578083228069136195,6578083228069136128,,False,,False,,False,,False,False,False,False
6599991856246460353,6599991856246460288,0.064,False,0.09681331366300583,False,0.1,False,0.14417606592178345,False,False,False,False
6599991856246460355,6599991856246460288,,False,,False,,False,,False,False,False,False
6599991856246460357,6599991856246460288,,False,,False,,False,,False,False,False,False
6599991856246460359,6599991856246460288,,False,,False,,False,,False,False,False,False
6605186571945821121,6605186571945821056,1.0,True,0.999765932559967,True,0.962,True,0.9164584279060364,True,True,True,True
6605186571945821123,6605186571945821056,1.0,True,0.9459071159362793,True,1.0,True,0.6662570238113403,True,True,True,True
6619041414888454465,6619041414888454400,0.912,True,0.9902319312095642,True,0.81,True,0.5897715091705322,True,True,True,True
6619041414888454467,6619041414888454400,1.0,True,0.9578155279159546,True,1.0,True,0.5790227055549622,True,True,True,True
6674418764698005441,6674418764698005376,0.922,True,0.9900377988815308,True,0.972,True,0.7806413769721985,True,True,True,True
6674418764698005443,6674418764698005376,1.0,True,0.9975249171257019,True,1.0,True,0.7255619764328003,True,True,True,True
6674418764698005445,6674418764698005376,0.946,True,0.9990999698638916,True,0.984,True,0.9256452322006226,True,True,True,True
6674418764698005447,6674418764698005376,1.0,True,0.9963388442993164,True,0.998,True,0.9838600158691406,True,True,True,True
6675746940387128257,6675746940387128192,0.002,False,0.09779257327318192,False,0.008,False,0.003943492192775011,False,False,False,False
6675746940387128259,6675746940387128192,0.226,False,0.2573884129524231,False,0.91,True,0.179996520280838,False,False,True,True
6680426255713853891,6680426255713853824,1.0,True,0.9990936517715454,True,1.0,True,0.3922671675682068,True,True,True,True
6680426255713853893,6680426255713853824,1.0,True,0.9992270469665527,True,0.996,True,0.37326663732528687,False,True,True,True
6681326549578891841,6681326549578891776,0.944,True,0.5759268999099731,True,0.98,True,0.4205492436885834,True,True,True,True
6681326549578891843,6681326549578891776,0.988,True,0.5010392069816589,True,1.0,True,0.7178738117218018,True,True,True,True
6681326549578891845,6681326549578891776,0.904,True,0.40967556834220886,False,0.776,True,0.7396395802497864,True,True,True,True
6681326549578891847,6681326549578891776,0.388,False,0.16973629593849182,False,0.742,True,0.24710185825824738,False,False,True,True
6681326549578891849,6681326549578891776,,False,,False,,False,,False,False,False,False
6681326549578891851,6681326549578891776,,False,,False,,False,,False,False,False,False
6733997962623251905,6733997962623251840,0.054,False,0.25011399388313293,False,0.054,False,0.06200150400400162,False,False,False,False
6733997962623251907,6733997962623251840,0.156,False,0.5990726351737976,True,0.96,True,0.46789267659187317,True,True,True,True
6752010028962613953,6752010028962613888,1.0,True,0.9971121549606323,True,1.0,True,0.8107502460479736,True,True,True,True
6752010028962613955,6752010028962613888,,False,,False,,False,,False,False,False,False
6775750615307601729,6775750615307601664,,False,,False,,False,,False,False,False,False
6775750615307601731,6775750615307601664,,False,,False,,False,,False,False,False,False
6775750615307601733,6775750615307601664,,False,,False,,False,,False,False,False,False
6810217556059370305,6810217556059370240,0.902,True,0.9990333318710327,True,0.93,True,0.683634340763092,True,True,True,True
6810217556059370307,6810217556059370240,0.956,True,0.9884184002876282,True,0.998,True,0.6333258152008057,True,True,True,True
6835936404343298241,6835936404343298176,1.0,True,0.9975175857543945,True,0.922,True,0.9942079782485962,True,True,True,True
6835936404343298243,6835936404343298176,0.992,True,0.948127031326294,True,1.0,True,0.6426246762275696,True,True,True,True
6843364189503761857,6843364189503761792,1.0,True,0.9843924045562744,True,1.0,True,0.9584235548973083,True,True,True,True
6843364189503761859,6843364189503761792,0.282,False,0.264628142118454,False,0.508,False,0.13033072650432587,False,False,False,False
6884039075985949121,6884039075985949056,0.316,False,0.176194429397583,False,0.23,False,0.19901636242866516,False,False,False,False
6884039075985949123,6884039075985949056,,False,,False,,False,,False,False,False,False
6884039075985949125,6884039075985949056,,False,,False,,False,,False,False,False,False
6884039075985949127,6884039075985949056,,False,,False,,False,,False,False,False,False
6896655868835640257,6896655868835640192,0.788,True,0.5814705491065979,True,0.994,True,0.1048884391784668,False,True,True,True
6896655868835640259,6896655868835640192,,False,,False,,False,,False,False,False,False
6896655868835640261,6896655868835640192,,False,,False,,False,,False,False,False,False
6897592820245635393,6897592820245635328,1.0,True,0.9974408149719238,True,1.0,True,0.5109484195709229,True,True,True,True
6897592820245635395,6897592820245635328,,False,,False,,False,,False,False,False,False
6914637621299597889,6914637621299597824,0.958,True,0.9018552899360657,True,0.954,True,0.5649471282958984,True,True,True,True
6914637621299597891,6914637621299597824,1.0,True,0.9995991587638855,True,1.0,True,0.7810303568840027,True,True,True,True
